INFO cocotb: Running command: iverilog -o /home/aman/agcws/out/dma-matched-gls-smoke-v1/sim_build/axi_dma.vvp -D COCOTB_SIM=1 -g2012 -s axi_dma -DFUNCTIONAL -DUNIT_DELAY= -s iverilog_dump /home/aman/agcws/out/axi-dma-synthesis-gls3/mapped.v /opt/eda/ChipSTA/examples/sky130_hd.v /opt/eda/ChipSTA/examples/sky130_hd_primitives.v /home/aman/agcws/out/dma-matched-gls-smoke-v1/sim_build/iverilog_dump.v
INFO cocotb: Running command: vvp -M /home/aman/agcws/.venv/lib/python3.12/site-packages/cocotb/libs -m libcocotbvpi_icarus /home/aman/agcws/out/dma-matched-gls-smoke-v1/sim_build/axi_dma.vvp -fst
INFO cocotb:      -.--ns INFO     gpi                                ..mbed/gpi_embed.cpp:79   in set_program_name_in_venv        Did not detect Python virtual environment. Using system-wide Python interpreter
INFO cocotb:      -.--ns INFO     gpi                                ../gpi/GpiCommon.cpp:101  in gpi_print_registered_impl       VPI registered
INFO cocotb:      0.00ns INFO     cocotb                             Running on Icarus Verilog version 12.0 (stable)
INFO cocotb:      0.00ns INFO     cocotb                             Running tests with cocotb v1.9.2 from /home/aman/agcws/.venv/lib/python3.12/site-packages/cocotb
INFO cocotb:      0.00ns INFO     cocotb                             Seeding Python random module with 1788660999
INFO cocotb:      0.00ns INFO     cocotb.regression                  Found test axi_dma_pipelined_tb.run_workload
INFO cocotb:      0.00ns INFO     cocotb.regression                  running run_workload (1/1)
INFO cocotb:      0.00ns INFO     cocotb.axi_dma.s_axis_read_desc    Reset de-asserted
INFO cocotb:      0.00ns INFO     cocotb.axi_dma.s_axis_write_desc   Reset de-asserted
INFO cocotb:      0.00ns INFO     ...axi_dma.m_axis_read_desc_status Reset de-asserted
INFO cocotb:      0.00ns INFO     ..axi_dma.m_axis_write_desc_status Reset de-asserted
INFO cocotb:      0.00ns INFO     cocotb.axi_dma.m_axis_read_data    AXI stream sink
INFO cocotb:      0.00ns INFO     cocotb.axi_dma.m_axis_read_data    cocotbext-axi version 0.1.28
INFO cocotb:      0.00ns INFO     cocotb.axi_dma.m_axis_read_data    Copyright (c) 2020-2025 Alex Forencich
INFO cocotb:      0.00ns INFO     cocotb.axi_dma.m_axis_read_data    https://github.com/alexforencich/cocotbext-axi
INFO cocotb:      0.00ns INFO     cocotb.axi_dma.m_axis_read_data    AXI stream sink configuration:
INFO cocotb:      0.00ns INFO     cocotb.axi_dma.m_axis_read_data      Byte size: 8 bits
INFO cocotb:      0.00ns INFO     cocotb.axi_dma.m_axis_read_data      Data width: 32 bits (4 bytes)
INFO cocotb:      0.00ns INFO     cocotb.axi_dma.m_axis_read_data    AXI stream sink signals:
INFO cocotb:      0.00ns INFO     cocotb.axi_dma.m_axis_read_data      tdata width: 32 bits
INFO cocotb:      0.00ns INFO     cocotb.axi_dma.m_axis_read_data      tdest width: 8 bits
INFO cocotb:      0.00ns INFO     cocotb.axi_dma.m_axis_read_data      tid width: 8 bits
INFO cocotb:      0.00ns INFO     cocotb.axi_dma.m_axis_read_data      tkeep width: 4 bits
INFO cocotb:      0.00ns INFO     cocotb.axi_dma.m_axis_read_data      tlast width: 1 bits
INFO cocotb:      0.00ns INFO     cocotb.axi_dma.m_axis_read_data      tready width: 1 bits
INFO cocotb:      0.00ns INFO     cocotb.axi_dma.m_axis_read_data      tuser width: 1 bits
INFO cocotb:      0.00ns INFO     cocotb.axi_dma.m_axis_read_data      tvalid width: 1 bits
INFO cocotb:      0.00ns INFO     cocotb.axi_dma.m_axis_read_data    Reset de-asserted
INFO cocotb:      0.00ns INFO     cocotb.axi_dma.s_axis_write_data   AXI stream source
INFO cocotb:      0.00ns INFO     cocotb.axi_dma.s_axis_write_data   cocotbext-axi version 0.1.28
INFO cocotb:      0.00ns INFO     cocotb.axi_dma.s_axis_write_data   Copyright (c) 2020-2025 Alex Forencich
INFO cocotb:      0.00ns INFO     cocotb.axi_dma.s_axis_write_data   https://github.com/alexforencich/cocotbext-axi
INFO cocotb:      0.00ns INFO     cocotb.axi_dma.s_axis_write_data   AXI stream source configuration:
INFO cocotb:      0.00ns INFO     cocotb.axi_dma.s_axis_write_data     Byte size: 8 bits
INFO cocotb:      0.00ns INFO     cocotb.axi_dma.s_axis_write_data     Data width: 32 bits (4 bytes)
INFO cocotb:      0.00ns INFO     cocotb.axi_dma.s_axis_write_data   AXI stream source signals:
INFO cocotb:      0.00ns INFO     cocotb.axi_dma.s_axis_write_data     tdata width: 32 bits
INFO cocotb:      0.00ns INFO     cocotb.axi_dma.s_axis_write_data     tdest width: 8 bits
INFO cocotb:      0.00ns INFO     cocotb.axi_dma.s_axis_write_data     tid width: 8 bits
INFO cocotb:      0.00ns INFO     cocotb.axi_dma.s_axis_write_data     tkeep width: 4 bits
INFO cocotb:      0.00ns INFO     cocotb.axi_dma.s_axis_write_data     tlast width: 1 bits
INFO cocotb:      0.00ns INFO     cocotb.axi_dma.s_axis_write_data     tready width: 1 bits
INFO cocotb:      0.00ns INFO     cocotb.axi_dma.s_axis_write_data     tuser width: 1 bits
INFO cocotb:      0.00ns INFO     cocotb.axi_dma.s_axis_write_data     tvalid width: 1 bits
INFO cocotb:      0.00ns INFO     cocotb.axi_dma.s_axis_write_data   Reset de-asserted
INFO cocotb:      0.00ns INFO     cocotb.axi_dma.m_axi               AXI slave model (write)
INFO cocotb:      0.00ns INFO     cocotb.axi_dma.m_axi               cocotbext-axi version 0.1.28
INFO cocotb:      0.00ns INFO     cocotb.axi_dma.m_axi               Copyright (c) 2021-2025 Alex Forencich
INFO cocotb:      0.00ns INFO     cocotb.axi_dma.m_axi               https://github.com/alexforencich/cocotbext-axi
INFO cocotb:      0.00ns INFO     cocotb.axi_dma.m_axi               Reset de-asserted
INFO cocotb:      0.00ns INFO     cocotb.axi_dma.m_axi               Reset de-asserted
INFO cocotb:      0.00ns INFO     cocotb.axi_dma.m_axi               Reset de-asserted
INFO cocotb:      0.00ns INFO     cocotb.axi_dma.m_axi               AXI slave model configuration:
INFO cocotb:      0.00ns INFO     cocotb.axi_dma.m_axi                 Address width: 16 bits
INFO cocotb:      0.00ns INFO     cocotb.axi_dma.m_axi                 ID width: 8 bits
INFO cocotb:      0.00ns INFO     cocotb.axi_dma.m_axi                 Byte size: 8 bits
INFO cocotb:      0.00ns INFO     cocotb.axi_dma.m_axi                 Data width: 32 bits (4 bytes)
INFO cocotb:      0.00ns INFO     cocotb.axi_dma.m_axi               AXI slave model signals:
INFO cocotb:      0.00ns INFO     cocotb.axi_dma.m_axi                 awaddr width: 16 bits
INFO cocotb:      0.00ns INFO     cocotb.axi_dma.m_axi                 awburst width: 2 bits
INFO cocotb:      0.00ns INFO     cocotb.axi_dma.m_axi                 awcache width: 4 bits
INFO cocotb:      0.00ns INFO     cocotb.axi_dma.m_axi                 awid width: 8 bits
INFO cocotb:      0.00ns INFO     cocotb.axi_dma.m_axi                 awlen width: 8 bits
INFO cocotb:      0.00ns INFO     cocotb.axi_dma.m_axi                 awlock width: 1 bits
INFO cocotb:      0.00ns INFO     cocotb.axi_dma.m_axi                 awprot width: 3 bits
INFO cocotb:      0.00ns INFO     cocotb.axi_dma.m_axi                 awqos: not present
INFO cocotb:      0.00ns INFO     cocotb.axi_dma.m_axi                 awready width: 1 bits
INFO cocotb:      0.00ns INFO     cocotb.axi_dma.m_axi                 awregion: not present
INFO cocotb:      0.00ns INFO     cocotb.axi_dma.m_axi                 awsize width: 3 bits
INFO cocotb:      0.00ns INFO     cocotb.axi_dma.m_axi                 awuser: not present
INFO cocotb:      0.00ns INFO     cocotb.axi_dma.m_axi                 awvalid width: 1 bits
INFO cocotb:      0.00ns INFO     cocotb.axi_dma.m_axi                 wdata width: 32 bits
INFO cocotb:      0.00ns INFO     cocotb.axi_dma.m_axi                 wlast width: 1 bits
INFO cocotb:      0.00ns INFO     cocotb.axi_dma.m_axi                 wready width: 1 bits
INFO cocotb:      0.00ns INFO     cocotb.axi_dma.m_axi                 wstrb width: 4 bits
INFO cocotb:      0.00ns INFO     cocotb.axi_dma.m_axi                 wuser: not present
INFO cocotb:      0.00ns INFO     cocotb.axi_dma.m_axi                 wvalid width: 1 bits
INFO cocotb:      0.00ns INFO     cocotb.axi_dma.m_axi                 bid width: 8 bits
INFO cocotb:      0.00ns INFO     cocotb.axi_dma.m_axi                 bready width: 1 bits
INFO cocotb:      0.00ns INFO     cocotb.axi_dma.m_axi                 bresp width: 2 bits
INFO cocotb:      0.00ns INFO     cocotb.axi_dma.m_axi                 buser: not present
INFO cocotb:      0.00ns INFO     cocotb.axi_dma.m_axi                 bvalid width: 1 bits
INFO cocotb:      0.00ns INFO     cocotb.axi_dma.m_axi               Reset de-asserted
INFO cocotb:      0.00ns INFO     cocotb.axi_dma.m_axi               AXI slave model (read)
INFO cocotb:      0.00ns INFO     cocotb.axi_dma.m_axi               cocotbext-axi version 0.1.28
INFO cocotb:      0.00ns INFO     cocotb.axi_dma.m_axi               Copyright (c) 2021-2025 Alex Forencich
INFO cocotb:      0.00ns INFO     cocotb.axi_dma.m_axi               https://github.com/alexforencich/cocotbext-axi
INFO cocotb:      0.00ns INFO     cocotb.axi_dma.m_axi               Reset de-asserted
INFO cocotb:      0.00ns INFO     cocotb.axi_dma.m_axi               Reset de-asserted
INFO cocotb:      0.00ns INFO     cocotb.axi_dma.m_axi               AXI slave model configuration:
INFO cocotb:      0.00ns INFO     cocotb.axi_dma.m_axi                 Address width: 16 bits
INFO cocotb:      0.00ns INFO     cocotb.axi_dma.m_axi                 ID width: 8 bits
INFO cocotb:      0.00ns INFO     cocotb.axi_dma.m_axi                 Byte size: 8 bits
INFO cocotb:      0.00ns INFO     cocotb.axi_dma.m_axi                 Data width: 32 bits (4 bytes)
INFO cocotb:      0.00ns INFO     cocotb.axi_dma.m_axi               AXI slave model signals:
INFO cocotb:      0.00ns INFO     cocotb.axi_dma.m_axi                 araddr width: 16 bits
INFO cocotb:      0.00ns INFO     cocotb.axi_dma.m_axi                 arburst width: 2 bits
INFO cocotb:      0.00ns INFO     cocotb.axi_dma.m_axi                 arcache width: 4 bits
INFO cocotb:      0.00ns INFO     cocotb.axi_dma.m_axi                 arid width: 8 bits
INFO cocotb:      0.00ns INFO     cocotb.axi_dma.m_axi                 arlen width: 8 bits
INFO cocotb:      0.00ns INFO     cocotb.axi_dma.m_axi                 arlock width: 1 bits
INFO cocotb:      0.00ns INFO     cocotb.axi_dma.m_axi                 arprot width: 3 bits
INFO cocotb:      0.00ns INFO     cocotb.axi_dma.m_axi                 arqos: not present
INFO cocotb:      0.00ns INFO     cocotb.axi_dma.m_axi                 arready width: 1 bits
INFO cocotb:      0.00ns INFO     cocotb.axi_dma.m_axi                 arregion: not present
INFO cocotb:      0.00ns INFO     cocotb.axi_dma.m_axi                 arsize width: 3 bits
INFO cocotb:      0.00ns INFO     cocotb.axi_dma.m_axi                 aruser: not present
INFO cocotb:      0.00ns INFO     cocotb.axi_dma.m_axi                 arvalid width: 1 bits
INFO cocotb:      0.00ns INFO     cocotb.axi_dma.m_axi                 rdata width: 32 bits
INFO cocotb:      0.00ns INFO     cocotb.axi_dma.m_axi                 rid width: 8 bits
INFO cocotb:      0.00ns INFO     cocotb.axi_dma.m_axi                 rlast width: 1 bits
INFO cocotb:      0.00ns INFO     cocotb.axi_dma.m_axi                 rready width: 1 bits
INFO cocotb:      0.00ns INFO     cocotb.axi_dma.m_axi                 rresp width: 2 bits
INFO cocotb:      0.00ns INFO     cocotb.axi_dma.m_axi                 ruser: not present
INFO cocotb:      0.00ns INFO     cocotb.axi_dma.m_axi                 rvalid width: 1 bits
INFO cocotb:      0.00ns INFO     cocotb.axi_dma.m_axi               Reset de-asserted
INFO cocotb:      0.00ns INFO     cocotb.axi_dma.s_axis_read_desc    Reset asserted
INFO cocotb:      0.00ns INFO     cocotb.axi_dma.s_axis_write_desc   Reset asserted
INFO cocotb:      0.00ns INFO     ...axi_dma.m_axis_read_desc_status Reset asserted
INFO cocotb:      0.00ns INFO     ..axi_dma.m_axis_write_desc_status Reset asserted
INFO cocotb:      0.00ns INFO     cocotb.axi_dma.m_axis_read_data    Reset asserted
INFO cocotb:      0.00ns INFO     cocotb.axi_dma.s_axis_write_data   Reset asserted
INFO cocotb:      0.00ns INFO     cocotb.axi_dma.m_axi               Reset asserted
INFO cocotb:      0.00ns INFO     cocotb.axi_dma.m_axi               Reset asserted
INFO cocotb:      0.00ns INFO     cocotb.axi_dma.m_axi               Reset asserted
INFO cocotb:      0.00ns INFO     cocotb.axi_dma.m_axi               Reset asserted
INFO cocotb:      0.00ns INFO     cocotb.axi_dma.m_axi               Reset asserted
INFO cocotb:      0.00ns INFO     cocotb.axi_dma.m_axi               Reset asserted
INFO cocotb:      0.00ns INFO     cocotb.axi_dma.m_axi               Reset asserted
INFO cocotb:     10.00ns INFO     cocotb.axi_dma.s_axis_read_desc    Reset de-asserted
INFO cocotb:     10.00ns INFO     cocotb.axi_dma.s_axis_write_desc   Reset de-asserted
INFO cocotb:     10.00ns INFO     ...axi_dma.m_axis_read_desc_status Reset de-asserted
INFO cocotb:     10.00ns INFO     ..axi_dma.m_axis_write_desc_status Reset de-asserted
INFO cocotb:     10.00ns INFO     cocotb.axi_dma.m_axis_read_data    Reset de-asserted
INFO cocotb:     10.00ns INFO     cocotb.axi_dma.s_axis_write_data   Reset de-asserted
INFO cocotb:     10.00ns INFO     cocotb.axi_dma.m_axi               Reset de-asserted
INFO cocotb:     10.00ns INFO     cocotb.axi_dma.m_axi               Reset de-asserted
INFO cocotb:     10.00ns INFO     cocotb.axi_dma.m_axi               Reset de-asserted
INFO cocotb:     10.00ns INFO     cocotb.axi_dma.m_axi               Reset de-asserted
INFO cocotb:     10.00ns INFO     cocotb.axi_dma.m_axi               Reset de-asserted
INFO cocotb:     10.00ns INFO     cocotb.axi_dma.m_axi               Reset de-asserted
INFO cocotb:     10.00ns INFO     cocotb.axi_dma.m_axi               Reset de-asserted
INFO cocotb:   8930.00ns INFO     cocotb.axi_dma.m_axi               Read burst arid: 0x0 araddr: 0x00000000 arlen: 15 arsize: 2 arprot: 2
INFO cocotb:   9070.00ns INFO     cocotb.axi_dma.m_axi               Read burst arid: 0x0 araddr: 0x00001000 arlen: 15 arsize: 2 arprot: 2
INFO cocotb:   9120.00ns INFO     cocotb.axi_dma.m_axis_read_data    RX frame: AxiStreamFrame(tdata=bytearray(b'\x00\x01\x02\x03\x04\x05\x06\x07\x08\t\n\x0b\x0c\r\x0e\x0f\x10\x11\x12\x13\x14\x15\x16\x17\x18\x19\x1a\x1b\x1c\x1d\x1e\x1f !"#$%&\'()*+,-./0123456789:;<=>?'), tkeep=[1, 1, 1, 1, 1, 1, 1, 1, 1, 1, 1, 1, 1, 1, 1, 1, 1, 1, 1, 1, 1, 1, 1, 1, 1, 1, 1, 1, 1, 1, 1, 1, 1, 1, 1, 1, 1, 1, 1, 1, 1, 1, 1, 1, 1, 1, 1, 1, 1, 1, 1, 1, 1, 1, 1, 1, 1, 1, 1, 1, 1, 1, 1, 1], tid=[0, 0, 0, 0, 0, 0, 0, 0, 0, 0, 0, 0, 0, 0, 0, 0, 0, 0, 0, 0, 0, 0, 0, 0, 0, 0, 0, 0, 0, 0, 0, 0, 0, 0, 0, 0, 0, 0, 0, 0, 0, 0, 0, 0, 0, 0, 0, 0, 0, 0, 0, 0, 0, 0, 0, 0, 0, 0, 0, 0, 0, 0, 0, 0], tdest=[0, 0, 0, 0, 0, 0, 0, 0, 0, 0, 0, 0, 0, 0, 0, 0, 0, 0, 0, 0, 0, 0, 0, 0, 0, 0, 0, 0, 0, 0, 0, 0, 0, 0, 0, 0, 0, 0, 0, 0, 0, 0, 0, 0, 0, 0, 0, 0, 0, 0, 0, 0, 0, 0, 0, 0, 0, 0, 0, 0, 0, 0, 0, 0], tuser=[0, 0, 0, 0, 0, 0, 0, 0, 0, 0, 0, 0, 0, 0, 0, 0, 0, 0, 0, 0, 0, 0, 0, 0, 0, 0, 0, 0, 0, 0, 0, 0, 0, 0, 0, 0, 0, 0, 0, 0, 0, 0, 0, 0, 0, 0, 0, 0, 0, 0, 0, 0, 0, 0, 0, 0, 0, 0, 0, 0, 0, 0, 0, 0], sim_time_start=8970000, sim_time_end=9120000)
INFO cocotb:   9130.00ns INFO     cocotb.axi_dma.s_axis_write_data   TX frame: AxiStreamFrame(tdata=bytearray(b'\x00\x01\x02\x03\x04\x05\x06\x07\x08\t\n\x0b\x0c\r\x0e\x0f\x10\x11\x12\x13\x14\x15\x16\x17\x18\x19\x1a\x1b\x1c\x1d\x1e\x1f !"#$%&\'()*+,-./0123456789:;<=>?'), tkeep=None, tid=1, tdest=None, tuser=None, sim_time_start=9130000, sim_time_end=None)
INFO cocotb:   9150.00ns INFO     cocotb.axi_dma.m_axi               Write burst awid: 0x0 awaddr: 0x00008000 awlen: 15 awsize: 2 awprot: 2
INFO cocotb:   9290.00ns INFO     cocotb.axi_dma.m_axis_read_data    RX frame: AxiStreamFrame(tdata=bytearray(b'\x00\x01\x02\x03\x04\x05\x06\x07\x08\t\n\x0b\x0c\r\x0e\x0f\x10\x11\x12\x13\x14\x15\x16\x17\x18\x19\x1a\x1b\x1c\x1d\x1e\x1f !"#$%&\'()*+,-./0123456789:;<=>?'), tkeep=[1, 1, 1, 1, 1, 1, 1, 1, 1, 1, 1, 1, 1, 1, 1, 1, 1, 1, 1, 1, 1, 1, 1, 1, 1, 1, 1, 1, 1, 1, 1, 1, 1, 1, 1, 1, 1, 1, 1, 1, 1, 1, 1, 1, 1, 1, 1, 1, 1, 1, 1, 1, 1, 1, 1, 1, 1, 1, 1, 1, 1, 1, 1, 1], tid=[0, 0, 0, 0, 0, 0, 0, 0, 0, 0, 0, 0, 0, 0, 0, 0, 0, 0, 0, 0, 0, 0, 0, 0, 0, 0, 0, 0, 0, 0, 0, 0, 0, 0, 0, 0, 0, 0, 0, 0, 0, 0, 0, 0, 0, 0, 0, 0, 0, 0, 0, 0, 0, 0, 0, 0, 0, 0, 0, 0, 0, 0, 0, 0], tdest=[0, 0, 0, 0, 0, 0, 0, 0, 0, 0, 0, 0, 0, 0, 0, 0, 0, 0, 0, 0, 0, 0, 0, 0, 0, 0, 0, 0, 0, 0, 0, 0, 0, 0, 0, 0, 0, 0, 0, 0, 0, 0, 0, 0, 0, 0, 0, 0, 0, 0, 0, 0, 0, 0, 0, 0, 0, 0, 0, 0, 0, 0, 0, 0], tuser=[0, 0, 0, 0, 0, 0, 0, 0, 0, 0, 0, 0, 0, 0, 0, 0, 0, 0, 0, 0, 0, 0, 0, 0, 0, 0, 0, 0, 0, 0, 0, 0, 0, 0, 0, 0, 0, 0, 0, 0, 0, 0, 0, 0, 0, 0, 0, 0, 0, 0, 0, 0, 0, 0, 0, 0, 0, 0, 0, 0, 0, 0, 0, 0], sim_time_start=9140000, sim_time_end=9290000)
INFO cocotb:   9300.00ns INFO     cocotb.axi_dma.s_axis_write_data   TX frame: AxiStreamFrame(tdata=bytearray(b'\x00\x01\x02\x03\x04\x05\x06\x07\x08\t\n\x0b\x0c\r\x0e\x0f\x10\x11\x12\x13\x14\x15\x16\x17\x18\x19\x1a\x1b\x1c\x1d\x1e\x1f !"#$%&\'()*+,-./0123456789:;<=>?'), tkeep=None, tid=2, tdest=None, tuser=None, sim_time_start=9300000, sim_time_end=None)
INFO cocotb:   9330.00ns INFO     cocotb.axi_dma.m_axi               Write burst awid: 0x0 awaddr: 0x00009000 awlen: 15 awsize: 2 awprot: 2
INFO cocotb:   9690.00ns INFO     cocotb.axi_dma.m_axi               Read burst arid: 0x0 araddr: 0x00000000 arlen: 15 arsize: 2 arprot: 2
INFO cocotb:   9830.00ns INFO     cocotb.axi_dma.m_axi               Read burst arid: 0x0 araddr: 0x00001000 arlen: 15 arsize: 2 arprot: 2
INFO cocotb:   9880.00ns INFO     cocotb.axi_dma.m_axis_read_data    RX frame: AxiStreamFrame(tdata=bytearray(b'\x00\x01\x02\x03\x04\x05\x06\x07\x08\t\n\x0b\x0c\r\x0e\x0f\x10\x11\x12\x13\x14\x15\x16\x17\x18\x19\x1a\x1b\x1c\x1d\x1e\x1f !"#$%&\'()*+,-./0123456789:;<=>?'), tkeep=[1, 1, 1, 1, 1, 1, 1, 1, 1, 1, 1, 1, 1, 1, 1, 1, 1, 1, 1, 1, 1, 1, 1, 1, 1, 1, 1, 1, 1, 1, 1, 1, 1, 1, 1, 1, 1, 1, 1, 1, 1, 1, 1, 1, 1, 1, 1, 1, 1, 1, 1, 1, 1, 1, 1, 1, 1, 1, 1, 1, 1, 1, 1, 1], tid=[0, 0, 0, 0, 0, 0, 0, 0, 0, 0, 0, 0, 0, 0, 0, 0, 0, 0, 0, 0, 0, 0, 0, 0, 0, 0, 0, 0, 0, 0, 0, 0, 0, 0, 0, 0, 0, 0, 0, 0, 0, 0, 0, 0, 0, 0, 0, 0, 0, 0, 0, 0, 0, 0, 0, 0, 0, 0, 0, 0, 0, 0, 0, 0], tdest=[0, 0, 0, 0, 0, 0, 0, 0, 0, 0, 0, 0, 0, 0, 0, 0, 0, 0, 0, 0, 0, 0, 0, 0, 0, 0, 0, 0, 0, 0, 0, 0, 0, 0, 0, 0, 0, 0, 0, 0, 0, 0, 0, 0, 0, 0, 0, 0, 0, 0, 0, 0, 0, 0, 0, 0, 0, 0, 0, 0, 0, 0, 0, 0], tuser=[0, 0, 0, 0, 0, 0, 0, 0, 0, 0, 0, 0, 0, 0, 0, 0, 0, 0, 0, 0, 0, 0, 0, 0, 0, 0, 0, 0, 0, 0, 0, 0, 0, 0, 0, 0, 0, 0, 0, 0, 0, 0, 0, 0, 0, 0, 0, 0, 0, 0, 0, 0, 0, 0, 0, 0, 0, 0, 0, 0, 0, 0, 0, 0], sim_time_start=9730000, sim_time_end=9880000)
INFO cocotb:   9890.00ns INFO     cocotb.axi_dma.s_axis_write_data   TX frame: AxiStreamFrame(tdata=bytearray(b'\x00\x01\x02\x03\x04\x05\x06\x07\x08\t\n\x0b\x0c\r\x0e\x0f\x10\x11\x12\x13\x14\x15\x16\x17\x18\x19\x1a\x1b\x1c\x1d\x1e\x1f !"#$%&\'()*+,-./0123456789:;<=>?'), tkeep=None, tid=3, tdest=None, tuser=None, sim_time_start=9890000, sim_time_end=None)
INFO cocotb:   9910.00ns INFO     cocotb.axi_dma.m_axi               Write burst awid: 0x0 awaddr: 0x00008000 awlen: 15 awsize: 2 awprot: 2
INFO cocotb:  10000.00ns INFO     cocotb.axi_dma.m_axi               Read burst arid: 0x0 araddr: 0x00002000 arlen: 15 arsize: 2 arprot: 2
INFO cocotb:  10050.00ns INFO     cocotb.axi_dma.m_axis_read_data    RX frame: AxiStreamFrame(tdata=bytearray(b'\x00\x01\x02\x03\x04\x05\x06\x07\x08\t\n\x0b\x0c\r\x0e\x0f\x10\x11\x12\x13\x14\x15\x16\x17\x18\x19\x1a\x1b\x1c\x1d\x1e\x1f !"#$%&\'()*+,-./0123456789:;<=>?'), tkeep=[1, 1, 1, 1, 1, 1, 1, 1, 1, 1, 1, 1, 1, 1, 1, 1, 1, 1, 1, 1, 1, 1, 1, 1, 1, 1, 1, 1, 1, 1, 1, 1, 1, 1, 1, 1, 1, 1, 1, 1, 1, 1, 1, 1, 1, 1, 1, 1, 1, 1, 1, 1, 1, 1, 1, 1, 1, 1, 1, 1, 1, 1, 1, 1], tid=[0, 0, 0, 0, 0, 0, 0, 0, 0, 0, 0, 0, 0, 0, 0, 0, 0, 0, 0, 0, 0, 0, 0, 0, 0, 0, 0, 0, 0, 0, 0, 0, 0, 0, 0, 0, 0, 0, 0, 0, 0, 0, 0, 0, 0, 0, 0, 0, 0, 0, 0, 0, 0, 0, 0, 0, 0, 0, 0, 0, 0, 0, 0, 0], tdest=[0, 0, 0, 0, 0, 0, 0, 0, 0, 0, 0, 0, 0, 0, 0, 0, 0, 0, 0, 0, 0, 0, 0, 0, 0, 0, 0, 0, 0, 0, 0, 0, 0, 0, 0, 0, 0, 0, 0, 0, 0, 0, 0, 0, 0, 0, 0, 0, 0, 0, 0, 0, 0, 0, 0, 0, 0, 0, 0, 0, 0, 0, 0, 0], tuser=[0, 0, 0, 0, 0, 0, 0, 0, 0, 0, 0, 0, 0, 0, 0, 0, 0, 0, 0, 0, 0, 0, 0, 0, 0, 0, 0, 0, 0, 0, 0, 0, 0, 0, 0, 0, 0, 0, 0, 0, 0, 0, 0, 0, 0, 0, 0, 0, 0, 0, 0, 0, 0, 0, 0, 0, 0, 0, 0, 0, 0, 0, 0, 0], sim_time_start=9900000, sim_time_end=10050000)
INFO cocotb:  10060.00ns INFO     cocotb.axi_dma.s_axis_write_data   TX frame: AxiStreamFrame(tdata=bytearray(b'\x00\x01\x02\x03\x04\x05\x06\x07\x08\t\n\x0b\x0c\r\x0e\x0f\x10\x11\x12\x13\x14\x15\x16\x17\x18\x19\x1a\x1b\x1c\x1d\x1e\x1f !"#$%&\'()*+,-./0123456789:;<=>?'), tkeep=None, tid=4, tdest=None, tuser=None, sim_time_start=10060000, sim_time_end=None)
INFO cocotb:  10090.00ns INFO     cocotb.axi_dma.m_axi               Write burst awid: 0x0 awaddr: 0x00009000 awlen: 15 awsize: 2 awprot: 2
INFO cocotb:  10170.00ns INFO     cocotb.axi_dma.m_axi               Read burst arid: 0x0 araddr: 0x00003000 arlen: 15 arsize: 2 arprot: 2
INFO cocotb:  10220.00ns INFO     cocotb.axi_dma.m_axis_read_data    RX frame: AxiStreamFrame(tdata=bytearray(b'\x00\x01\x02\x03\x04\x05\x06\x07\x08\t\n\x0b\x0c\r\x0e\x0f\x10\x11\x12\x13\x14\x15\x16\x17\x18\x19\x1a\x1b\x1c\x1d\x1e\x1f !"#$%&\'()*+,-./0123456789:;<=>?'), tkeep=[1, 1, 1, 1, 1, 1, 1, 1, 1, 1, 1, 1, 1, 1, 1, 1, 1, 1, 1, 1, 1, 1, 1, 1, 1, 1, 1, 1, 1, 1, 1, 1, 1, 1, 1, 1, 1, 1, 1, 1, 1, 1, 1, 1, 1, 1, 1, 1, 1, 1, 1, 1, 1, 1, 1, 1, 1, 1, 1, 1, 1, 1, 1, 1], tid=[0, 0, 0, 0, 0, 0, 0, 0, 0, 0, 0, 0, 0, 0, 0, 0, 0, 0, 0, 0, 0, 0, 0, 0, 0, 0, 0, 0, 0, 0, 0, 0, 0, 0, 0, 0, 0, 0, 0, 0, 0, 0, 0, 0, 0, 0, 0, 0, 0, 0, 0, 0, 0, 0, 0, 0, 0, 0, 0, 0, 0, 0, 0, 0], tdest=[0, 0, 0, 0, 0, 0, 0, 0, 0, 0, 0, 0, 0, 0, 0, 0, 0, 0, 0, 0, 0, 0, 0, 0, 0, 0, 0, 0, 0, 0, 0, 0, 0, 0, 0, 0, 0, 0, 0, 0, 0, 0, 0, 0, 0, 0, 0, 0, 0, 0, 0, 0, 0, 0, 0, 0, 0, 0, 0, 0, 0, 0, 0, 0], tuser=[0, 0, 0, 0, 0, 0, 0, 0, 0, 0, 0, 0, 0, 0, 0, 0, 0, 0, 0, 0, 0, 0, 0, 0, 0, 0, 0, 0, 0, 0, 0, 0, 0, 0, 0, 0, 0, 0, 0, 0, 0, 0, 0, 0, 0, 0, 0, 0, 0, 0, 0, 0, 0, 0, 0, 0, 0, 0, 0, 0, 0, 0, 0, 0], sim_time_start=10070000, sim_time_end=10220000)
INFO cocotb:  10240.00ns INFO     cocotb.axi_dma.s_axis_write_data   TX frame: AxiStreamFrame(tdata=bytearray(b'\x00\x01\x02\x03\x04\x05\x06\x07\x08\t\n\x0b\x0c\r\x0e\x0f\x10\x11\x12\x13\x14\x15\x16\x17\x18\x19\x1a\x1b\x1c\x1d\x1e\x1f !"#$%&\'()*+,-./0123456789:;<=>?'), tkeep=None, tid=5, tdest=None, tuser=None, sim_time_start=10240000, sim_time_end=None)
INFO cocotb:  10270.00ns INFO     cocotb.axi_dma.m_axi               Write burst awid: 0x0 awaddr: 0x0000a000 awlen: 15 awsize: 2 awprot: 2
INFO cocotb:  10340.00ns INFO     cocotb.axi_dma.m_axi               Read burst arid: 0x0 araddr: 0x00004000 arlen: 15 arsize: 2 arprot: 2
INFO cocotb:  10390.00ns INFO     cocotb.axi_dma.m_axis_read_data    RX frame: AxiStreamFrame(tdata=bytearray(b'\x00\x01\x02\x03\x04\x05\x06\x07\x08\t\n\x0b\x0c\r\x0e\x0f\x10\x11\x12\x13\x14\x15\x16\x17\x18\x19\x1a\x1b\x1c\x1d\x1e\x1f !"#$%&\'()*+,-./0123456789:;<=>?'), tkeep=[1, 1, 1, 1, 1, 1, 1, 1, 1, 1, 1, 1, 1, 1, 1, 1, 1, 1, 1, 1, 1, 1, 1, 1, 1, 1, 1, 1, 1, 1, 1, 1, 1, 1, 1, 1, 1, 1, 1, 1, 1, 1, 1, 1, 1, 1, 1, 1, 1, 1, 1, 1, 1, 1, 1, 1, 1, 1, 1, 1, 1, 1, 1, 1], tid=[0, 0, 0, 0, 0, 0, 0, 0, 0, 0, 0, 0, 0, 0, 0, 0, 0, 0, 0, 0, 0, 0, 0, 0, 0, 0, 0, 0, 0, 0, 0, 0, 0, 0, 0, 0, 0, 0, 0, 0, 0, 0, 0, 0, 0, 0, 0, 0, 0, 0, 0, 0, 0, 0, 0, 0, 0, 0, 0, 0, 0, 0, 0, 0], tdest=[0, 0, 0, 0, 0, 0, 0, 0, 0, 0, 0, 0, 0, 0, 0, 0, 0, 0, 0, 0, 0, 0, 0, 0, 0, 0, 0, 0, 0, 0, 0, 0, 0, 0, 0, 0, 0, 0, 0, 0, 0, 0, 0, 0, 0, 0, 0, 0, 0, 0, 0, 0, 0, 0, 0, 0, 0, 0, 0, 0, 0, 0, 0, 0], tuser=[0, 0, 0, 0, 0, 0, 0, 0, 0, 0, 0, 0, 0, 0, 0, 0, 0, 0, 0, 0, 0, 0, 0, 0, 0, 0, 0, 0, 0, 0, 0, 0, 0, 0, 0, 0, 0, 0, 0, 0, 0, 0, 0, 0, 0, 0, 0, 0, 0, 0, 0, 0, 0, 0, 0, 0, 0, 0, 0, 0, 0, 0, 0, 0], sim_time_start=10240000, sim_time_end=10390000)
INFO cocotb:  10420.00ns INFO     cocotb.axi_dma.s_axis_write_data   TX frame: AxiStreamFrame(tdata=bytearray(b'\x00\x01\x02\x03\x04\x05\x06\x07\x08\t\n\x0b\x0c\r\x0e\x0f\x10\x11\x12\x13\x14\x15\x16\x17\x18\x19\x1a\x1b\x1c\x1d\x1e\x1f !"#$%&\'()*+,-./0123456789:;<=>?'), tkeep=None, tid=6, tdest=None, tuser=None, sim_time_start=10420000, sim_time_end=None)
INFO cocotb:  10450.00ns INFO     cocotb.axi_dma.m_axi               Write burst awid: 0x0 awaddr: 0x0000b000 awlen: 15 awsize: 2 awprot: 2
INFO cocotb:  10560.00ns INFO     cocotb.axi_dma.m_axis_read_data    RX frame: AxiStreamFrame(tdata=bytearray(b'\x00\x01\x02\x03\x04\x05\x06\x07\x08\t\n\x0b\x0c\r\x0e\x0f\x10\x11\x12\x13\x14\x15\x16\x17\x18\x19\x1a\x1b\x1c\x1d\x1e\x1f !"#$%&\'()*+,-./0123456789:;<=>?'), tkeep=[1, 1, 1, 1, 1, 1, 1, 1, 1, 1, 1, 1, 1, 1, 1, 1, 1, 1, 1, 1, 1, 1, 1, 1, 1, 1, 1, 1, 1, 1, 1, 1, 1, 1, 1, 1, 1, 1, 1, 1, 1, 1, 1, 1, 1, 1, 1, 1, 1, 1, 1, 1, 1, 1, 1, 1, 1, 1, 1, 1, 1, 1, 1, 1], tid=[0, 0, 0, 0, 0, 0, 0, 0, 0, 0, 0, 0, 0, 0, 0, 0, 0, 0, 0, 0, 0, 0, 0, 0, 0, 0, 0, 0, 0, 0, 0, 0, 0, 0, 0, 0, 0, 0, 0, 0, 0, 0, 0, 0, 0, 0, 0, 0, 0, 0, 0, 0, 0, 0, 0, 0, 0, 0, 0, 0, 0, 0, 0, 0], tdest=[0, 0, 0, 0, 0, 0, 0, 0, 0, 0, 0, 0, 0, 0, 0, 0, 0, 0, 0, 0, 0, 0, 0, 0, 0, 0, 0, 0, 0, 0, 0, 0, 0, 0, 0, 0, 0, 0, 0, 0, 0, 0, 0, 0, 0, 0, 0, 0, 0, 0, 0, 0, 0, 0, 0, 0, 0, 0, 0, 0, 0, 0, 0, 0], tuser=[0, 0, 0, 0, 0, 0, 0, 0, 0, 0, 0, 0, 0, 0, 0, 0, 0, 0, 0, 0, 0, 0, 0, 0, 0, 0, 0, 0, 0, 0, 0, 0, 0, 0, 0, 0, 0, 0, 0, 0, 0, 0, 0, 0, 0, 0, 0, 0, 0, 0, 0, 0, 0, 0, 0, 0, 0, 0, 0, 0, 0, 0, 0, 0], sim_time_start=10410000, sim_time_end=10560000)
INFO cocotb:  10600.00ns INFO     cocotb.axi_dma.s_axis_write_data   TX frame: AxiStreamFrame(tdata=bytearray(b'\x00\x01\x02\x03\x04\x05\x06\x07\x08\t\n\x0b\x0c\r\x0e\x0f\x10\x11\x12\x13\x14\x15\x16\x17\x18\x19\x1a\x1b\x1c\x1d\x1e\x1f !"#$%&\'()*+,-./0123456789:;<=>?'), tkeep=None, tid=7, tdest=None, tuser=None, sim_time_start=10600000, sim_time_end=None)
INFO cocotb:  10630.00ns INFO     cocotb.axi_dma.m_axi               Write burst awid: 0x0 awaddr: 0x0000c000 awlen: 15 awsize: 2 awprot: 2
INFO cocotb:  19860.00ns INFO     cocotb.axi_dma.m_axi               Read burst arid: 0x0 araddr: 0x00000000 arlen: 15 arsize: 2 arprot: 2
INFO cocotb:  20000.00ns INFO     cocotb.axi_dma.m_axi               Read burst arid: 0x0 araddr: 0x00001000 arlen: 15 arsize: 2 arprot: 2
INFO cocotb:  20050.00ns INFO     cocotb.axi_dma.m_axis_read_data    RX frame: AxiStreamFrame(tdata=bytearray(b'\x00\x01\x02\x03\x04\x05\x06\x07\x08\t\n\x0b\x0c\r\x0e\x0f\x10\x11\x12\x13\x14\x15\x16\x17\x18\x19\x1a\x1b\x1c\x1d\x1e\x1f !"#$%&\'()*+,-./0123456789:;<=>?'), tkeep=[1, 1, 1, 1, 1, 1, 1, 1, 1, 1, 1, 1, 1, 1, 1, 1, 1, 1, 1, 1, 1, 1, 1, 1, 1, 1, 1, 1, 1, 1, 1, 1, 1, 1, 1, 1, 1, 1, 1, 1, 1, 1, 1, 1, 1, 1, 1, 1, 1, 1, 1, 1, 1, 1, 1, 1, 1, 1, 1, 1, 1, 1, 1, 1], tid=[0, 0, 0, 0, 0, 0, 0, 0, 0, 0, 0, 0, 0, 0, 0, 0, 0, 0, 0, 0, 0, 0, 0, 0, 0, 0, 0, 0, 0, 0, 0, 0, 0, 0, 0, 0, 0, 0, 0, 0, 0, 0, 0, 0, 0, 0, 0, 0, 0, 0, 0, 0, 0, 0, 0, 0, 0, 0, 0, 0, 0, 0, 0, 0], tdest=[0, 0, 0, 0, 0, 0, 0, 0, 0, 0, 0, 0, 0, 0, 0, 0, 0, 0, 0, 0, 0, 0, 0, 0, 0, 0, 0, 0, 0, 0, 0, 0, 0, 0, 0, 0, 0, 0, 0, 0, 0, 0, 0, 0, 0, 0, 0, 0, 0, 0, 0, 0, 0, 0, 0, 0, 0, 0, 0, 0, 0, 0, 0, 0], tuser=[0, 0, 0, 0, 0, 0, 0, 0, 0, 0, 0, 0, 0, 0, 0, 0, 0, 0, 0, 0, 0, 0, 0, 0, 0, 0, 0, 0, 0, 0, 0, 0, 0, 0, 0, 0, 0, 0, 0, 0, 0, 0, 0, 0, 0, 0, 0, 0, 0, 0, 0, 0, 0, 0, 0, 0, 0, 0, 0, 0, 0, 0, 0, 0], sim_time_start=19900000, sim_time_end=20050000)
INFO cocotb:  20060.00ns INFO     cocotb.axi_dma.s_axis_write_data   TX frame: AxiStreamFrame(tdata=bytearray(b'\x00\x01\x02\x03\x04\x05\x06\x07\x08\t\n\x0b\x0c\r\x0e\x0f\x10\x11\x12\x13\x14\x15\x16\x17\x18\x19\x1a\x1b\x1c\x1d\x1e\x1f !"#$%&\'()*+,-./0123456789:;<=>?'), tkeep=None, tid=8, tdest=None, tuser=None, sim_time_start=20060000, sim_time_end=None)
INFO cocotb:  20080.00ns INFO     cocotb.axi_dma.m_axi               Write burst awid: 0x0 awaddr: 0x00008000 awlen: 15 awsize: 2 awprot: 2
INFO cocotb:  20220.00ns INFO     cocotb.axi_dma.m_axis_read_data    RX frame: AxiStreamFrame(tdata=bytearray(b'\x00\x01\x02\x03\x04\x05\x06\x07\x08\t\n\x0b\x0c\r\x0e\x0f\x10\x11\x12\x13\x14\x15\x16\x17\x18\x19\x1a\x1b\x1c\x1d\x1e\x1f !"#$%&\'()*+,-./0123456789:;<=>?'), tkeep=[1, 1, 1, 1, 1, 1, 1, 1, 1, 1, 1, 1, 1, 1, 1, 1, 1, 1, 1, 1, 1, 1, 1, 1, 1, 1, 1, 1, 1, 1, 1, 1, 1, 1, 1, 1, 1, 1, 1, 1, 1, 1, 1, 1, 1, 1, 1, 1, 1, 1, 1, 1, 1, 1, 1, 1, 1, 1, 1, 1, 1, 1, 1, 1], tid=[0, 0, 0, 0, 0, 0, 0, 0, 0, 0, 0, 0, 0, 0, 0, 0, 0, 0, 0, 0, 0, 0, 0, 0, 0, 0, 0, 0, 0, 0, 0, 0, 0, 0, 0, 0, 0, 0, 0, 0, 0, 0, 0, 0, 0, 0, 0, 0, 0, 0, 0, 0, 0, 0, 0, 0, 0, 0, 0, 0, 0, 0, 0, 0], tdest=[0, 0, 0, 0, 0, 0, 0, 0, 0, 0, 0, 0, 0, 0, 0, 0, 0, 0, 0, 0, 0, 0, 0, 0, 0, 0, 0, 0, 0, 0, 0, 0, 0, 0, 0, 0, 0, 0, 0, 0, 0, 0, 0, 0, 0, 0, 0, 0, 0, 0, 0, 0, 0, 0, 0, 0, 0, 0, 0, 0, 0, 0, 0, 0], tuser=[0, 0, 0, 0, 0, 0, 0, 0, 0, 0, 0, 0, 0, 0, 0, 0, 0, 0, 0, 0, 0, 0, 0, 0, 0, 0, 0, 0, 0, 0, 0, 0, 0, 0, 0, 0, 0, 0, 0, 0, 0, 0, 0, 0, 0, 0, 0, 0, 0, 0, 0, 0, 0, 0, 0, 0, 0, 0, 0, 0, 0, 0, 0, 0], sim_time_start=20070000, sim_time_end=20220000)
INFO cocotb:  20230.00ns INFO     cocotb.axi_dma.s_axis_write_data   TX frame: AxiStreamFrame(tdata=bytearray(b'\x00\x01\x02\x03\x04\x05\x06\x07\x08\t\n\x0b\x0c\r\x0e\x0f\x10\x11\x12\x13\x14\x15\x16\x17\x18\x19\x1a\x1b\x1c\x1d\x1e\x1f !"#$%&\'()*+,-./0123456789:;<=>?'), tkeep=None, tid=9, tdest=None, tuser=None, sim_time_start=20230000, sim_time_end=None)
INFO cocotb:  20260.00ns INFO     cocotb.axi_dma.m_axi               Write burst awid: 0x0 awaddr: 0x00009000 awlen: 15 awsize: 2 awprot: 2
INFO cocotb:  36190.00ns INFO     cocotb.axi_dma.m_axi               Read burst arid: 0x0 araddr: 0x00000000 arlen: 15 arsize: 2 arprot: 2
INFO cocotb:  36330.00ns INFO     cocotb.axi_dma.m_axi               Read burst arid: 0x0 araddr: 0x00001000 arlen: 15 arsize: 2 arprot: 2
INFO cocotb:  36380.00ns INFO     cocotb.axi_dma.m_axis_read_data    RX frame: AxiStreamFrame(tdata=bytearray(b'\x00\x01\x02\x03\x04\x05\x06\x07\x08\t\n\x0b\x0c\r\x0e\x0f\x10\x11\x12\x13\x14\x15\x16\x17\x18\x19\x1a\x1b\x1c\x1d\x1e\x1f !"#$%&\'()*+,-./0123456789:;<=>?'), tkeep=[1, 1, 1, 1, 1, 1, 1, 1, 1, 1, 1, 1, 1, 1, 1, 1, 1, 1, 1, 1, 1, 1, 1, 1, 1, 1, 1, 1, 1, 1, 1, 1, 1, 1, 1, 1, 1, 1, 1, 1, 1, 1, 1, 1, 1, 1, 1, 1, 1, 1, 1, 1, 1, 1, 1, 1, 1, 1, 1, 1, 1, 1, 1, 1], tid=[0, 0, 0, 0, 0, 0, 0, 0, 0, 0, 0, 0, 0, 0, 0, 0, 0, 0, 0, 0, 0, 0, 0, 0, 0, 0, 0, 0, 0, 0, 0, 0, 0, 0, 0, 0, 0, 0, 0, 0, 0, 0, 0, 0, 0, 0, 0, 0, 0, 0, 0, 0, 0, 0, 0, 0, 0, 0, 0, 0, 0, 0, 0, 0], tdest=[0, 0, 0, 0, 0, 0, 0, 0, 0, 0, 0, 0, 0, 0, 0, 0, 0, 0, 0, 0, 0, 0, 0, 0, 0, 0, 0, 0, 0, 0, 0, 0, 0, 0, 0, 0, 0, 0, 0, 0, 0, 0, 0, 0, 0, 0, 0, 0, 0, 0, 0, 0, 0, 0, 0, 0, 0, 0, 0, 0, 0, 0, 0, 0], tuser=[0, 0, 0, 0, 0, 0, 0, 0, 0, 0, 0, 0, 0, 0, 0, 0, 0, 0, 0, 0, 0, 0, 0, 0, 0, 0, 0, 0, 0, 0, 0, 0, 0, 0, 0, 0, 0, 0, 0, 0, 0, 0, 0, 0, 0, 0, 0, 0, 0, 0, 0, 0, 0, 0, 0, 0, 0, 0, 0, 0, 0, 0, 0, 0], sim_time_start=36230000, sim_time_end=36380000)
INFO cocotb:  36390.00ns INFO     cocotb.axi_dma.s_axis_write_data   TX frame: AxiStreamFrame(tdata=bytearray(b'\x00\x01\x02\x03\x04\x05\x06\x07\x08\t\n\x0b\x0c\r\x0e\x0f\x10\x11\x12\x13\x14\x15\x16\x17\x18\x19\x1a\x1b\x1c\x1d\x1e\x1f !"#$%&\'()*+,-./0123456789:;<=>?'), tkeep=None, tid=10, tdest=None, tuser=None, sim_time_start=36390000, sim_time_end=None)
INFO cocotb:  36410.00ns INFO     cocotb.axi_dma.m_axi               Write burst awid: 0x0 awaddr: 0x00008000 awlen: 15 awsize: 2 awprot: 2
INFO cocotb:  36500.00ns INFO     cocotb.axi_dma.m_axi               Read burst arid: 0x0 araddr: 0x00002000 arlen: 15 arsize: 2 arprot: 2
INFO cocotb:  36550.00ns INFO     cocotb.axi_dma.m_axis_read_data    RX frame: AxiStreamFrame(tdata=bytearray(b'\x00\x01\x02\x03\x04\x05\x06\x07\x08\t\n\x0b\x0c\r\x0e\x0f\x10\x11\x12\x13\x14\x15\x16\x17\x18\x19\x1a\x1b\x1c\x1d\x1e\x1f !"#$%&\'()*+,-./0123456789:;<=>?'), tkeep=[1, 1, 1, 1, 1, 1, 1, 1, 1, 1, 1, 1, 1, 1, 1, 1, 1, 1, 1, 1, 1, 1, 1, 1, 1, 1, 1, 1, 1, 1, 1, 1, 1, 1, 1, 1, 1, 1, 1, 1, 1, 1, 1, 1, 1, 1, 1, 1, 1, 1, 1, 1, 1, 1, 1, 1, 1, 1, 1, 1, 1, 1, 1, 1], tid=[0, 0, 0, 0, 0, 0, 0, 0, 0, 0, 0, 0, 0, 0, 0, 0, 0, 0, 0, 0, 0, 0, 0, 0, 0, 0, 0, 0, 0, 0, 0, 0, 0, 0, 0, 0, 0, 0, 0, 0, 0, 0, 0, 0, 0, 0, 0, 0, 0, 0, 0, 0, 0, 0, 0, 0, 0, 0, 0, 0, 0, 0, 0, 0], tdest=[0, 0, 0, 0, 0, 0, 0, 0, 0, 0, 0, 0, 0, 0, 0, 0, 0, 0, 0, 0, 0, 0, 0, 0, 0, 0, 0, 0, 0, 0, 0, 0, 0, 0, 0, 0, 0, 0, 0, 0, 0, 0, 0, 0, 0, 0, 0, 0, 0, 0, 0, 0, 0, 0, 0, 0, 0, 0, 0, 0, 0, 0, 0, 0], tuser=[0, 0, 0, 0, 0, 0, 0, 0, 0, 0, 0, 0, 0, 0, 0, 0, 0, 0, 0, 0, 0, 0, 0, 0, 0, 0, 0, 0, 0, 0, 0, 0, 0, 0, 0, 0, 0, 0, 0, 0, 0, 0, 0, 0, 0, 0, 0, 0, 0, 0, 0, 0, 0, 0, 0, 0, 0, 0, 0, 0, 0, 0, 0, 0], sim_time_start=36400000, sim_time_end=36550000)
INFO cocotb:  36560.00ns INFO     cocotb.axi_dma.s_axis_write_data   TX frame: AxiStreamFrame(tdata=bytearray(b'\x00\x01\x02\x03\x04\x05\x06\x07\x08\t\n\x0b\x0c\r\x0e\x0f\x10\x11\x12\x13\x14\x15\x16\x17\x18\x19\x1a\x1b\x1c\x1d\x1e\x1f !"#$%&\'()*+,-./0123456789:;<=>?'), tkeep=None, tid=11, tdest=None, tuser=None, sim_time_start=36560000, sim_time_end=None)
INFO cocotb:  36590.00ns INFO     cocotb.axi_dma.m_axi               Write burst awid: 0x0 awaddr: 0x00009000 awlen: 15 awsize: 2 awprot: 2
INFO cocotb:  36670.00ns INFO     cocotb.axi_dma.m_axi               Read burst arid: 0x0 araddr: 0x00003000 arlen: 15 arsize: 2 arprot: 2
INFO cocotb:  36720.00ns INFO     cocotb.axi_dma.m_axis_read_data    RX frame: AxiStreamFrame(tdata=bytearray(b'\x00\x01\x02\x03\x04\x05\x06\x07\x08\t\n\x0b\x0c\r\x0e\x0f\x10\x11\x12\x13\x14\x15\x16\x17\x18\x19\x1a\x1b\x1c\x1d\x1e\x1f !"#$%&\'()*+,-./0123456789:;<=>?'), tkeep=[1, 1, 1, 1, 1, 1, 1, 1, 1, 1, 1, 1, 1, 1, 1, 1, 1, 1, 1, 1, 1, 1, 1, 1, 1, 1, 1, 1, 1, 1, 1, 1, 1, 1, 1, 1, 1, 1, 1, 1, 1, 1, 1, 1, 1, 1, 1, 1, 1, 1, 1, 1, 1, 1, 1, 1, 1, 1, 1, 1, 1, 1, 1, 1], tid=[0, 0, 0, 0, 0, 0, 0, 0, 0, 0, 0, 0, 0, 0, 0, 0, 0, 0, 0, 0, 0, 0, 0, 0, 0, 0, 0, 0, 0, 0, 0, 0, 0, 0, 0, 0, 0, 0, 0, 0, 0, 0, 0, 0, 0, 0, 0, 0, 0, 0, 0, 0, 0, 0, 0, 0, 0, 0, 0, 0, 0, 0, 0, 0], tdest=[0, 0, 0, 0, 0, 0, 0, 0, 0, 0, 0, 0, 0, 0, 0, 0, 0, 0, 0, 0, 0, 0, 0, 0, 0, 0, 0, 0, 0, 0, 0, 0, 0, 0, 0, 0, 0, 0, 0, 0, 0, 0, 0, 0, 0, 0, 0, 0, 0, 0, 0, 0, 0, 0, 0, 0, 0, 0, 0, 0, 0, 0, 0, 0], tuser=[0, 0, 0, 0, 0, 0, 0, 0, 0, 0, 0, 0, 0, 0, 0, 0, 0, 0, 0, 0, 0, 0, 0, 0, 0, 0, 0, 0, 0, 0, 0, 0, 0, 0, 0, 0, 0, 0, 0, 0, 0, 0, 0, 0, 0, 0, 0, 0, 0, 0, 0, 0, 0, 0, 0, 0, 0, 0, 0, 0, 0, 0, 0, 0], sim_time_start=36570000, sim_time_end=36720000)
INFO cocotb:  36740.00ns INFO     cocotb.axi_dma.s_axis_write_data   TX frame: AxiStreamFrame(tdata=bytearray(b'\x00\x01\x02\x03\x04\x05\x06\x07\x08\t\n\x0b\x0c\r\x0e\x0f\x10\x11\x12\x13\x14\x15\x16\x17\x18\x19\x1a\x1b\x1c\x1d\x1e\x1f !"#$%&\'()*+,-./0123456789:;<=>?'), tkeep=None, tid=12, tdest=None, tuser=None, sim_time_start=36740000, sim_time_end=None)
INFO cocotb:  36770.00ns INFO     cocotb.axi_dma.m_axi               Write burst awid: 0x0 awaddr: 0x0000a000 awlen: 15 awsize: 2 awprot: 2
INFO cocotb:  36840.00ns INFO     cocotb.axi_dma.m_axi               Read burst arid: 0x0 araddr: 0x00004000 arlen: 15 arsize: 2 arprot: 2
INFO cocotb:  36890.00ns INFO     cocotb.axi_dma.m_axis_read_data    RX frame: AxiStreamFrame(tdata=bytearray(b'\x00\x01\x02\x03\x04\x05\x06\x07\x08\t\n\x0b\x0c\r\x0e\x0f\x10\x11\x12\x13\x14\x15\x16\x17\x18\x19\x1a\x1b\x1c\x1d\x1e\x1f !"#$%&\'()*+,-./0123456789:;<=>?'), tkeep=[1, 1, 1, 1, 1, 1, 1, 1, 1, 1, 1, 1, 1, 1, 1, 1, 1, 1, 1, 1, 1, 1, 1, 1, 1, 1, 1, 1, 1, 1, 1, 1, 1, 1, 1, 1, 1, 1, 1, 1, 1, 1, 1, 1, 1, 1, 1, 1, 1, 1, 1, 1, 1, 1, 1, 1, 1, 1, 1, 1, 1, 1, 1, 1], tid=[0, 0, 0, 0, 0, 0, 0, 0, 0, 0, 0, 0, 0, 0, 0, 0, 0, 0, 0, 0, 0, 0, 0, 0, 0, 0, 0, 0, 0, 0, 0, 0, 0, 0, 0, 0, 0, 0, 0, 0, 0, 0, 0, 0, 0, 0, 0, 0, 0, 0, 0, 0, 0, 0, 0, 0, 0, 0, 0, 0, 0, 0, 0, 0], tdest=[0, 0, 0, 0, 0, 0, 0, 0, 0, 0, 0, 0, 0, 0, 0, 0, 0, 0, 0, 0, 0, 0, 0, 0, 0, 0, 0, 0, 0, 0, 0, 0, 0, 0, 0, 0, 0, 0, 0, 0, 0, 0, 0, 0, 0, 0, 0, 0, 0, 0, 0, 0, 0, 0, 0, 0, 0, 0, 0, 0, 0, 0, 0, 0], tuser=[0, 0, 0, 0, 0, 0, 0, 0, 0, 0, 0, 0, 0, 0, 0, 0, 0, 0, 0, 0, 0, 0, 0, 0, 0, 0, 0, 0, 0, 0, 0, 0, 0, 0, 0, 0, 0, 0, 0, 0, 0, 0, 0, 0, 0, 0, 0, 0, 0, 0, 0, 0, 0, 0, 0, 0, 0, 0, 0, 0, 0, 0, 0, 0], sim_time_start=36740000, sim_time_end=36890000)
INFO cocotb:  36920.00ns INFO     cocotb.axi_dma.s_axis_write_data   TX frame: AxiStreamFrame(tdata=bytearray(b'\x00\x01\x02\x03\x04\x05\x06\x07\x08\t\n\x0b\x0c\r\x0e\x0f\x10\x11\x12\x13\x14\x15\x16\x17\x18\x19\x1a\x1b\x1c\x1d\x1e\x1f !"#$%&\'()*+,-./0123456789:;<=>?'), tkeep=None, tid=13, tdest=None, tuser=None, sim_time_start=36920000, sim_time_end=None)
INFO cocotb:  36950.00ns INFO     cocotb.axi_dma.m_axi               Write burst awid: 0x0 awaddr: 0x0000b000 awlen: 15 awsize: 2 awprot: 2
INFO cocotb:  37010.00ns INFO     cocotb.axi_dma.m_axi               Read burst arid: 0x0 araddr: 0x00005000 arlen: 15 arsize: 2 arprot: 2
INFO cocotb:  37060.00ns INFO     cocotb.axi_dma.m_axis_read_data    RX frame: AxiStreamFrame(tdata=bytearray(b'\x00\x01\x02\x03\x04\x05\x06\x07\x08\t\n\x0b\x0c\r\x0e\x0f\x10\x11\x12\x13\x14\x15\x16\x17\x18\x19\x1a\x1b\x1c\x1d\x1e\x1f !"#$%&\'()*+,-./0123456789:;<=>?'), tkeep=[1, 1, 1, 1, 1, 1, 1, 1, 1, 1, 1, 1, 1, 1, 1, 1, 1, 1, 1, 1, 1, 1, 1, 1, 1, 1, 1, 1, 1, 1, 1, 1, 1, 1, 1, 1, 1, 1, 1, 1, 1, 1, 1, 1, 1, 1, 1, 1, 1, 1, 1, 1, 1, 1, 1, 1, 1, 1, 1, 1, 1, 1, 1, 1], tid=[0, 0, 0, 0, 0, 0, 0, 0, 0, 0, 0, 0, 0, 0, 0, 0, 0, 0, 0, 0, 0, 0, 0, 0, 0, 0, 0, 0, 0, 0, 0, 0, 0, 0, 0, 0, 0, 0, 0, 0, 0, 0, 0, 0, 0, 0, 0, 0, 0, 0, 0, 0, 0, 0, 0, 0, 0, 0, 0, 0, 0, 0, 0, 0], tdest=[0, 0, 0, 0, 0, 0, 0, 0, 0, 0, 0, 0, 0, 0, 0, 0, 0, 0, 0, 0, 0, 0, 0, 0, 0, 0, 0, 0, 0, 0, 0, 0, 0, 0, 0, 0, 0, 0, 0, 0, 0, 0, 0, 0, 0, 0, 0, 0, 0, 0, 0, 0, 0, 0, 0, 0, 0, 0, 0, 0, 0, 0, 0, 0], tuser=[0, 0, 0, 0, 0, 0, 0, 0, 0, 0, 0, 0, 0, 0, 0, 0, 0, 0, 0, 0, 0, 0, 0, 0, 0, 0, 0, 0, 0, 0, 0, 0, 0, 0, 0, 0, 0, 0, 0, 0, 0, 0, 0, 0, 0, 0, 0, 0, 0, 0, 0, 0, 0, 0, 0, 0, 0, 0, 0, 0, 0, 0, 0, 0], sim_time_start=36910000, sim_time_end=37060000)
INFO cocotb:  37100.00ns INFO     cocotb.axi_dma.s_axis_write_data   TX frame: AxiStreamFrame(tdata=bytearray(b'\x00\x01\x02\x03\x04\x05\x06\x07\x08\t\n\x0b\x0c\r\x0e\x0f\x10\x11\x12\x13\x14\x15\x16\x17\x18\x19\x1a\x1b\x1c\x1d\x1e\x1f !"#$%&\'()*+,-./0123456789:;<=>?'), tkeep=None, tid=14, tdest=None, tuser=None, sim_time_start=37100000, sim_time_end=None)
INFO cocotb:  37130.00ns INFO     cocotb.axi_dma.m_axi               Write burst awid: 0x0 awaddr: 0x0000c000 awlen: 15 awsize: 2 awprot: 2
INFO cocotb:  37180.00ns INFO     cocotb.axi_dma.m_axi               Read burst arid: 0x0 araddr: 0x00006000 arlen: 15 arsize: 2 arprot: 2
INFO cocotb:  37230.00ns INFO     cocotb.axi_dma.m_axis_read_data    RX frame: AxiStreamFrame(tdata=bytearray(b'\x00\x01\x02\x03\x04\x05\x06\x07\x08\t\n\x0b\x0c\r\x0e\x0f\x10\x11\x12\x13\x14\x15\x16\x17\x18\x19\x1a\x1b\x1c\x1d\x1e\x1f !"#$%&\'()*+,-./0123456789:;<=>?'), tkeep=[1, 1, 1, 1, 1, 1, 1, 1, 1, 1, 1, 1, 1, 1, 1, 1, 1, 1, 1, 1, 1, 1, 1, 1, 1, 1, 1, 1, 1, 1, 1, 1, 1, 1, 1, 1, 1, 1, 1, 1, 1, 1, 1, 1, 1, 1, 1, 1, 1, 1, 1, 1, 1, 1, 1, 1, 1, 1, 1, 1, 1, 1, 1, 1], tid=[0, 0, 0, 0, 0, 0, 0, 0, 0, 0, 0, 0, 0, 0, 0, 0, 0, 0, 0, 0, 0, 0, 0, 0, 0, 0, 0, 0, 0, 0, 0, 0, 0, 0, 0, 0, 0, 0, 0, 0, 0, 0, 0, 0, 0, 0, 0, 0, 0, 0, 0, 0, 0, 0, 0, 0, 0, 0, 0, 0, 0, 0, 0, 0], tdest=[0, 0, 0, 0, 0, 0, 0, 0, 0, 0, 0, 0, 0, 0, 0, 0, 0, 0, 0, 0, 0, 0, 0, 0, 0, 0, 0, 0, 0, 0, 0, 0, 0, 0, 0, 0, 0, 0, 0, 0, 0, 0, 0, 0, 0, 0, 0, 0, 0, 0, 0, 0, 0, 0, 0, 0, 0, 0, 0, 0, 0, 0, 0, 0], tuser=[0, 0, 0, 0, 0, 0, 0, 0, 0, 0, 0, 0, 0, 0, 0, 0, 0, 0, 0, 0, 0, 0, 0, 0, 0, 0, 0, 0, 0, 0, 0, 0, 0, 0, 0, 0, 0, 0, 0, 0, 0, 0, 0, 0, 0, 0, 0, 0, 0, 0, 0, 0, 0, 0, 0, 0, 0, 0, 0, 0, 0, 0, 0, 0], sim_time_start=37080000, sim_time_end=37230000)
INFO cocotb:  37280.00ns INFO     cocotb.axi_dma.s_axis_write_data   TX frame: AxiStreamFrame(tdata=bytearray(b'\x00\x01\x02\x03\x04\x05\x06\x07\x08\t\n\x0b\x0c\r\x0e\x0f\x10\x11\x12\x13\x14\x15\x16\x17\x18\x19\x1a\x1b\x1c\x1d\x1e\x1f !"#$%&\'()*+,-./0123456789:;<=>?'), tkeep=None, tid=15, tdest=None, tuser=None, sim_time_start=37280000, sim_time_end=None)
INFO cocotb:  37310.00ns INFO     cocotb.axi_dma.m_axi               Write burst awid: 0x0 awaddr: 0x0000d000 awlen: 15 awsize: 2 awprot: 2
INFO cocotb:  37400.00ns INFO     cocotb.axi_dma.m_axis_read_data    RX frame: AxiStreamFrame(tdata=bytearray(b'\x00\x01\x02\x03\x04\x05\x06\x07\x08\t\n\x0b\x0c\r\x0e\x0f\x10\x11\x12\x13\x14\x15\x16\x17\x18\x19\x1a\x1b\x1c\x1d\x1e\x1f !"#$%&\'()*+,-./0123456789:;<=>?'), tkeep=[1, 1, 1, 1, 1, 1, 1, 1, 1, 1, 1, 1, 1, 1, 1, 1, 1, 1, 1, 1, 1, 1, 1, 1, 1, 1, 1, 1, 1, 1, 1, 1, 1, 1, 1, 1, 1, 1, 1, 1, 1, 1, 1, 1, 1, 1, 1, 1, 1, 1, 1, 1, 1, 1, 1, 1, 1, 1, 1, 1, 1, 1, 1, 1], tid=[0, 0, 0, 0, 0, 0, 0, 0, 0, 0, 0, 0, 0, 0, 0, 0, 0, 0, 0, 0, 0, 0, 0, 0, 0, 0, 0, 0, 0, 0, 0, 0, 0, 0, 0, 0, 0, 0, 0, 0, 0, 0, 0, 0, 0, 0, 0, 0, 0, 0, 0, 0, 0, 0, 0, 0, 0, 0, 0, 0, 0, 0, 0, 0], tdest=[0, 0, 0, 0, 0, 0, 0, 0, 0, 0, 0, 0, 0, 0, 0, 0, 0, 0, 0, 0, 0, 0, 0, 0, 0, 0, 0, 0, 0, 0, 0, 0, 0, 0, 0, 0, 0, 0, 0, 0, 0, 0, 0, 0, 0, 0, 0, 0, 0, 0, 0, 0, 0, 0, 0, 0, 0, 0, 0, 0, 0, 0, 0, 0], tuser=[0, 0, 0, 0, 0, 0, 0, 0, 0, 0, 0, 0, 0, 0, 0, 0, 0, 0, 0, 0, 0, 0, 0, 0, 0, 0, 0, 0, 0, 0, 0, 0, 0, 0, 0, 0, 0, 0, 0, 0, 0, 0, 0, 0, 0, 0, 0, 0, 0, 0, 0, 0, 0, 0, 0, 0, 0, 0, 0, 0, 0, 0, 0, 0], sim_time_start=37250000, sim_time_end=37400000)
INFO cocotb:  37460.00ns INFO     cocotb.axi_dma.s_axis_write_data   TX frame: AxiStreamFrame(tdata=bytearray(b'\x00\x01\x02\x03\x04\x05\x06\x07\x08\t\n\x0b\x0c\r\x0e\x0f\x10\x11\x12\x13\x14\x15\x16\x17\x18\x19\x1a\x1b\x1c\x1d\x1e\x1f !"#$%&\'()*+,-./0123456789:;<=>?'), tkeep=None, tid=16, tdest=None, tuser=None, sim_time_start=37460000, sim_time_end=None)
INFO cocotb:  37490.00ns INFO     cocotb.axi_dma.m_axi               Write burst awid: 0x0 awaddr: 0x0000e000 awlen: 15 awsize: 2 awprot: 2
INFO cocotb:  49600.00ns INFO     cocotb.axi_dma.m_axi               Read burst arid: 0x0 araddr: 0x00000000 arlen: 15 arsize: 2 arprot: 2
INFO cocotb:  49740.00ns INFO     cocotb.axi_dma.m_axi               Read burst arid: 0x0 araddr: 0x00001000 arlen: 15 arsize: 2 arprot: 2
INFO cocotb:  49790.00ns INFO     cocotb.axi_dma.m_axis_read_data    RX frame: AxiStreamFrame(tdata=bytearray(b'\x00\x01\x02\x03\x04\x05\x06\x07\x08\t\n\x0b\x0c\r\x0e\x0f\x10\x11\x12\x13\x14\x15\x16\x17\x18\x19\x1a\x1b\x1c\x1d\x1e\x1f !"#$%&\'()*+,-./0123456789:;<=>?'), tkeep=[1, 1, 1, 1, 1, 1, 1, 1, 1, 1, 1, 1, 1, 1, 1, 1, 1, 1, 1, 1, 1, 1, 1, 1, 1, 1, 1, 1, 1, 1, 1, 1, 1, 1, 1, 1, 1, 1, 1, 1, 1, 1, 1, 1, 1, 1, 1, 1, 1, 1, 1, 1, 1, 1, 1, 1, 1, 1, 1, 1, 1, 1, 1, 1], tid=[0, 0, 0, 0, 0, 0, 0, 0, 0, 0, 0, 0, 0, 0, 0, 0, 0, 0, 0, 0, 0, 0, 0, 0, 0, 0, 0, 0, 0, 0, 0, 0, 0, 0, 0, 0, 0, 0, 0, 0, 0, 0, 0, 0, 0, 0, 0, 0, 0, 0, 0, 0, 0, 0, 0, 0, 0, 0, 0, 0, 0, 0, 0, 0], tdest=[0, 0, 0, 0, 0, 0, 0, 0, 0, 0, 0, 0, 0, 0, 0, 0, 0, 0, 0, 0, 0, 0, 0, 0, 0, 0, 0, 0, 0, 0, 0, 0, 0, 0, 0, 0, 0, 0, 0, 0, 0, 0, 0, 0, 0, 0, 0, 0, 0, 0, 0, 0, 0, 0, 0, 0, 0, 0, 0, 0, 0, 0, 0, 0], tuser=[0, 0, 0, 0, 0, 0, 0, 0, 0, 0, 0, 0, 0, 0, 0, 0, 0, 0, 0, 0, 0, 0, 0, 0, 0, 0, 0, 0, 0, 0, 0, 0, 0, 0, 0, 0, 0, 0, 0, 0, 0, 0, 0, 0, 0, 0, 0, 0, 0, 0, 0, 0, 0, 0, 0, 0, 0, 0, 0, 0, 0, 0, 0, 0], sim_time_start=49640000, sim_time_end=49790000)
INFO cocotb:  49800.00ns INFO     cocotb.axi_dma.s_axis_write_data   TX frame: AxiStreamFrame(tdata=bytearray(b'\x00\x01\x02\x03\x04\x05\x06\x07\x08\t\n\x0b\x0c\r\x0e\x0f\x10\x11\x12\x13\x14\x15\x16\x17\x18\x19\x1a\x1b\x1c\x1d\x1e\x1f !"#$%&\'()*+,-./0123456789:;<=>?'), tkeep=None, tid=17, tdest=None, tuser=None, sim_time_start=49800000, sim_time_end=None)
INFO cocotb:  49820.00ns INFO     cocotb.axi_dma.m_axi               Write burst awid: 0x0 awaddr: 0x00008000 awlen: 15 awsize: 2 awprot: 2
INFO cocotb:  49910.00ns INFO     cocotb.axi_dma.m_axi               Read burst arid: 0x0 araddr: 0x00002000 arlen: 15 arsize: 2 arprot: 2
INFO cocotb:  49960.00ns INFO     cocotb.axi_dma.m_axis_read_data    RX frame: AxiStreamFrame(tdata=bytearray(b'\x00\x01\x02\x03\x04\x05\x06\x07\x08\t\n\x0b\x0c\r\x0e\x0f\x10\x11\x12\x13\x14\x15\x16\x17\x18\x19\x1a\x1b\x1c\x1d\x1e\x1f !"#$%&\'()*+,-./0123456789:;<=>?'), tkeep=[1, 1, 1, 1, 1, 1, 1, 1, 1, 1, 1, 1, 1, 1, 1, 1, 1, 1, 1, 1, 1, 1, 1, 1, 1, 1, 1, 1, 1, 1, 1, 1, 1, 1, 1, 1, 1, 1, 1, 1, 1, 1, 1, 1, 1, 1, 1, 1, 1, 1, 1, 1, 1, 1, 1, 1, 1, 1, 1, 1, 1, 1, 1, 1], tid=[0, 0, 0, 0, 0, 0, 0, 0, 0, 0, 0, 0, 0, 0, 0, 0, 0, 0, 0, 0, 0, 0, 0, 0, 0, 0, 0, 0, 0, 0, 0, 0, 0, 0, 0, 0, 0, 0, 0, 0, 0, 0, 0, 0, 0, 0, 0, 0, 0, 0, 0, 0, 0, 0, 0, 0, 0, 0, 0, 0, 0, 0, 0, 0], tdest=[0, 0, 0, 0, 0, 0, 0, 0, 0, 0, 0, 0, 0, 0, 0, 0, 0, 0, 0, 0, 0, 0, 0, 0, 0, 0, 0, 0, 0, 0, 0, 0, 0, 0, 0, 0, 0, 0, 0, 0, 0, 0, 0, 0, 0, 0, 0, 0, 0, 0, 0, 0, 0, 0, 0, 0, 0, 0, 0, 0, 0, 0, 0, 0], tuser=[0, 0, 0, 0, 0, 0, 0, 0, 0, 0, 0, 0, 0, 0, 0, 0, 0, 0, 0, 0, 0, 0, 0, 0, 0, 0, 0, 0, 0, 0, 0, 0, 0, 0, 0, 0, 0, 0, 0, 0, 0, 0, 0, 0, 0, 0, 0, 0, 0, 0, 0, 0, 0, 0, 0, 0, 0, 0, 0, 0, 0, 0, 0, 0], sim_time_start=49810000, sim_time_end=49960000)
INFO cocotb:  49970.00ns INFO     cocotb.axi_dma.s_axis_write_data   TX frame: AxiStreamFrame(tdata=bytearray(b'\x00\x01\x02\x03\x04\x05\x06\x07\x08\t\n\x0b\x0c\r\x0e\x0f\x10\x11\x12\x13\x14\x15\x16\x17\x18\x19\x1a\x1b\x1c\x1d\x1e\x1f !"#$%&\'()*+,-./0123456789:;<=>?'), tkeep=None, tid=18, tdest=None, tuser=None, sim_time_start=49970000, sim_time_end=None)
INFO cocotb:  50000.00ns INFO     cocotb.axi_dma.m_axi               Write burst awid: 0x0 awaddr: 0x00009000 awlen: 15 awsize: 2 awprot: 2
INFO cocotb:  50080.00ns INFO     cocotb.axi_dma.m_axi               Read burst arid: 0x0 araddr: 0x00003000 arlen: 15 arsize: 2 arprot: 2
INFO cocotb:  50130.00ns INFO     cocotb.axi_dma.m_axis_read_data    RX frame: AxiStreamFrame(tdata=bytearray(b'\x00\x01\x02\x03\x04\x05\x06\x07\x08\t\n\x0b\x0c\r\x0e\x0f\x10\x11\x12\x13\x14\x15\x16\x17\x18\x19\x1a\x1b\x1c\x1d\x1e\x1f !"#$%&\'()*+,-./0123456789:;<=>?'), tkeep=[1, 1, 1, 1, 1, 1, 1, 1, 1, 1, 1, 1, 1, 1, 1, 1, 1, 1, 1, 1, 1, 1, 1, 1, 1, 1, 1, 1, 1, 1, 1, 1, 1, 1, 1, 1, 1, 1, 1, 1, 1, 1, 1, 1, 1, 1, 1, 1, 1, 1, 1, 1, 1, 1, 1, 1, 1, 1, 1, 1, 1, 1, 1, 1], tid=[0, 0, 0, 0, 0, 0, 0, 0, 0, 0, 0, 0, 0, 0, 0, 0, 0, 0, 0, 0, 0, 0, 0, 0, 0, 0, 0, 0, 0, 0, 0, 0, 0, 0, 0, 0, 0, 0, 0, 0, 0, 0, 0, 0, 0, 0, 0, 0, 0, 0, 0, 0, 0, 0, 0, 0, 0, 0, 0, 0, 0, 0, 0, 0], tdest=[0, 0, 0, 0, 0, 0, 0, 0, 0, 0, 0, 0, 0, 0, 0, 0, 0, 0, 0, 0, 0, 0, 0, 0, 0, 0, 0, 0, 0, 0, 0, 0, 0, 0, 0, 0, 0, 0, 0, 0, 0, 0, 0, 0, 0, 0, 0, 0, 0, 0, 0, 0, 0, 0, 0, 0, 0, 0, 0, 0, 0, 0, 0, 0], tuser=[0, 0, 0, 0, 0, 0, 0, 0, 0, 0, 0, 0, 0, 0, 0, 0, 0, 0, 0, 0, 0, 0, 0, 0, 0, 0, 0, 0, 0, 0, 0, 0, 0, 0, 0, 0, 0, 0, 0, 0, 0, 0, 0, 0, 0, 0, 0, 0, 0, 0, 0, 0, 0, 0, 0, 0, 0, 0, 0, 0, 0, 0, 0, 0], sim_time_start=49980000, sim_time_end=50130000)
INFO cocotb:  50150.00ns INFO     cocotb.axi_dma.s_axis_write_data   TX frame: AxiStreamFrame(tdata=bytearray(b'\x00\x01\x02\x03\x04\x05\x06\x07\x08\t\n\x0b\x0c\r\x0e\x0f\x10\x11\x12\x13\x14\x15\x16\x17\x18\x19\x1a\x1b\x1c\x1d\x1e\x1f !"#$%&\'()*+,-./0123456789:;<=>?'), tkeep=None, tid=19, tdest=None, tuser=None, sim_time_start=50150000, sim_time_end=None)
INFO cocotb:  50180.00ns INFO     cocotb.axi_dma.m_axi               Write burst awid: 0x0 awaddr: 0x0000a000 awlen: 15 awsize: 2 awprot: 2
INFO cocotb:  50300.00ns INFO     cocotb.axi_dma.m_axis_read_data    RX frame: AxiStreamFrame(tdata=bytearray(b'\x00\x01\x02\x03\x04\x05\x06\x07\x08\t\n\x0b\x0c\r\x0e\x0f\x10\x11\x12\x13\x14\x15\x16\x17\x18\x19\x1a\x1b\x1c\x1d\x1e\x1f !"#$%&\'()*+,-./0123456789:;<=>?'), tkeep=[1, 1, 1, 1, 1, 1, 1, 1, 1, 1, 1, 1, 1, 1, 1, 1, 1, 1, 1, 1, 1, 1, 1, 1, 1, 1, 1, 1, 1, 1, 1, 1, 1, 1, 1, 1, 1, 1, 1, 1, 1, 1, 1, 1, 1, 1, 1, 1, 1, 1, 1, 1, 1, 1, 1, 1, 1, 1, 1, 1, 1, 1, 1, 1], tid=[0, 0, 0, 0, 0, 0, 0, 0, 0, 0, 0, 0, 0, 0, 0, 0, 0, 0, 0, 0, 0, 0, 0, 0, 0, 0, 0, 0, 0, 0, 0, 0, 0, 0, 0, 0, 0, 0, 0, 0, 0, 0, 0, 0, 0, 0, 0, 0, 0, 0, 0, 0, 0, 0, 0, 0, 0, 0, 0, 0, 0, 0, 0, 0], tdest=[0, 0, 0, 0, 0, 0, 0, 0, 0, 0, 0, 0, 0, 0, 0, 0, 0, 0, 0, 0, 0, 0, 0, 0, 0, 0, 0, 0, 0, 0, 0, 0, 0, 0, 0, 0, 0, 0, 0, 0, 0, 0, 0, 0, 0, 0, 0, 0, 0, 0, 0, 0, 0, 0, 0, 0, 0, 0, 0, 0, 0, 0, 0, 0], tuser=[0, 0, 0, 0, 0, 0, 0, 0, 0, 0, 0, 0, 0, 0, 0, 0, 0, 0, 0, 0, 0, 0, 0, 0, 0, 0, 0, 0, 0, 0, 0, 0, 0, 0, 0, 0, 0, 0, 0, 0, 0, 0, 0, 0, 0, 0, 0, 0, 0, 0, 0, 0, 0, 0, 0, 0, 0, 0, 0, 0, 0, 0, 0, 0], sim_time_start=50150000, sim_time_end=50300000)
INFO cocotb:  50330.00ns INFO     cocotb.axi_dma.s_axis_write_data   TX frame: AxiStreamFrame(tdata=bytearray(b'\x00\x01\x02\x03\x04\x05\x06\x07\x08\t\n\x0b\x0c\r\x0e\x0f\x10\x11\x12\x13\x14\x15\x16\x17\x18\x19\x1a\x1b\x1c\x1d\x1e\x1f !"#$%&\'()*+,-./0123456789:;<=>?'), tkeep=None, tid=20, tdest=None, tuser=None, sim_time_start=50330000, sim_time_end=None)
INFO cocotb:  50360.00ns INFO     cocotb.axi_dma.m_axi               Write burst awid: 0x0 awaddr: 0x0000b000 awlen: 15 awsize: 2 awprot: 2
INFO cocotb:  50600.00ns INFO     cocotb.axi_dma.m_axi               Read burst arid: 0x0 araddr: 0x00000000 arlen: 15 arsize: 2 arprot: 2
INFO cocotb:  50740.00ns INFO     cocotb.axi_dma.m_axi               Read burst arid: 0x0 araddr: 0x00001000 arlen: 15 arsize: 2 arprot: 2
INFO cocotb:  50790.00ns INFO     cocotb.axi_dma.m_axis_read_data    RX frame: AxiStreamFrame(tdata=bytearray(b'\x00\x01\x02\x03\x04\x05\x06\x07\x08\t\n\x0b\x0c\r\x0e\x0f\x10\x11\x12\x13\x14\x15\x16\x17\x18\x19\x1a\x1b\x1c\x1d\x1e\x1f !"#$%&\'()*+,-./0123456789:;<=>?'), tkeep=[1, 1, 1, 1, 1, 1, 1, 1, 1, 1, 1, 1, 1, 1, 1, 1, 1, 1, 1, 1, 1, 1, 1, 1, 1, 1, 1, 1, 1, 1, 1, 1, 1, 1, 1, 1, 1, 1, 1, 1, 1, 1, 1, 1, 1, 1, 1, 1, 1, 1, 1, 1, 1, 1, 1, 1, 1, 1, 1, 1, 1, 1, 1, 1], tid=[0, 0, 0, 0, 0, 0, 0, 0, 0, 0, 0, 0, 0, 0, 0, 0, 0, 0, 0, 0, 0, 0, 0, 0, 0, 0, 0, 0, 0, 0, 0, 0, 0, 0, 0, 0, 0, 0, 0, 0, 0, 0, 0, 0, 0, 0, 0, 0, 0, 0, 0, 0, 0, 0, 0, 0, 0, 0, 0, 0, 0, 0, 0, 0], tdest=[0, 0, 0, 0, 0, 0, 0, 0, 0, 0, 0, 0, 0, 0, 0, 0, 0, 0, 0, 0, 0, 0, 0, 0, 0, 0, 0, 0, 0, 0, 0, 0, 0, 0, 0, 0, 0, 0, 0, 0, 0, 0, 0, 0, 0, 0, 0, 0, 0, 0, 0, 0, 0, 0, 0, 0, 0, 0, 0, 0, 0, 0, 0, 0], tuser=[0, 0, 0, 0, 0, 0, 0, 0, 0, 0, 0, 0, 0, 0, 0, 0, 0, 0, 0, 0, 0, 0, 0, 0, 0, 0, 0, 0, 0, 0, 0, 0, 0, 0, 0, 0, 0, 0, 0, 0, 0, 0, 0, 0, 0, 0, 0, 0, 0, 0, 0, 0, 0, 0, 0, 0, 0, 0, 0, 0, 0, 0, 0, 0], sim_time_start=50640000, sim_time_end=50790000)
INFO cocotb:  50800.00ns INFO     cocotb.axi_dma.s_axis_write_data   TX frame: AxiStreamFrame(tdata=bytearray(b'\x00\x01\x02\x03\x04\x05\x06\x07\x08\t\n\x0b\x0c\r\x0e\x0f\x10\x11\x12\x13\x14\x15\x16\x17\x18\x19\x1a\x1b\x1c\x1d\x1e\x1f !"#$%&\'()*+,-./0123456789:;<=>?'), tkeep=None, tid=21, tdest=None, tuser=None, sim_time_start=50800000, sim_time_end=None)
INFO cocotb:  50820.00ns INFO     cocotb.axi_dma.m_axi               Write burst awid: 0x0 awaddr: 0x00008000 awlen: 15 awsize: 2 awprot: 2
INFO cocotb:  50960.00ns INFO     cocotb.axi_dma.m_axis_read_data    RX frame: AxiStreamFrame(tdata=bytearray(b'\x00\x01\x02\x03\x04\x05\x06\x07\x08\t\n\x0b\x0c\r\x0e\x0f\x10\x11\x12\x13\x14\x15\x16\x17\x18\x19\x1a\x1b\x1c\x1d\x1e\x1f !"#$%&\'()*+,-./0123456789:;<=>?'), tkeep=[1, 1, 1, 1, 1, 1, 1, 1, 1, 1, 1, 1, 1, 1, 1, 1, 1, 1, 1, 1, 1, 1, 1, 1, 1, 1, 1, 1, 1, 1, 1, 1, 1, 1, 1, 1, 1, 1, 1, 1, 1, 1, 1, 1, 1, 1, 1, 1, 1, 1, 1, 1, 1, 1, 1, 1, 1, 1, 1, 1, 1, 1, 1, 1], tid=[0, 0, 0, 0, 0, 0, 0, 0, 0, 0, 0, 0, 0, 0, 0, 0, 0, 0, 0, 0, 0, 0, 0, 0, 0, 0, 0, 0, 0, 0, 0, 0, 0, 0, 0, 0, 0, 0, 0, 0, 0, 0, 0, 0, 0, 0, 0, 0, 0, 0, 0, 0, 0, 0, 0, 0, 0, 0, 0, 0, 0, 0, 0, 0], tdest=[0, 0, 0, 0, 0, 0, 0, 0, 0, 0, 0, 0, 0, 0, 0, 0, 0, 0, 0, 0, 0, 0, 0, 0, 0, 0, 0, 0, 0, 0, 0, 0, 0, 0, 0, 0, 0, 0, 0, 0, 0, 0, 0, 0, 0, 0, 0, 0, 0, 0, 0, 0, 0, 0, 0, 0, 0, 0, 0, 0, 0, 0, 0, 0], tuser=[0, 0, 0, 0, 0, 0, 0, 0, 0, 0, 0, 0, 0, 0, 0, 0, 0, 0, 0, 0, 0, 0, 0, 0, 0, 0, 0, 0, 0, 0, 0, 0, 0, 0, 0, 0, 0, 0, 0, 0, 0, 0, 0, 0, 0, 0, 0, 0, 0, 0, 0, 0, 0, 0, 0, 0, 0, 0, 0, 0, 0, 0, 0, 0], sim_time_start=50810000, sim_time_end=50960000)
INFO cocotb:  50970.00ns INFO     cocotb.axi_dma.s_axis_write_data   TX frame: AxiStreamFrame(tdata=bytearray(b'\x00\x01\x02\x03\x04\x05\x06\x07\x08\t\n\x0b\x0c\r\x0e\x0f\x10\x11\x12\x13\x14\x15\x16\x17\x18\x19\x1a\x1b\x1c\x1d\x1e\x1f !"#$%&\'()*+,-./0123456789:;<=>?'), tkeep=None, tid=22, tdest=None, tuser=None, sim_time_start=50970000, sim_time_end=None)
INFO cocotb:  51000.00ns INFO     cocotb.axi_dma.m_axi               Write burst awid: 0x0 awaddr: 0x00009000 awlen: 15 awsize: 2 awprot: 2
INFO cocotb:  51240.00ns INFO     cocotb.axi_dma.m_axi               Read burst arid: 0x0 araddr: 0x00000000 arlen: 15 arsize: 2 arprot: 2
INFO cocotb:  51380.00ns INFO     cocotb.axi_dma.m_axi               Read burst arid: 0x0 araddr: 0x00001000 arlen: 15 arsize: 2 arprot: 2
INFO cocotb:  51430.00ns INFO     cocotb.axi_dma.m_axis_read_data    RX frame: AxiStreamFrame(tdata=bytearray(b'\x00\x01\x02\x03\x04\x05\x06\x07\x08\t\n\x0b\x0c\r\x0e\x0f\x10\x11\x12\x13\x14\x15\x16\x17\x18\x19\x1a\x1b\x1c\x1d\x1e\x1f !"#$%&\'()*+,-./0123456789:;<=>?'), tkeep=[1, 1, 1, 1, 1, 1, 1, 1, 1, 1, 1, 1, 1, 1, 1, 1, 1, 1, 1, 1, 1, 1, 1, 1, 1, 1, 1, 1, 1, 1, 1, 1, 1, 1, 1, 1, 1, 1, 1, 1, 1, 1, 1, 1, 1, 1, 1, 1, 1, 1, 1, 1, 1, 1, 1, 1, 1, 1, 1, 1, 1, 1, 1, 1], tid=[0, 0, 0, 0, 0, 0, 0, 0, 0, 0, 0, 0, 0, 0, 0, 0, 0, 0, 0, 0, 0, 0, 0, 0, 0, 0, 0, 0, 0, 0, 0, 0, 0, 0, 0, 0, 0, 0, 0, 0, 0, 0, 0, 0, 0, 0, 0, 0, 0, 0, 0, 0, 0, 0, 0, 0, 0, 0, 0, 0, 0, 0, 0, 0], tdest=[0, 0, 0, 0, 0, 0, 0, 0, 0, 0, 0, 0, 0, 0, 0, 0, 0, 0, 0, 0, 0, 0, 0, 0, 0, 0, 0, 0, 0, 0, 0, 0, 0, 0, 0, 0, 0, 0, 0, 0, 0, 0, 0, 0, 0, 0, 0, 0, 0, 0, 0, 0, 0, 0, 0, 0, 0, 0, 0, 0, 0, 0, 0, 0], tuser=[0, 0, 0, 0, 0, 0, 0, 0, 0, 0, 0, 0, 0, 0, 0, 0, 0, 0, 0, 0, 0, 0, 0, 0, 0, 0, 0, 0, 0, 0, 0, 0, 0, 0, 0, 0, 0, 0, 0, 0, 0, 0, 0, 0, 0, 0, 0, 0, 0, 0, 0, 0, 0, 0, 0, 0, 0, 0, 0, 0, 0, 0, 0, 0], sim_time_start=51280000, sim_time_end=51430000)
INFO cocotb:  51440.00ns INFO     cocotb.axi_dma.s_axis_write_data   TX frame: AxiStreamFrame(tdata=bytearray(b'\x00\x01\x02\x03\x04\x05\x06\x07\x08\t\n\x0b\x0c\r\x0e\x0f\x10\x11\x12\x13\x14\x15\x16\x17\x18\x19\x1a\x1b\x1c\x1d\x1e\x1f !"#$%&\'()*+,-./0123456789:;<=>?'), tkeep=None, tid=23, tdest=None, tuser=None, sim_time_start=51440000, sim_time_end=None)
INFO cocotb:  51460.00ns INFO     cocotb.axi_dma.m_axi               Write burst awid: 0x0 awaddr: 0x00008000 awlen: 15 awsize: 2 awprot: 2
INFO cocotb:  51550.00ns INFO     cocotb.axi_dma.m_axi               Read burst arid: 0x0 araddr: 0x00002000 arlen: 15 arsize: 2 arprot: 2
INFO cocotb:  51600.00ns INFO     cocotb.axi_dma.m_axis_read_data    RX frame: AxiStreamFrame(tdata=bytearray(b'\x00\x01\x02\x03\x04\x05\x06\x07\x08\t\n\x0b\x0c\r\x0e\x0f\x10\x11\x12\x13\x14\x15\x16\x17\x18\x19\x1a\x1b\x1c\x1d\x1e\x1f !"#$%&\'()*+,-./0123456789:;<=>?'), tkeep=[1, 1, 1, 1, 1, 1, 1, 1, 1, 1, 1, 1, 1, 1, 1, 1, 1, 1, 1, 1, 1, 1, 1, 1, 1, 1, 1, 1, 1, 1, 1, 1, 1, 1, 1, 1, 1, 1, 1, 1, 1, 1, 1, 1, 1, 1, 1, 1, 1, 1, 1, 1, 1, 1, 1, 1, 1, 1, 1, 1, 1, 1, 1, 1], tid=[0, 0, 0, 0, 0, 0, 0, 0, 0, 0, 0, 0, 0, 0, 0, 0, 0, 0, 0, 0, 0, 0, 0, 0, 0, 0, 0, 0, 0, 0, 0, 0, 0, 0, 0, 0, 0, 0, 0, 0, 0, 0, 0, 0, 0, 0, 0, 0, 0, 0, 0, 0, 0, 0, 0, 0, 0, 0, 0, 0, 0, 0, 0, 0], tdest=[0, 0, 0, 0, 0, 0, 0, 0, 0, 0, 0, 0, 0, 0, 0, 0, 0, 0, 0, 0, 0, 0, 0, 0, 0, 0, 0, 0, 0, 0, 0, 0, 0, 0, 0, 0, 0, 0, 0, 0, 0, 0, 0, 0, 0, 0, 0, 0, 0, 0, 0, 0, 0, 0, 0, 0, 0, 0, 0, 0, 0, 0, 0, 0], tuser=[0, 0, 0, 0, 0, 0, 0, 0, 0, 0, 0, 0, 0, 0, 0, 0, 0, 0, 0, 0, 0, 0, 0, 0, 0, 0, 0, 0, 0, 0, 0, 0, 0, 0, 0, 0, 0, 0, 0, 0, 0, 0, 0, 0, 0, 0, 0, 0, 0, 0, 0, 0, 0, 0, 0, 0, 0, 0, 0, 0, 0, 0, 0, 0], sim_time_start=51450000, sim_time_end=51600000)
INFO cocotb:  51610.00ns INFO     cocotb.axi_dma.s_axis_write_data   TX frame: AxiStreamFrame(tdata=bytearray(b'\x00\x01\x02\x03\x04\x05\x06\x07\x08\t\n\x0b\x0c\r\x0e\x0f\x10\x11\x12\x13\x14\x15\x16\x17\x18\x19\x1a\x1b\x1c\x1d\x1e\x1f !"#$%&\'()*+,-./0123456789:;<=>?'), tkeep=None, tid=24, tdest=None, tuser=None, sim_time_start=51610000, sim_time_end=None)
INFO cocotb:  51640.00ns INFO     cocotb.axi_dma.m_axi               Write burst awid: 0x0 awaddr: 0x00009000 awlen: 15 awsize: 2 awprot: 2
INFO cocotb:  51720.00ns INFO     cocotb.axi_dma.m_axi               Read burst arid: 0x0 araddr: 0x00003000 arlen: 15 arsize: 2 arprot: 2
INFO cocotb:  51770.00ns INFO     cocotb.axi_dma.m_axis_read_data    RX frame: AxiStreamFrame(tdata=bytearray(b'\x00\x01\x02\x03\x04\x05\x06\x07\x08\t\n\x0b\x0c\r\x0e\x0f\x10\x11\x12\x13\x14\x15\x16\x17\x18\x19\x1a\x1b\x1c\x1d\x1e\x1f !"#$%&\'()*+,-./0123456789:;<=>?'), tkeep=[1, 1, 1, 1, 1, 1, 1, 1, 1, 1, 1, 1, 1, 1, 1, 1, 1, 1, 1, 1, 1, 1, 1, 1, 1, 1, 1, 1, 1, 1, 1, 1, 1, 1, 1, 1, 1, 1, 1, 1, 1, 1, 1, 1, 1, 1, 1, 1, 1, 1, 1, 1, 1, 1, 1, 1, 1, 1, 1, 1, 1, 1, 1, 1], tid=[0, 0, 0, 0, 0, 0, 0, 0, 0, 0, 0, 0, 0, 0, 0, 0, 0, 0, 0, 0, 0, 0, 0, 0, 0, 0, 0, 0, 0, 0, 0, 0, 0, 0, 0, 0, 0, 0, 0, 0, 0, 0, 0, 0, 0, 0, 0, 0, 0, 0, 0, 0, 0, 0, 0, 0, 0, 0, 0, 0, 0, 0, 0, 0], tdest=[0, 0, 0, 0, 0, 0, 0, 0, 0, 0, 0, 0, 0, 0, 0, 0, 0, 0, 0, 0, 0, 0, 0, 0, 0, 0, 0, 0, 0, 0, 0, 0, 0, 0, 0, 0, 0, 0, 0, 0, 0, 0, 0, 0, 0, 0, 0, 0, 0, 0, 0, 0, 0, 0, 0, 0, 0, 0, 0, 0, 0, 0, 0, 0], tuser=[0, 0, 0, 0, 0, 0, 0, 0, 0, 0, 0, 0, 0, 0, 0, 0, 0, 0, 0, 0, 0, 0, 0, 0, 0, 0, 0, 0, 0, 0, 0, 0, 0, 0, 0, 0, 0, 0, 0, 0, 0, 0, 0, 0, 0, 0, 0, 0, 0, 0, 0, 0, 0, 0, 0, 0, 0, 0, 0, 0, 0, 0, 0, 0], sim_time_start=51620000, sim_time_end=51770000)
INFO cocotb:  51790.00ns INFO     cocotb.axi_dma.s_axis_write_data   TX frame: AxiStreamFrame(tdata=bytearray(b'\x00\x01\x02\x03\x04\x05\x06\x07\x08\t\n\x0b\x0c\r\x0e\x0f\x10\x11\x12\x13\x14\x15\x16\x17\x18\x19\x1a\x1b\x1c\x1d\x1e\x1f !"#$%&\'()*+,-./0123456789:;<=>?'), tkeep=None, tid=25, tdest=None, tuser=None, sim_time_start=51790000, sim_time_end=None)
INFO cocotb:  51820.00ns INFO     cocotb.axi_dma.m_axi               Write burst awid: 0x0 awaddr: 0x0000a000 awlen: 15 awsize: 2 awprot: 2
INFO cocotb:  51940.00ns INFO     cocotb.axi_dma.m_axis_read_data    RX frame: AxiStreamFrame(tdata=bytearray(b'\x00\x01\x02\x03\x04\x05\x06\x07\x08\t\n\x0b\x0c\r\x0e\x0f\x10\x11\x12\x13\x14\x15\x16\x17\x18\x19\x1a\x1b\x1c\x1d\x1e\x1f !"#$%&\'()*+,-./0123456789:;<=>?'), tkeep=[1, 1, 1, 1, 1, 1, 1, 1, 1, 1, 1, 1, 1, 1, 1, 1, 1, 1, 1, 1, 1, 1, 1, 1, 1, 1, 1, 1, 1, 1, 1, 1, 1, 1, 1, 1, 1, 1, 1, 1, 1, 1, 1, 1, 1, 1, 1, 1, 1, 1, 1, 1, 1, 1, 1, 1, 1, 1, 1, 1, 1, 1, 1, 1], tid=[0, 0, 0, 0, 0, 0, 0, 0, 0, 0, 0, 0, 0, 0, 0, 0, 0, 0, 0, 0, 0, 0, 0, 0, 0, 0, 0, 0, 0, 0, 0, 0, 0, 0, 0, 0, 0, 0, 0, 0, 0, 0, 0, 0, 0, 0, 0, 0, 0, 0, 0, 0, 0, 0, 0, 0, 0, 0, 0, 0, 0, 0, 0, 0], tdest=[0, 0, 0, 0, 0, 0, 0, 0, 0, 0, 0, 0, 0, 0, 0, 0, 0, 0, 0, 0, 0, 0, 0, 0, 0, 0, 0, 0, 0, 0, 0, 0, 0, 0, 0, 0, 0, 0, 0, 0, 0, 0, 0, 0, 0, 0, 0, 0, 0, 0, 0, 0, 0, 0, 0, 0, 0, 0, 0, 0, 0, 0, 0, 0], tuser=[0, 0, 0, 0, 0, 0, 0, 0, 0, 0, 0, 0, 0, 0, 0, 0, 0, 0, 0, 0, 0, 0, 0, 0, 0, 0, 0, 0, 0, 0, 0, 0, 0, 0, 0, 0, 0, 0, 0, 0, 0, 0, 0, 0, 0, 0, 0, 0, 0, 0, 0, 0, 0, 0, 0, 0, 0, 0, 0, 0, 0, 0, 0, 0], sim_time_start=51790000, sim_time_end=51940000)
INFO cocotb:  51970.00ns INFO     cocotb.axi_dma.s_axis_write_data   TX frame: AxiStreamFrame(tdata=bytearray(b'\x00\x01\x02\x03\x04\x05\x06\x07\x08\t\n\x0b\x0c\r\x0e\x0f\x10\x11\x12\x13\x14\x15\x16\x17\x18\x19\x1a\x1b\x1c\x1d\x1e\x1f !"#$%&\'()*+,-./0123456789:;<=>?'), tkeep=None, tid=26, tdest=None, tuser=None, sim_time_start=51970000, sim_time_end=None)
INFO cocotb:  52000.00ns INFO     cocotb.axi_dma.m_axi               Write burst awid: 0x0 awaddr: 0x0000b000 awlen: 15 awsize: 2 awprot: 2
INFO cocotb:  52420.00ns INFO     cocotb.axi_dma.m_axi               Read burst arid: 0x0 araddr: 0x00000000 arlen: 15 arsize: 2 arprot: 2
INFO cocotb:  52560.00ns INFO     cocotb.axi_dma.m_axi               Read burst arid: 0x0 araddr: 0x00001000 arlen: 15 arsize: 2 arprot: 2
INFO cocotb:  52610.00ns INFO     cocotb.axi_dma.m_axis_read_data    RX frame: AxiStreamFrame(tdata=bytearray(b'\x00\x01\x02\x03\x04\x05\x06\x07\x08\t\n\x0b\x0c\r\x0e\x0f\x10\x11\x12\x13\x14\x15\x16\x17\x18\x19\x1a\x1b\x1c\x1d\x1e\x1f !"#$%&\'()*+,-./0123456789:;<=>?'), tkeep=[1, 1, 1, 1, 1, 1, 1, 1, 1, 1, 1, 1, 1, 1, 1, 1, 1, 1, 1, 1, 1, 1, 1, 1, 1, 1, 1, 1, 1, 1, 1, 1, 1, 1, 1, 1, 1, 1, 1, 1, 1, 1, 1, 1, 1, 1, 1, 1, 1, 1, 1, 1, 1, 1, 1, 1, 1, 1, 1, 1, 1, 1, 1, 1], tid=[0, 0, 0, 0, 0, 0, 0, 0, 0, 0, 0, 0, 0, 0, 0, 0, 0, 0, 0, 0, 0, 0, 0, 0, 0, 0, 0, 0, 0, 0, 0, 0, 0, 0, 0, 0, 0, 0, 0, 0, 0, 0, 0, 0, 0, 0, 0, 0, 0, 0, 0, 0, 0, 0, 0, 0, 0, 0, 0, 0, 0, 0, 0, 0], tdest=[0, 0, 0, 0, 0, 0, 0, 0, 0, 0, 0, 0, 0, 0, 0, 0, 0, 0, 0, 0, 0, 0, 0, 0, 0, 0, 0, 0, 0, 0, 0, 0, 0, 0, 0, 0, 0, 0, 0, 0, 0, 0, 0, 0, 0, 0, 0, 0, 0, 0, 0, 0, 0, 0, 0, 0, 0, 0, 0, 0, 0, 0, 0, 0], tuser=[0, 0, 0, 0, 0, 0, 0, 0, 0, 0, 0, 0, 0, 0, 0, 0, 0, 0, 0, 0, 0, 0, 0, 0, 0, 0, 0, 0, 0, 0, 0, 0, 0, 0, 0, 0, 0, 0, 0, 0, 0, 0, 0, 0, 0, 0, 0, 0, 0, 0, 0, 0, 0, 0, 0, 0, 0, 0, 0, 0, 0, 0, 0, 0], sim_time_start=52460000, sim_time_end=52610000)
INFO cocotb:  52620.00ns INFO     cocotb.axi_dma.s_axis_write_data   TX frame: AxiStreamFrame(tdata=bytearray(b'\x00\x01\x02\x03\x04\x05\x06\x07\x08\t\n\x0b\x0c\r\x0e\x0f\x10\x11\x12\x13\x14\x15\x16\x17\x18\x19\x1a\x1b\x1c\x1d\x1e\x1f !"#$%&\'()*+,-./0123456789:;<=>?'), tkeep=None, tid=27, tdest=None, tuser=None, sim_time_start=52620000, sim_time_end=None)
INFO cocotb:  52640.00ns INFO     cocotb.axi_dma.m_axi               Write burst awid: 0x0 awaddr: 0x00008000 awlen: 15 awsize: 2 awprot: 2
INFO cocotb:  52730.00ns INFO     cocotb.axi_dma.m_axi               Read burst arid: 0x0 araddr: 0x00002000 arlen: 15 arsize: 2 arprot: 2
INFO cocotb:  52780.00ns INFO     cocotb.axi_dma.m_axis_read_data    RX frame: AxiStreamFrame(tdata=bytearray(b'\x00\x01\x02\x03\x04\x05\x06\x07\x08\t\n\x0b\x0c\r\x0e\x0f\x10\x11\x12\x13\x14\x15\x16\x17\x18\x19\x1a\x1b\x1c\x1d\x1e\x1f !"#$%&\'()*+,-./0123456789:;<=>?'), tkeep=[1, 1, 1, 1, 1, 1, 1, 1, 1, 1, 1, 1, 1, 1, 1, 1, 1, 1, 1, 1, 1, 1, 1, 1, 1, 1, 1, 1, 1, 1, 1, 1, 1, 1, 1, 1, 1, 1, 1, 1, 1, 1, 1, 1, 1, 1, 1, 1, 1, 1, 1, 1, 1, 1, 1, 1, 1, 1, 1, 1, 1, 1, 1, 1], tid=[0, 0, 0, 0, 0, 0, 0, 0, 0, 0, 0, 0, 0, 0, 0, 0, 0, 0, 0, 0, 0, 0, 0, 0, 0, 0, 0, 0, 0, 0, 0, 0, 0, 0, 0, 0, 0, 0, 0, 0, 0, 0, 0, 0, 0, 0, 0, 0, 0, 0, 0, 0, 0, 0, 0, 0, 0, 0, 0, 0, 0, 0, 0, 0], tdest=[0, 0, 0, 0, 0, 0, 0, 0, 0, 0, 0, 0, 0, 0, 0, 0, 0, 0, 0, 0, 0, 0, 0, 0, 0, 0, 0, 0, 0, 0, 0, 0, 0, 0, 0, 0, 0, 0, 0, 0, 0, 0, 0, 0, 0, 0, 0, 0, 0, 0, 0, 0, 0, 0, 0, 0, 0, 0, 0, 0, 0, 0, 0, 0], tuser=[0, 0, 0, 0, 0, 0, 0, 0, 0, 0, 0, 0, 0, 0, 0, 0, 0, 0, 0, 0, 0, 0, 0, 0, 0, 0, 0, 0, 0, 0, 0, 0, 0, 0, 0, 0, 0, 0, 0, 0, 0, 0, 0, 0, 0, 0, 0, 0, 0, 0, 0, 0, 0, 0, 0, 0, 0, 0, 0, 0, 0, 0, 0, 0], sim_time_start=52630000, sim_time_end=52780000)
INFO cocotb:  52790.00ns INFO     cocotb.axi_dma.s_axis_write_data   TX frame: AxiStreamFrame(tdata=bytearray(b'\x00\x01\x02\x03\x04\x05\x06\x07\x08\t\n\x0b\x0c\r\x0e\x0f\x10\x11\x12\x13\x14\x15\x16\x17\x18\x19\x1a\x1b\x1c\x1d\x1e\x1f !"#$%&\'()*+,-./0123456789:;<=>?'), tkeep=None, tid=28, tdest=None, tuser=None, sim_time_start=52790000, sim_time_end=None)
INFO cocotb:  52820.00ns INFO     cocotb.axi_dma.m_axi               Write burst awid: 0x0 awaddr: 0x00009000 awlen: 15 awsize: 2 awprot: 2
INFO cocotb:  52900.00ns INFO     cocotb.axi_dma.m_axi               Read burst arid: 0x0 araddr: 0x00003000 arlen: 15 arsize: 2 arprot: 2
INFO cocotb:  52950.00ns INFO     cocotb.axi_dma.m_axis_read_data    RX frame: AxiStreamFrame(tdata=bytearray(b'\x00\x01\x02\x03\x04\x05\x06\x07\x08\t\n\x0b\x0c\r\x0e\x0f\x10\x11\x12\x13\x14\x15\x16\x17\x18\x19\x1a\x1b\x1c\x1d\x1e\x1f !"#$%&\'()*+,-./0123456789:;<=>?'), tkeep=[1, 1, 1, 1, 1, 1, 1, 1, 1, 1, 1, 1, 1, 1, 1, 1, 1, 1, 1, 1, 1, 1, 1, 1, 1, 1, 1, 1, 1, 1, 1, 1, 1, 1, 1, 1, 1, 1, 1, 1, 1, 1, 1, 1, 1, 1, 1, 1, 1, 1, 1, 1, 1, 1, 1, 1, 1, 1, 1, 1, 1, 1, 1, 1], tid=[0, 0, 0, 0, 0, 0, 0, 0, 0, 0, 0, 0, 0, 0, 0, 0, 0, 0, 0, 0, 0, 0, 0, 0, 0, 0, 0, 0, 0, 0, 0, 0, 0, 0, 0, 0, 0, 0, 0, 0, 0, 0, 0, 0, 0, 0, 0, 0, 0, 0, 0, 0, 0, 0, 0, 0, 0, 0, 0, 0, 0, 0, 0, 0], tdest=[0, 0, 0, 0, 0, 0, 0, 0, 0, 0, 0, 0, 0, 0, 0, 0, 0, 0, 0, 0, 0, 0, 0, 0, 0, 0, 0, 0, 0, 0, 0, 0, 0, 0, 0, 0, 0, 0, 0, 0, 0, 0, 0, 0, 0, 0, 0, 0, 0, 0, 0, 0, 0, 0, 0, 0, 0, 0, 0, 0, 0, 0, 0, 0], tuser=[0, 0, 0, 0, 0, 0, 0, 0, 0, 0, 0, 0, 0, 0, 0, 0, 0, 0, 0, 0, 0, 0, 0, 0, 0, 0, 0, 0, 0, 0, 0, 0, 0, 0, 0, 0, 0, 0, 0, 0, 0, 0, 0, 0, 0, 0, 0, 0, 0, 0, 0, 0, 0, 0, 0, 0, 0, 0, 0, 0, 0, 0, 0, 0], sim_time_start=52800000, sim_time_end=52950000)
INFO cocotb:  52970.00ns INFO     cocotb.axi_dma.s_axis_write_data   TX frame: AxiStreamFrame(tdata=bytearray(b'\x00\x01\x02\x03\x04\x05\x06\x07\x08\t\n\x0b\x0c\r\x0e\x0f\x10\x11\x12\x13\x14\x15\x16\x17\x18\x19\x1a\x1b\x1c\x1d\x1e\x1f !"#$%&\'()*+,-./0123456789:;<=>?'), tkeep=None, tid=29, tdest=None, tuser=None, sim_time_start=52970000, sim_time_end=None)
INFO cocotb:  53000.00ns INFO     cocotb.axi_dma.m_axi               Write burst awid: 0x0 awaddr: 0x0000a000 awlen: 15 awsize: 2 awprot: 2
INFO cocotb:  53070.00ns INFO     cocotb.axi_dma.m_axi               Read burst arid: 0x0 araddr: 0x00004000 arlen: 15 arsize: 2 arprot: 2
INFO cocotb:  53120.00ns INFO     cocotb.axi_dma.m_axis_read_data    RX frame: AxiStreamFrame(tdata=bytearray(b'\x00\x01\x02\x03\x04\x05\x06\x07\x08\t\n\x0b\x0c\r\x0e\x0f\x10\x11\x12\x13\x14\x15\x16\x17\x18\x19\x1a\x1b\x1c\x1d\x1e\x1f !"#$%&\'()*+,-./0123456789:;<=>?'), tkeep=[1, 1, 1, 1, 1, 1, 1, 1, 1, 1, 1, 1, 1, 1, 1, 1, 1, 1, 1, 1, 1, 1, 1, 1, 1, 1, 1, 1, 1, 1, 1, 1, 1, 1, 1, 1, 1, 1, 1, 1, 1, 1, 1, 1, 1, 1, 1, 1, 1, 1, 1, 1, 1, 1, 1, 1, 1, 1, 1, 1, 1, 1, 1, 1], tid=[0, 0, 0, 0, 0, 0, 0, 0, 0, 0, 0, 0, 0, 0, 0, 0, 0, 0, 0, 0, 0, 0, 0, 0, 0, 0, 0, 0, 0, 0, 0, 0, 0, 0, 0, 0, 0, 0, 0, 0, 0, 0, 0, 0, 0, 0, 0, 0, 0, 0, 0, 0, 0, 0, 0, 0, 0, 0, 0, 0, 0, 0, 0, 0], tdest=[0, 0, 0, 0, 0, 0, 0, 0, 0, 0, 0, 0, 0, 0, 0, 0, 0, 0, 0, 0, 0, 0, 0, 0, 0, 0, 0, 0, 0, 0, 0, 0, 0, 0, 0, 0, 0, 0, 0, 0, 0, 0, 0, 0, 0, 0, 0, 0, 0, 0, 0, 0, 0, 0, 0, 0, 0, 0, 0, 0, 0, 0, 0, 0], tuser=[0, 0, 0, 0, 0, 0, 0, 0, 0, 0, 0, 0, 0, 0, 0, 0, 0, 0, 0, 0, 0, 0, 0, 0, 0, 0, 0, 0, 0, 0, 0, 0, 0, 0, 0, 0, 0, 0, 0, 0, 0, 0, 0, 0, 0, 0, 0, 0, 0, 0, 0, 0, 0, 0, 0, 0, 0, 0, 0, 0, 0, 0, 0, 0], sim_time_start=52970000, sim_time_end=53120000)
INFO cocotb:  53150.00ns INFO     cocotb.axi_dma.s_axis_write_data   TX frame: AxiStreamFrame(tdata=bytearray(b'\x00\x01\x02\x03\x04\x05\x06\x07\x08\t\n\x0b\x0c\r\x0e\x0f\x10\x11\x12\x13\x14\x15\x16\x17\x18\x19\x1a\x1b\x1c\x1d\x1e\x1f !"#$%&\'()*+,-./0123456789:;<=>?'), tkeep=None, tid=30, tdest=None, tuser=None, sim_time_start=53150000, sim_time_end=None)
INFO cocotb:  53180.00ns INFO     cocotb.axi_dma.m_axi               Write burst awid: 0x0 awaddr: 0x0000b000 awlen: 15 awsize: 2 awprot: 2
INFO cocotb:  53240.00ns INFO     cocotb.axi_dma.m_axi               Read burst arid: 0x0 araddr: 0x00005000 arlen: 15 arsize: 2 arprot: 2
INFO cocotb:  53290.00ns INFO     cocotb.axi_dma.m_axis_read_data    RX frame: AxiStreamFrame(tdata=bytearray(b'\x00\x01\x02\x03\x04\x05\x06\x07\x08\t\n\x0b\x0c\r\x0e\x0f\x10\x11\x12\x13\x14\x15\x16\x17\x18\x19\x1a\x1b\x1c\x1d\x1e\x1f !"#$%&\'()*+,-./0123456789:;<=>?'), tkeep=[1, 1, 1, 1, 1, 1, 1, 1, 1, 1, 1, 1, 1, 1, 1, 1, 1, 1, 1, 1, 1, 1, 1, 1, 1, 1, 1, 1, 1, 1, 1, 1, 1, 1, 1, 1, 1, 1, 1, 1, 1, 1, 1, 1, 1, 1, 1, 1, 1, 1, 1, 1, 1, 1, 1, 1, 1, 1, 1, 1, 1, 1, 1, 1], tid=[0, 0, 0, 0, 0, 0, 0, 0, 0, 0, 0, 0, 0, 0, 0, 0, 0, 0, 0, 0, 0, 0, 0, 0, 0, 0, 0, 0, 0, 0, 0, 0, 0, 0, 0, 0, 0, 0, 0, 0, 0, 0, 0, 0, 0, 0, 0, 0, 0, 0, 0, 0, 0, 0, 0, 0, 0, 0, 0, 0, 0, 0, 0, 0], tdest=[0, 0, 0, 0, 0, 0, 0, 0, 0, 0, 0, 0, 0, 0, 0, 0, 0, 0, 0, 0, 0, 0, 0, 0, 0, 0, 0, 0, 0, 0, 0, 0, 0, 0, 0, 0, 0, 0, 0, 0, 0, 0, 0, 0, 0, 0, 0, 0, 0, 0, 0, 0, 0, 0, 0, 0, 0, 0, 0, 0, 0, 0, 0, 0], tuser=[0, 0, 0, 0, 0, 0, 0, 0, 0, 0, 0, 0, 0, 0, 0, 0, 0, 0, 0, 0, 0, 0, 0, 0, 0, 0, 0, 0, 0, 0, 0, 0, 0, 0, 0, 0, 0, 0, 0, 0, 0, 0, 0, 0, 0, 0, 0, 0, 0, 0, 0, 0, 0, 0, 0, 0, 0, 0, 0, 0, 0, 0, 0, 0], sim_time_start=53140000, sim_time_end=53290000)
INFO cocotb:  53330.00ns INFO     cocotb.axi_dma.s_axis_write_data   TX frame: AxiStreamFrame(tdata=bytearray(b'\x00\x01\x02\x03\x04\x05\x06\x07\x08\t\n\x0b\x0c\r\x0e\x0f\x10\x11\x12\x13\x14\x15\x16\x17\x18\x19\x1a\x1b\x1c\x1d\x1e\x1f !"#$%&\'()*+,-./0123456789:;<=>?'), tkeep=None, tid=31, tdest=None, tuser=None, sim_time_start=53330000, sim_time_end=None)
INFO cocotb:  53360.00ns INFO     cocotb.axi_dma.m_axi               Write burst awid: 0x0 awaddr: 0x0000c000 awlen: 15 awsize: 2 awprot: 2
INFO cocotb:  53410.00ns INFO     cocotb.axi_dma.m_axi               Read burst arid: 0x0 araddr: 0x00006000 arlen: 15 arsize: 2 arprot: 2
INFO cocotb:  53460.00ns INFO     cocotb.axi_dma.m_axis_read_data    RX frame: AxiStreamFrame(tdata=bytearray(b'\x00\x01\x02\x03\x04\x05\x06\x07\x08\t\n\x0b\x0c\r\x0e\x0f\x10\x11\x12\x13\x14\x15\x16\x17\x18\x19\x1a\x1b\x1c\x1d\x1e\x1f !"#$%&\'()*+,-./0123456789:;<=>?'), tkeep=[1, 1, 1, 1, 1, 1, 1, 1, 1, 1, 1, 1, 1, 1, 1, 1, 1, 1, 1, 1, 1, 1, 1, 1, 1, 1, 1, 1, 1, 1, 1, 1, 1, 1, 1, 1, 1, 1, 1, 1, 1, 1, 1, 1, 1, 1, 1, 1, 1, 1, 1, 1, 1, 1, 1, 1, 1, 1, 1, 1, 1, 1, 1, 1], tid=[0, 0, 0, 0, 0, 0, 0, 0, 0, 0, 0, 0, 0, 0, 0, 0, 0, 0, 0, 0, 0, 0, 0, 0, 0, 0, 0, 0, 0, 0, 0, 0, 0, 0, 0, 0, 0, 0, 0, 0, 0, 0, 0, 0, 0, 0, 0, 0, 0, 0, 0, 0, 0, 0, 0, 0, 0, 0, 0, 0, 0, 0, 0, 0], tdest=[0, 0, 0, 0, 0, 0, 0, 0, 0, 0, 0, 0, 0, 0, 0, 0, 0, 0, 0, 0, 0, 0, 0, 0, 0, 0, 0, 0, 0, 0, 0, 0, 0, 0, 0, 0, 0, 0, 0, 0, 0, 0, 0, 0, 0, 0, 0, 0, 0, 0, 0, 0, 0, 0, 0, 0, 0, 0, 0, 0, 0, 0, 0, 0], tuser=[0, 0, 0, 0, 0, 0, 0, 0, 0, 0, 0, 0, 0, 0, 0, 0, 0, 0, 0, 0, 0, 0, 0, 0, 0, 0, 0, 0, 0, 0, 0, 0, 0, 0, 0, 0, 0, 0, 0, 0, 0, 0, 0, 0, 0, 0, 0, 0, 0, 0, 0, 0, 0, 0, 0, 0, 0, 0, 0, 0, 0, 0, 0, 0], sim_time_start=53310000, sim_time_end=53460000)
INFO cocotb:  53510.00ns INFO     cocotb.axi_dma.s_axis_write_data   TX frame: AxiStreamFrame(tdata=bytearray(b'\x00\x01\x02\x03\x04\x05\x06\x07\x08\t\n\x0b\x0c\r\x0e\x0f\x10\x11\x12\x13\x14\x15\x16\x17\x18\x19\x1a\x1b\x1c\x1d\x1e\x1f !"#$%&\'()*+,-./0123456789:;<=>?'), tkeep=None, tid=32, tdest=None, tuser=None, sim_time_start=53510000, sim_time_end=None)
INFO cocotb:  53540.00ns INFO     cocotb.axi_dma.m_axi               Write burst awid: 0x0 awaddr: 0x0000d000 awlen: 15 awsize: 2 awprot: 2
INFO cocotb:  53580.00ns INFO     cocotb.axi_dma.m_axi               Read burst arid: 0x0 araddr: 0x00007000 arlen: 15 arsize: 2 arprot: 2
INFO cocotb:  53630.00ns INFO     cocotb.axi_dma.m_axis_read_data    RX frame: AxiStreamFrame(tdata=bytearray(b'\x00\x01\x02\x03\x04\x05\x06\x07\x08\t\n\x0b\x0c\r\x0e\x0f\x10\x11\x12\x13\x14\x15\x16\x17\x18\x19\x1a\x1b\x1c\x1d\x1e\x1f !"#$%&\'()*+,-./0123456789:;<=>?'), tkeep=[1, 1, 1, 1, 1, 1, 1, 1, 1, 1, 1, 1, 1, 1, 1, 1, 1, 1, 1, 1, 1, 1, 1, 1, 1, 1, 1, 1, 1, 1, 1, 1, 1, 1, 1, 1, 1, 1, 1, 1, 1, 1, 1, 1, 1, 1, 1, 1, 1, 1, 1, 1, 1, 1, 1, 1, 1, 1, 1, 1, 1, 1, 1, 1], tid=[0, 0, 0, 0, 0, 0, 0, 0, 0, 0, 0, 0, 0, 0, 0, 0, 0, 0, 0, 0, 0, 0, 0, 0, 0, 0, 0, 0, 0, 0, 0, 0, 0, 0, 0, 0, 0, 0, 0, 0, 0, 0, 0, 0, 0, 0, 0, 0, 0, 0, 0, 0, 0, 0, 0, 0, 0, 0, 0, 0, 0, 0, 0, 0], tdest=[0, 0, 0, 0, 0, 0, 0, 0, 0, 0, 0, 0, 0, 0, 0, 0, 0, 0, 0, 0, 0, 0, 0, 0, 0, 0, 0, 0, 0, 0, 0, 0, 0, 0, 0, 0, 0, 0, 0, 0, 0, 0, 0, 0, 0, 0, 0, 0, 0, 0, 0, 0, 0, 0, 0, 0, 0, 0, 0, 0, 0, 0, 0, 0], tuser=[0, 0, 0, 0, 0, 0, 0, 0, 0, 0, 0, 0, 0, 0, 0, 0, 0, 0, 0, 0, 0, 0, 0, 0, 0, 0, 0, 0, 0, 0, 0, 0, 0, 0, 0, 0, 0, 0, 0, 0, 0, 0, 0, 0, 0, 0, 0, 0, 0, 0, 0, 0, 0, 0, 0, 0, 0, 0, 0, 0, 0, 0, 0, 0], sim_time_start=53480000, sim_time_end=53630000)
INFO cocotb:  53690.00ns INFO     cocotb.axi_dma.s_axis_write_data   TX frame: AxiStreamFrame(tdata=bytearray(b'\x00\x01\x02\x03\x04\x05\x06\x07\x08\t\n\x0b\x0c\r\x0e\x0f\x10\x11\x12\x13\x14\x15\x16\x17\x18\x19\x1a\x1b\x1c\x1d\x1e\x1f !"#$%&\'()*+,-./0123456789:;<=>?'), tkeep=None, tid=33, tdest=None, tuser=None, sim_time_start=53690000, sim_time_end=None)
INFO cocotb:  53720.00ns INFO     cocotb.axi_dma.m_axi               Write burst awid: 0x0 awaddr: 0x0000e000 awlen: 15 awsize: 2 awprot: 2
INFO cocotb:  53800.00ns INFO     cocotb.axi_dma.m_axis_read_data    RX frame: AxiStreamFrame(tdata=bytearray(b'\x00\x01\x02\x03\x04\x05\x06\x07\x08\t\n\x0b\x0c\r\x0e\x0f\x10\x11\x12\x13\x14\x15\x16\x17\x18\x19\x1a\x1b\x1c\x1d\x1e\x1f !"#$%&\'()*+,-./0123456789:;<=>?'), tkeep=[1, 1, 1, 1, 1, 1, 1, 1, 1, 1, 1, 1, 1, 1, 1, 1, 1, 1, 1, 1, 1, 1, 1, 1, 1, 1, 1, 1, 1, 1, 1, 1, 1, 1, 1, 1, 1, 1, 1, 1, 1, 1, 1, 1, 1, 1, 1, 1, 1, 1, 1, 1, 1, 1, 1, 1, 1, 1, 1, 1, 1, 1, 1, 1], tid=[0, 0, 0, 0, 0, 0, 0, 0, 0, 0, 0, 0, 0, 0, 0, 0, 0, 0, 0, 0, 0, 0, 0, 0, 0, 0, 0, 0, 0, 0, 0, 0, 0, 0, 0, 0, 0, 0, 0, 0, 0, 0, 0, 0, 0, 0, 0, 0, 0, 0, 0, 0, 0, 0, 0, 0, 0, 0, 0, 0, 0, 0, 0, 0], tdest=[0, 0, 0, 0, 0, 0, 0, 0, 0, 0, 0, 0, 0, 0, 0, 0, 0, 0, 0, 0, 0, 0, 0, 0, 0, 0, 0, 0, 0, 0, 0, 0, 0, 0, 0, 0, 0, 0, 0, 0, 0, 0, 0, 0, 0, 0, 0, 0, 0, 0, 0, 0, 0, 0, 0, 0, 0, 0, 0, 0, 0, 0, 0, 0], tuser=[0, 0, 0, 0, 0, 0, 0, 0, 0, 0, 0, 0, 0, 0, 0, 0, 0, 0, 0, 0, 0, 0, 0, 0, 0, 0, 0, 0, 0, 0, 0, 0, 0, 0, 0, 0, 0, 0, 0, 0, 0, 0, 0, 0, 0, 0, 0, 0, 0, 0, 0, 0, 0, 0, 0, 0, 0, 0, 0, 0, 0, 0, 0, 0], sim_time_start=53650000, sim_time_end=53800000)
INFO cocotb:  53870.00ns INFO     cocotb.axi_dma.s_axis_write_data   TX frame: AxiStreamFrame(tdata=bytearray(b'\x00\x01\x02\x03\x04\x05\x06\x07\x08\t\n\x0b\x0c\r\x0e\x0f\x10\x11\x12\x13\x14\x15\x16\x17\x18\x19\x1a\x1b\x1c\x1d\x1e\x1f !"#$%&\'()*+,-./0123456789:;<=>?'), tkeep=None, tid=34, tdest=None, tuser=None, sim_time_start=53870000, sim_time_end=None)
INFO cocotb:  53900.00ns INFO     cocotb.axi_dma.m_axi               Write burst awid: 0x0 awaddr: 0x0000f000 awlen: 15 awsize: 2 awprot: 2
INFO cocotb:  54140.00ns INFO     cocotb.axi_dma.m_axi               Read burst arid: 0x0 araddr: 0x00000000 arlen: 15 arsize: 2 arprot: 2
INFO cocotb:  54280.00ns INFO     cocotb.axi_dma.m_axi               Read burst arid: 0x0 araddr: 0x00001000 arlen: 15 arsize: 2 arprot: 2
INFO cocotb:  54330.00ns INFO     cocotb.axi_dma.m_axis_read_data    RX frame: AxiStreamFrame(tdata=bytearray(b'\x00\x01\x02\x03\x04\x05\x06\x07\x08\t\n\x0b\x0c\r\x0e\x0f\x10\x11\x12\x13\x14\x15\x16\x17\x18\x19\x1a\x1b\x1c\x1d\x1e\x1f !"#$%&\'()*+,-./0123456789:;<=>?'), tkeep=[1, 1, 1, 1, 1, 1, 1, 1, 1, 1, 1, 1, 1, 1, 1, 1, 1, 1, 1, 1, 1, 1, 1, 1, 1, 1, 1, 1, 1, 1, 1, 1, 1, 1, 1, 1, 1, 1, 1, 1, 1, 1, 1, 1, 1, 1, 1, 1, 1, 1, 1, 1, 1, 1, 1, 1, 1, 1, 1, 1, 1, 1, 1, 1], tid=[0, 0, 0, 0, 0, 0, 0, 0, 0, 0, 0, 0, 0, 0, 0, 0, 0, 0, 0, 0, 0, 0, 0, 0, 0, 0, 0, 0, 0, 0, 0, 0, 0, 0, 0, 0, 0, 0, 0, 0, 0, 0, 0, 0, 0, 0, 0, 0, 0, 0, 0, 0, 0, 0, 0, 0, 0, 0, 0, 0, 0, 0, 0, 0], tdest=[0, 0, 0, 0, 0, 0, 0, 0, 0, 0, 0, 0, 0, 0, 0, 0, 0, 0, 0, 0, 0, 0, 0, 0, 0, 0, 0, 0, 0, 0, 0, 0, 0, 0, 0, 0, 0, 0, 0, 0, 0, 0, 0, 0, 0, 0, 0, 0, 0, 0, 0, 0, 0, 0, 0, 0, 0, 0, 0, 0, 0, 0, 0, 0], tuser=[0, 0, 0, 0, 0, 0, 0, 0, 0, 0, 0, 0, 0, 0, 0, 0, 0, 0, 0, 0, 0, 0, 0, 0, 0, 0, 0, 0, 0, 0, 0, 0, 0, 0, 0, 0, 0, 0, 0, 0, 0, 0, 0, 0, 0, 0, 0, 0, 0, 0, 0, 0, 0, 0, 0, 0, 0, 0, 0, 0, 0, 0, 0, 0], sim_time_start=54180000, sim_time_end=54330000)
INFO cocotb:  54340.00ns INFO     cocotb.axi_dma.s_axis_write_data   TX frame: AxiStreamFrame(tdata=bytearray(b'\x00\x01\x02\x03\x04\x05\x06\x07\x08\t\n\x0b\x0c\r\x0e\x0f\x10\x11\x12\x13\x14\x15\x16\x17\x18\x19\x1a\x1b\x1c\x1d\x1e\x1f !"#$%&\'()*+,-./0123456789:;<=>?'), tkeep=None, tid=35, tdest=None, tuser=None, sim_time_start=54340000, sim_time_end=None)
INFO cocotb:  54360.00ns INFO     cocotb.axi_dma.m_axi               Write burst awid: 0x0 awaddr: 0x00008000 awlen: 15 awsize: 2 awprot: 2
INFO cocotb:  54450.00ns INFO     cocotb.axi_dma.m_axi               Read burst arid: 0x0 araddr: 0x00002000 arlen: 15 arsize: 2 arprot: 2
INFO cocotb:  54500.00ns INFO     cocotb.axi_dma.m_axis_read_data    RX frame: AxiStreamFrame(tdata=bytearray(b'\x00\x01\x02\x03\x04\x05\x06\x07\x08\t\n\x0b\x0c\r\x0e\x0f\x10\x11\x12\x13\x14\x15\x16\x17\x18\x19\x1a\x1b\x1c\x1d\x1e\x1f !"#$%&\'()*+,-./0123456789:;<=>?'), tkeep=[1, 1, 1, 1, 1, 1, 1, 1, 1, 1, 1, 1, 1, 1, 1, 1, 1, 1, 1, 1, 1, 1, 1, 1, 1, 1, 1, 1, 1, 1, 1, 1, 1, 1, 1, 1, 1, 1, 1, 1, 1, 1, 1, 1, 1, 1, 1, 1, 1, 1, 1, 1, 1, 1, 1, 1, 1, 1, 1, 1, 1, 1, 1, 1], tid=[0, 0, 0, 0, 0, 0, 0, 0, 0, 0, 0, 0, 0, 0, 0, 0, 0, 0, 0, 0, 0, 0, 0, 0, 0, 0, 0, 0, 0, 0, 0, 0, 0, 0, 0, 0, 0, 0, 0, 0, 0, 0, 0, 0, 0, 0, 0, 0, 0, 0, 0, 0, 0, 0, 0, 0, 0, 0, 0, 0, 0, 0, 0, 0], tdest=[0, 0, 0, 0, 0, 0, 0, 0, 0, 0, 0, 0, 0, 0, 0, 0, 0, 0, 0, 0, 0, 0, 0, 0, 0, 0, 0, 0, 0, 0, 0, 0, 0, 0, 0, 0, 0, 0, 0, 0, 0, 0, 0, 0, 0, 0, 0, 0, 0, 0, 0, 0, 0, 0, 0, 0, 0, 0, 0, 0, 0, 0, 0, 0], tuser=[0, 0, 0, 0, 0, 0, 0, 0, 0, 0, 0, 0, 0, 0, 0, 0, 0, 0, 0, 0, 0, 0, 0, 0, 0, 0, 0, 0, 0, 0, 0, 0, 0, 0, 0, 0, 0, 0, 0, 0, 0, 0, 0, 0, 0, 0, 0, 0, 0, 0, 0, 0, 0, 0, 0, 0, 0, 0, 0, 0, 0, 0, 0, 0], sim_time_start=54350000, sim_time_end=54500000)
INFO cocotb:  54510.00ns INFO     cocotb.axi_dma.s_axis_write_data   TX frame: AxiStreamFrame(tdata=bytearray(b'\x00\x01\x02\x03\x04\x05\x06\x07\x08\t\n\x0b\x0c\r\x0e\x0f\x10\x11\x12\x13\x14\x15\x16\x17\x18\x19\x1a\x1b\x1c\x1d\x1e\x1f !"#$%&\'()*+,-./0123456789:;<=>?'), tkeep=None, tid=36, tdest=None, tuser=None, sim_time_start=54510000, sim_time_end=None)
INFO cocotb:  54540.00ns INFO     cocotb.axi_dma.m_axi               Write burst awid: 0x0 awaddr: 0x00009000 awlen: 15 awsize: 2 awprot: 2
INFO cocotb:  54620.00ns INFO     cocotb.axi_dma.m_axi               Read burst arid: 0x0 araddr: 0x00003000 arlen: 15 arsize: 2 arprot: 2
INFO cocotb:  54670.00ns INFO     cocotb.axi_dma.m_axis_read_data    RX frame: AxiStreamFrame(tdata=bytearray(b'\x00\x01\x02\x03\x04\x05\x06\x07\x08\t\n\x0b\x0c\r\x0e\x0f\x10\x11\x12\x13\x14\x15\x16\x17\x18\x19\x1a\x1b\x1c\x1d\x1e\x1f !"#$%&\'()*+,-./0123456789:;<=>?'), tkeep=[1, 1, 1, 1, 1, 1, 1, 1, 1, 1, 1, 1, 1, 1, 1, 1, 1, 1, 1, 1, 1, 1, 1, 1, 1, 1, 1, 1, 1, 1, 1, 1, 1, 1, 1, 1, 1, 1, 1, 1, 1, 1, 1, 1, 1, 1, 1, 1, 1, 1, 1, 1, 1, 1, 1, 1, 1, 1, 1, 1, 1, 1, 1, 1], tid=[0, 0, 0, 0, 0, 0, 0, 0, 0, 0, 0, 0, 0, 0, 0, 0, 0, 0, 0, 0, 0, 0, 0, 0, 0, 0, 0, 0, 0, 0, 0, 0, 0, 0, 0, 0, 0, 0, 0, 0, 0, 0, 0, 0, 0, 0, 0, 0, 0, 0, 0, 0, 0, 0, 0, 0, 0, 0, 0, 0, 0, 0, 0, 0], tdest=[0, 0, 0, 0, 0, 0, 0, 0, 0, 0, 0, 0, 0, 0, 0, 0, 0, 0, 0, 0, 0, 0, 0, 0, 0, 0, 0, 0, 0, 0, 0, 0, 0, 0, 0, 0, 0, 0, 0, 0, 0, 0, 0, 0, 0, 0, 0, 0, 0, 0, 0, 0, 0, 0, 0, 0, 0, 0, 0, 0, 0, 0, 0, 0], tuser=[0, 0, 0, 0, 0, 0, 0, 0, 0, 0, 0, 0, 0, 0, 0, 0, 0, 0, 0, 0, 0, 0, 0, 0, 0, 0, 0, 0, 0, 0, 0, 0, 0, 0, 0, 0, 0, 0, 0, 0, 0, 0, 0, 0, 0, 0, 0, 0, 0, 0, 0, 0, 0, 0, 0, 0, 0, 0, 0, 0, 0, 0, 0, 0], sim_time_start=54520000, sim_time_end=54670000)
INFO cocotb:  54690.00ns INFO     cocotb.axi_dma.s_axis_write_data   TX frame: AxiStreamFrame(tdata=bytearray(b'\x00\x01\x02\x03\x04\x05\x06\x07\x08\t\n\x0b\x0c\r\x0e\x0f\x10\x11\x12\x13\x14\x15\x16\x17\x18\x19\x1a\x1b\x1c\x1d\x1e\x1f !"#$%&\'()*+,-./0123456789:;<=>?'), tkeep=None, tid=37, tdest=None, tuser=None, sim_time_start=54690000, sim_time_end=None)
INFO cocotb:  54720.00ns INFO     cocotb.axi_dma.m_axi               Write burst awid: 0x0 awaddr: 0x0000a000 awlen: 15 awsize: 2 awprot: 2
INFO cocotb:  54790.00ns INFO     cocotb.axi_dma.m_axi               Read burst arid: 0x0 araddr: 0x00004000 arlen: 15 arsize: 2 arprot: 2
INFO cocotb:  54840.00ns INFO     cocotb.axi_dma.m_axis_read_data    RX frame: AxiStreamFrame(tdata=bytearray(b'\x00\x01\x02\x03\x04\x05\x06\x07\x08\t\n\x0b\x0c\r\x0e\x0f\x10\x11\x12\x13\x14\x15\x16\x17\x18\x19\x1a\x1b\x1c\x1d\x1e\x1f !"#$%&\'()*+,-./0123456789:;<=>?'), tkeep=[1, 1, 1, 1, 1, 1, 1, 1, 1, 1, 1, 1, 1, 1, 1, 1, 1, 1, 1, 1, 1, 1, 1, 1, 1, 1, 1, 1, 1, 1, 1, 1, 1, 1, 1, 1, 1, 1, 1, 1, 1, 1, 1, 1, 1, 1, 1, 1, 1, 1, 1, 1, 1, 1, 1, 1, 1, 1, 1, 1, 1, 1, 1, 1], tid=[0, 0, 0, 0, 0, 0, 0, 0, 0, 0, 0, 0, 0, 0, 0, 0, 0, 0, 0, 0, 0, 0, 0, 0, 0, 0, 0, 0, 0, 0, 0, 0, 0, 0, 0, 0, 0, 0, 0, 0, 0, 0, 0, 0, 0, 0, 0, 0, 0, 0, 0, 0, 0, 0, 0, 0, 0, 0, 0, 0, 0, 0, 0, 0], tdest=[0, 0, 0, 0, 0, 0, 0, 0, 0, 0, 0, 0, 0, 0, 0, 0, 0, 0, 0, 0, 0, 0, 0, 0, 0, 0, 0, 0, 0, 0, 0, 0, 0, 0, 0, 0, 0, 0, 0, 0, 0, 0, 0, 0, 0, 0, 0, 0, 0, 0, 0, 0, 0, 0, 0, 0, 0, 0, 0, 0, 0, 0, 0, 0], tuser=[0, 0, 0, 0, 0, 0, 0, 0, 0, 0, 0, 0, 0, 0, 0, 0, 0, 0, 0, 0, 0, 0, 0, 0, 0, 0, 0, 0, 0, 0, 0, 0, 0, 0, 0, 0, 0, 0, 0, 0, 0, 0, 0, 0, 0, 0, 0, 0, 0, 0, 0, 0, 0, 0, 0, 0, 0, 0, 0, 0, 0, 0, 0, 0], sim_time_start=54690000, sim_time_end=54840000)
INFO cocotb:  54870.00ns INFO     cocotb.axi_dma.s_axis_write_data   TX frame: AxiStreamFrame(tdata=bytearray(b'\x00\x01\x02\x03\x04\x05\x06\x07\x08\t\n\x0b\x0c\r\x0e\x0f\x10\x11\x12\x13\x14\x15\x16\x17\x18\x19\x1a\x1b\x1c\x1d\x1e\x1f !"#$%&\'()*+,-./0123456789:;<=>?'), tkeep=None, tid=38, tdest=None, tuser=None, sim_time_start=54870000, sim_time_end=None)
INFO cocotb:  54900.00ns INFO     cocotb.axi_dma.m_axi               Write burst awid: 0x0 awaddr: 0x0000b000 awlen: 15 awsize: 2 awprot: 2
INFO cocotb:  54960.00ns INFO     cocotb.axi_dma.m_axi               Read burst arid: 0x0 araddr: 0x00005000 arlen: 15 arsize: 2 arprot: 2
INFO cocotb:  55010.00ns INFO     cocotb.axi_dma.m_axis_read_data    RX frame: AxiStreamFrame(tdata=bytearray(b'\x00\x01\x02\x03\x04\x05\x06\x07\x08\t\n\x0b\x0c\r\x0e\x0f\x10\x11\x12\x13\x14\x15\x16\x17\x18\x19\x1a\x1b\x1c\x1d\x1e\x1f !"#$%&\'()*+,-./0123456789:;<=>?'), tkeep=[1, 1, 1, 1, 1, 1, 1, 1, 1, 1, 1, 1, 1, 1, 1, 1, 1, 1, 1, 1, 1, 1, 1, 1, 1, 1, 1, 1, 1, 1, 1, 1, 1, 1, 1, 1, 1, 1, 1, 1, 1, 1, 1, 1, 1, 1, 1, 1, 1, 1, 1, 1, 1, 1, 1, 1, 1, 1, 1, 1, 1, 1, 1, 1], tid=[0, 0, 0, 0, 0, 0, 0, 0, 0, 0, 0, 0, 0, 0, 0, 0, 0, 0, 0, 0, 0, 0, 0, 0, 0, 0, 0, 0, 0, 0, 0, 0, 0, 0, 0, 0, 0, 0, 0, 0, 0, 0, 0, 0, 0, 0, 0, 0, 0, 0, 0, 0, 0, 0, 0, 0, 0, 0, 0, 0, 0, 0, 0, 0], tdest=[0, 0, 0, 0, 0, 0, 0, 0, 0, 0, 0, 0, 0, 0, 0, 0, 0, 0, 0, 0, 0, 0, 0, 0, 0, 0, 0, 0, 0, 0, 0, 0, 0, 0, 0, 0, 0, 0, 0, 0, 0, 0, 0, 0, 0, 0, 0, 0, 0, 0, 0, 0, 0, 0, 0, 0, 0, 0, 0, 0, 0, 0, 0, 0], tuser=[0, 0, 0, 0, 0, 0, 0, 0, 0, 0, 0, 0, 0, 0, 0, 0, 0, 0, 0, 0, 0, 0, 0, 0, 0, 0, 0, 0, 0, 0, 0, 0, 0, 0, 0, 0, 0, 0, 0, 0, 0, 0, 0, 0, 0, 0, 0, 0, 0, 0, 0, 0, 0, 0, 0, 0, 0, 0, 0, 0, 0, 0, 0, 0], sim_time_start=54860000, sim_time_end=55010000)
INFO cocotb:  55050.00ns INFO     cocotb.axi_dma.s_axis_write_data   TX frame: AxiStreamFrame(tdata=bytearray(b'\x00\x01\x02\x03\x04\x05\x06\x07\x08\t\n\x0b\x0c\r\x0e\x0f\x10\x11\x12\x13\x14\x15\x16\x17\x18\x19\x1a\x1b\x1c\x1d\x1e\x1f !"#$%&\'()*+,-./0123456789:;<=>?'), tkeep=None, tid=39, tdest=None, tuser=None, sim_time_start=55050000, sim_time_end=None)
INFO cocotb:  55080.00ns INFO     cocotb.axi_dma.m_axi               Write burst awid: 0x0 awaddr: 0x0000c000 awlen: 15 awsize: 2 awprot: 2
INFO cocotb:  55180.00ns INFO     cocotb.axi_dma.m_axis_read_data    RX frame: AxiStreamFrame(tdata=bytearray(b'\x00\x01\x02\x03\x04\x05\x06\x07\x08\t\n\x0b\x0c\r\x0e\x0f\x10\x11\x12\x13\x14\x15\x16\x17\x18\x19\x1a\x1b\x1c\x1d\x1e\x1f !"#$%&\'()*+,-./0123456789:;<=>?'), tkeep=[1, 1, 1, 1, 1, 1, 1, 1, 1, 1, 1, 1, 1, 1, 1, 1, 1, 1, 1, 1, 1, 1, 1, 1, 1, 1, 1, 1, 1, 1, 1, 1, 1, 1, 1, 1, 1, 1, 1, 1, 1, 1, 1, 1, 1, 1, 1, 1, 1, 1, 1, 1, 1, 1, 1, 1, 1, 1, 1, 1, 1, 1, 1, 1], tid=[0, 0, 0, 0, 0, 0, 0, 0, 0, 0, 0, 0, 0, 0, 0, 0, 0, 0, 0, 0, 0, 0, 0, 0, 0, 0, 0, 0, 0, 0, 0, 0, 0, 0, 0, 0, 0, 0, 0, 0, 0, 0, 0, 0, 0, 0, 0, 0, 0, 0, 0, 0, 0, 0, 0, 0, 0, 0, 0, 0, 0, 0, 0, 0], tdest=[0, 0, 0, 0, 0, 0, 0, 0, 0, 0, 0, 0, 0, 0, 0, 0, 0, 0, 0, 0, 0, 0, 0, 0, 0, 0, 0, 0, 0, 0, 0, 0, 0, 0, 0, 0, 0, 0, 0, 0, 0, 0, 0, 0, 0, 0, 0, 0, 0, 0, 0, 0, 0, 0, 0, 0, 0, 0, 0, 0, 0, 0, 0, 0], tuser=[0, 0, 0, 0, 0, 0, 0, 0, 0, 0, 0, 0, 0, 0, 0, 0, 0, 0, 0, 0, 0, 0, 0, 0, 0, 0, 0, 0, 0, 0, 0, 0, 0, 0, 0, 0, 0, 0, 0, 0, 0, 0, 0, 0, 0, 0, 0, 0, 0, 0, 0, 0, 0, 0, 0, 0, 0, 0, 0, 0, 0, 0, 0, 0], sim_time_start=55030000, sim_time_end=55180000)
INFO cocotb:  55230.00ns INFO     cocotb.axi_dma.s_axis_write_data   TX frame: AxiStreamFrame(tdata=bytearray(b'\x00\x01\x02\x03\x04\x05\x06\x07\x08\t\n\x0b\x0c\r\x0e\x0f\x10\x11\x12\x13\x14\x15\x16\x17\x18\x19\x1a\x1b\x1c\x1d\x1e\x1f !"#$%&\'()*+,-./0123456789:;<=>?'), tkeep=None, tid=40, tdest=None, tuser=None, sim_time_start=55230000, sim_time_end=None)
INFO cocotb:  55260.00ns INFO     cocotb.axi_dma.m_axi               Write burst awid: 0x0 awaddr: 0x0000d000 awlen: 15 awsize: 2 awprot: 2
INFO cocotb:  55500.00ns INFO     cocotb.axi_dma.m_axi               Read burst arid: 0x0 araddr: 0x00000000 arlen: 15 arsize: 2 arprot: 2
INFO cocotb:  55640.00ns INFO     cocotb.axi_dma.m_axi               Read burst arid: 0x0 araddr: 0x00001000 arlen: 15 arsize: 2 arprot: 2
INFO cocotb:  55690.00ns INFO     cocotb.axi_dma.m_axis_read_data    RX frame: AxiStreamFrame(tdata=bytearray(b'\x00\x01\x02\x03\x04\x05\x06\x07\x08\t\n\x0b\x0c\r\x0e\x0f\x10\x11\x12\x13\x14\x15\x16\x17\x18\x19\x1a\x1b\x1c\x1d\x1e\x1f !"#$%&\'()*+,-./0123456789:;<=>?'), tkeep=[1, 1, 1, 1, 1, 1, 1, 1, 1, 1, 1, 1, 1, 1, 1, 1, 1, 1, 1, 1, 1, 1, 1, 1, 1, 1, 1, 1, 1, 1, 1, 1, 1, 1, 1, 1, 1, 1, 1, 1, 1, 1, 1, 1, 1, 1, 1, 1, 1, 1, 1, 1, 1, 1, 1, 1, 1, 1, 1, 1, 1, 1, 1, 1], tid=[0, 0, 0, 0, 0, 0, 0, 0, 0, 0, 0, 0, 0, 0, 0, 0, 0, 0, 0, 0, 0, 0, 0, 0, 0, 0, 0, 0, 0, 0, 0, 0, 0, 0, 0, 0, 0, 0, 0, 0, 0, 0, 0, 0, 0, 0, 0, 0, 0, 0, 0, 0, 0, 0, 0, 0, 0, 0, 0, 0, 0, 0, 0, 0], tdest=[0, 0, 0, 0, 0, 0, 0, 0, 0, 0, 0, 0, 0, 0, 0, 0, 0, 0, 0, 0, 0, 0, 0, 0, 0, 0, 0, 0, 0, 0, 0, 0, 0, 0, 0, 0, 0, 0, 0, 0, 0, 0, 0, 0, 0, 0, 0, 0, 0, 0, 0, 0, 0, 0, 0, 0, 0, 0, 0, 0, 0, 0, 0, 0], tuser=[0, 0, 0, 0, 0, 0, 0, 0, 0, 0, 0, 0, 0, 0, 0, 0, 0, 0, 0, 0, 0, 0, 0, 0, 0, 0, 0, 0, 0, 0, 0, 0, 0, 0, 0, 0, 0, 0, 0, 0, 0, 0, 0, 0, 0, 0, 0, 0, 0, 0, 0, 0, 0, 0, 0, 0, 0, 0, 0, 0, 0, 0, 0, 0], sim_time_start=55540000, sim_time_end=55690000)
INFO cocotb:  55700.00ns INFO     cocotb.axi_dma.s_axis_write_data   TX frame: AxiStreamFrame(tdata=bytearray(b'\x00\x01\x02\x03\x04\x05\x06\x07\x08\t\n\x0b\x0c\r\x0e\x0f\x10\x11\x12\x13\x14\x15\x16\x17\x18\x19\x1a\x1b\x1c\x1d\x1e\x1f !"#$%&\'()*+,-./0123456789:;<=>?'), tkeep=None, tid=41, tdest=None, tuser=None, sim_time_start=55700000, sim_time_end=None)
INFO cocotb:  55720.00ns INFO     cocotb.axi_dma.m_axi               Write burst awid: 0x0 awaddr: 0x00008000 awlen: 15 awsize: 2 awprot: 2
INFO cocotb:  55810.00ns INFO     cocotb.axi_dma.m_axi               Read burst arid: 0x0 araddr: 0x00002000 arlen: 15 arsize: 2 arprot: 2
INFO cocotb:  55860.00ns INFO     cocotb.axi_dma.m_axis_read_data    RX frame: AxiStreamFrame(tdata=bytearray(b'\x00\x01\x02\x03\x04\x05\x06\x07\x08\t\n\x0b\x0c\r\x0e\x0f\x10\x11\x12\x13\x14\x15\x16\x17\x18\x19\x1a\x1b\x1c\x1d\x1e\x1f !"#$%&\'()*+,-./0123456789:;<=>?'), tkeep=[1, 1, 1, 1, 1, 1, 1, 1, 1, 1, 1, 1, 1, 1, 1, 1, 1, 1, 1, 1, 1, 1, 1, 1, 1, 1, 1, 1, 1, 1, 1, 1, 1, 1, 1, 1, 1, 1, 1, 1, 1, 1, 1, 1, 1, 1, 1, 1, 1, 1, 1, 1, 1, 1, 1, 1, 1, 1, 1, 1, 1, 1, 1, 1], tid=[0, 0, 0, 0, 0, 0, 0, 0, 0, 0, 0, 0, 0, 0, 0, 0, 0, 0, 0, 0, 0, 0, 0, 0, 0, 0, 0, 0, 0, 0, 0, 0, 0, 0, 0, 0, 0, 0, 0, 0, 0, 0, 0, 0, 0, 0, 0, 0, 0, 0, 0, 0, 0, 0, 0, 0, 0, 0, 0, 0, 0, 0, 0, 0], tdest=[0, 0, 0, 0, 0, 0, 0, 0, 0, 0, 0, 0, 0, 0, 0, 0, 0, 0, 0, 0, 0, 0, 0, 0, 0, 0, 0, 0, 0, 0, 0, 0, 0, 0, 0, 0, 0, 0, 0, 0, 0, 0, 0, 0, 0, 0, 0, 0, 0, 0, 0, 0, 0, 0, 0, 0, 0, 0, 0, 0, 0, 0, 0, 0], tuser=[0, 0, 0, 0, 0, 0, 0, 0, 0, 0, 0, 0, 0, 0, 0, 0, 0, 0, 0, 0, 0, 0, 0, 0, 0, 0, 0, 0, 0, 0, 0, 0, 0, 0, 0, 0, 0, 0, 0, 0, 0, 0, 0, 0, 0, 0, 0, 0, 0, 0, 0, 0, 0, 0, 0, 0, 0, 0, 0, 0, 0, 0, 0, 0], sim_time_start=55710000, sim_time_end=55860000)
INFO cocotb:  55870.00ns INFO     cocotb.axi_dma.s_axis_write_data   TX frame: AxiStreamFrame(tdata=bytearray(b'\x00\x01\x02\x03\x04\x05\x06\x07\x08\t\n\x0b\x0c\r\x0e\x0f\x10\x11\x12\x13\x14\x15\x16\x17\x18\x19\x1a\x1b\x1c\x1d\x1e\x1f !"#$%&\'()*+,-./0123456789:;<=>?'), tkeep=None, tid=42, tdest=None, tuser=None, sim_time_start=55870000, sim_time_end=None)
INFO cocotb:  55900.00ns INFO     cocotb.axi_dma.m_axi               Write burst awid: 0x0 awaddr: 0x00009000 awlen: 15 awsize: 2 awprot: 2
INFO cocotb:  55980.00ns INFO     cocotb.axi_dma.m_axi               Read burst arid: 0x0 araddr: 0x00003000 arlen: 15 arsize: 2 arprot: 2
INFO cocotb:  56030.00ns INFO     cocotb.axi_dma.m_axis_read_data    RX frame: AxiStreamFrame(tdata=bytearray(b'\x00\x01\x02\x03\x04\x05\x06\x07\x08\t\n\x0b\x0c\r\x0e\x0f\x10\x11\x12\x13\x14\x15\x16\x17\x18\x19\x1a\x1b\x1c\x1d\x1e\x1f !"#$%&\'()*+,-./0123456789:;<=>?'), tkeep=[1, 1, 1, 1, 1, 1, 1, 1, 1, 1, 1, 1, 1, 1, 1, 1, 1, 1, 1, 1, 1, 1, 1, 1, 1, 1, 1, 1, 1, 1, 1, 1, 1, 1, 1, 1, 1, 1, 1, 1, 1, 1, 1, 1, 1, 1, 1, 1, 1, 1, 1, 1, 1, 1, 1, 1, 1, 1, 1, 1, 1, 1, 1, 1], tid=[0, 0, 0, 0, 0, 0, 0, 0, 0, 0, 0, 0, 0, 0, 0, 0, 0, 0, 0, 0, 0, 0, 0, 0, 0, 0, 0, 0, 0, 0, 0, 0, 0, 0, 0, 0, 0, 0, 0, 0, 0, 0, 0, 0, 0, 0, 0, 0, 0, 0, 0, 0, 0, 0, 0, 0, 0, 0, 0, 0, 0, 0, 0, 0], tdest=[0, 0, 0, 0, 0, 0, 0, 0, 0, 0, 0, 0, 0, 0, 0, 0, 0, 0, 0, 0, 0, 0, 0, 0, 0, 0, 0, 0, 0, 0, 0, 0, 0, 0, 0, 0, 0, 0, 0, 0, 0, 0, 0, 0, 0, 0, 0, 0, 0, 0, 0, 0, 0, 0, 0, 0, 0, 0, 0, 0, 0, 0, 0, 0], tuser=[0, 0, 0, 0, 0, 0, 0, 0, 0, 0, 0, 0, 0, 0, 0, 0, 0, 0, 0, 0, 0, 0, 0, 0, 0, 0, 0, 0, 0, 0, 0, 0, 0, 0, 0, 0, 0, 0, 0, 0, 0, 0, 0, 0, 0, 0, 0, 0, 0, 0, 0, 0, 0, 0, 0, 0, 0, 0, 0, 0, 0, 0, 0, 0], sim_time_start=55880000, sim_time_end=56030000)
INFO cocotb:  56050.00ns INFO     cocotb.axi_dma.s_axis_write_data   TX frame: AxiStreamFrame(tdata=bytearray(b'\x00\x01\x02\x03\x04\x05\x06\x07\x08\t\n\x0b\x0c\r\x0e\x0f\x10\x11\x12\x13\x14\x15\x16\x17\x18\x19\x1a\x1b\x1c\x1d\x1e\x1f !"#$%&\'()*+,-./0123456789:;<=>?'), tkeep=None, tid=43, tdest=None, tuser=None, sim_time_start=56050000, sim_time_end=None)
INFO cocotb:  56080.00ns INFO     cocotb.axi_dma.m_axi               Write burst awid: 0x0 awaddr: 0x0000a000 awlen: 15 awsize: 2 awprot: 2
INFO cocotb:  56200.00ns INFO     cocotb.axi_dma.m_axis_read_data    RX frame: AxiStreamFrame(tdata=bytearray(b'\x00\x01\x02\x03\x04\x05\x06\x07\x08\t\n\x0b\x0c\r\x0e\x0f\x10\x11\x12\x13\x14\x15\x16\x17\x18\x19\x1a\x1b\x1c\x1d\x1e\x1f !"#$%&\'()*+,-./0123456789:;<=>?'), tkeep=[1, 1, 1, 1, 1, 1, 1, 1, 1, 1, 1, 1, 1, 1, 1, 1, 1, 1, 1, 1, 1, 1, 1, 1, 1, 1, 1, 1, 1, 1, 1, 1, 1, 1, 1, 1, 1, 1, 1, 1, 1, 1, 1, 1, 1, 1, 1, 1, 1, 1, 1, 1, 1, 1, 1, 1, 1, 1, 1, 1, 1, 1, 1, 1], tid=[0, 0, 0, 0, 0, 0, 0, 0, 0, 0, 0, 0, 0, 0, 0, 0, 0, 0, 0, 0, 0, 0, 0, 0, 0, 0, 0, 0, 0, 0, 0, 0, 0, 0, 0, 0, 0, 0, 0, 0, 0, 0, 0, 0, 0, 0, 0, 0, 0, 0, 0, 0, 0, 0, 0, 0, 0, 0, 0, 0, 0, 0, 0, 0], tdest=[0, 0, 0, 0, 0, 0, 0, 0, 0, 0, 0, 0, 0, 0, 0, 0, 0, 0, 0, 0, 0, 0, 0, 0, 0, 0, 0, 0, 0, 0, 0, 0, 0, 0, 0, 0, 0, 0, 0, 0, 0, 0, 0, 0, 0, 0, 0, 0, 0, 0, 0, 0, 0, 0, 0, 0, 0, 0, 0, 0, 0, 0, 0, 0], tuser=[0, 0, 0, 0, 0, 0, 0, 0, 0, 0, 0, 0, 0, 0, 0, 0, 0, 0, 0, 0, 0, 0, 0, 0, 0, 0, 0, 0, 0, 0, 0, 0, 0, 0, 0, 0, 0, 0, 0, 0, 0, 0, 0, 0, 0, 0, 0, 0, 0, 0, 0, 0, 0, 0, 0, 0, 0, 0, 0, 0, 0, 0, 0, 0], sim_time_start=56050000, sim_time_end=56200000)
INFO cocotb:  56230.00ns INFO     cocotb.axi_dma.s_axis_write_data   TX frame: AxiStreamFrame(tdata=bytearray(b'\x00\x01\x02\x03\x04\x05\x06\x07\x08\t\n\x0b\x0c\r\x0e\x0f\x10\x11\x12\x13\x14\x15\x16\x17\x18\x19\x1a\x1b\x1c\x1d\x1e\x1f !"#$%&\'()*+,-./0123456789:;<=>?'), tkeep=None, tid=44, tdest=None, tuser=None, sim_time_start=56230000, sim_time_end=None)
INFO cocotb:  56260.00ns INFO     cocotb.axi_dma.m_axi               Write burst awid: 0x0 awaddr: 0x0000b000 awlen: 15 awsize: 2 awprot: 2
INFO cocotb:  63490.00ns INFO     cocotb.axi_dma.m_axi               Read burst arid: 0x0 araddr: 0x00000000 arlen: 15 arsize: 2 arprot: 2
INFO cocotb:  63680.00ns INFO     cocotb.axi_dma.m_axis_read_data    RX frame: AxiStreamFrame(tdata=bytearray(b'\x00\x01\x02\x03\x04\x05\x06\x07\x08\t\n\x0b\x0c\r\x0e\x0f\x10\x11\x12\x13\x14\x15\x16\x17\x18\x19\x1a\x1b\x1c\x1d\x1e\x1f !"#$%&\'()*+,-./0123456789:;<=>?'), tkeep=[1, 1, 1, 1, 1, 1, 1, 1, 1, 1, 1, 1, 1, 1, 1, 1, 1, 1, 1, 1, 1, 1, 1, 1, 1, 1, 1, 1, 1, 1, 1, 1, 1, 1, 1, 1, 1, 1, 1, 1, 1, 1, 1, 1, 1, 1, 1, 1, 1, 1, 1, 1, 1, 1, 1, 1, 1, 1, 1, 1, 1, 1, 1, 1], tid=[0, 0, 0, 0, 0, 0, 0, 0, 0, 0, 0, 0, 0, 0, 0, 0, 0, 0, 0, 0, 0, 0, 0, 0, 0, 0, 0, 0, 0, 0, 0, 0, 0, 0, 0, 0, 0, 0, 0, 0, 0, 0, 0, 0, 0, 0, 0, 0, 0, 0, 0, 0, 0, 0, 0, 0, 0, 0, 0, 0, 0, 0, 0, 0], tdest=[0, 0, 0, 0, 0, 0, 0, 0, 0, 0, 0, 0, 0, 0, 0, 0, 0, 0, 0, 0, 0, 0, 0, 0, 0, 0, 0, 0, 0, 0, 0, 0, 0, 0, 0, 0, 0, 0, 0, 0, 0, 0, 0, 0, 0, 0, 0, 0, 0, 0, 0, 0, 0, 0, 0, 0, 0, 0, 0, 0, 0, 0, 0, 0], tuser=[0, 0, 0, 0, 0, 0, 0, 0, 0, 0, 0, 0, 0, 0, 0, 0, 0, 0, 0, 0, 0, 0, 0, 0, 0, 0, 0, 0, 0, 0, 0, 0, 0, 0, 0, 0, 0, 0, 0, 0, 0, 0, 0, 0, 0, 0, 0, 0, 0, 0, 0, 0, 0, 0, 0, 0, 0, 0, 0, 0, 0, 0, 0, 0], sim_time_start=63530000, sim_time_end=63680000)
INFO cocotb:  63690.00ns INFO     cocotb.axi_dma.s_axis_write_data   TX frame: AxiStreamFrame(tdata=bytearray(b'\x00\x01\x02\x03\x04\x05\x06\x07\x08\t\n\x0b\x0c\r\x0e\x0f\x10\x11\x12\x13\x14\x15\x16\x17\x18\x19\x1a\x1b\x1c\x1d\x1e\x1f !"#$%&\'()*+,-./0123456789:;<=>?'), tkeep=None, tid=45, tdest=None, tuser=None, sim_time_start=63690000, sim_time_end=None)
INFO cocotb:  63710.00ns INFO     cocotb.axi_dma.m_axi               Write burst awid: 0x0 awaddr: 0x00008000 awlen: 15 awsize: 2 awprot: 2
INFO cocotb:  71240.00ns INFO     cocotb.axi_dma.m_axi               Read burst arid: 0x0 araddr: 0x00000000 arlen: 15 arsize: 2 arprot: 2
INFO cocotb:  71380.00ns INFO     cocotb.axi_dma.m_axi               Read burst arid: 0x0 araddr: 0x00001000 arlen: 15 arsize: 2 arprot: 2
INFO cocotb:  71430.00ns INFO     cocotb.axi_dma.m_axis_read_data    RX frame: AxiStreamFrame(tdata=bytearray(b'\x00\x01\x02\x03\x04\x05\x06\x07\x08\t\n\x0b\x0c\r\x0e\x0f\x10\x11\x12\x13\x14\x15\x16\x17\x18\x19\x1a\x1b\x1c\x1d\x1e\x1f !"#$%&\'()*+,-./0123456789:;<=>?'), tkeep=[1, 1, 1, 1, 1, 1, 1, 1, 1, 1, 1, 1, 1, 1, 1, 1, 1, 1, 1, 1, 1, 1, 1, 1, 1, 1, 1, 1, 1, 1, 1, 1, 1, 1, 1, 1, 1, 1, 1, 1, 1, 1, 1, 1, 1, 1, 1, 1, 1, 1, 1, 1, 1, 1, 1, 1, 1, 1, 1, 1, 1, 1, 1, 1], tid=[0, 0, 0, 0, 0, 0, 0, 0, 0, 0, 0, 0, 0, 0, 0, 0, 0, 0, 0, 0, 0, 0, 0, 0, 0, 0, 0, 0, 0, 0, 0, 0, 0, 0, 0, 0, 0, 0, 0, 0, 0, 0, 0, 0, 0, 0, 0, 0, 0, 0, 0, 0, 0, 0, 0, 0, 0, 0, 0, 0, 0, 0, 0, 0], tdest=[0, 0, 0, 0, 0, 0, 0, 0, 0, 0, 0, 0, 0, 0, 0, 0, 0, 0, 0, 0, 0, 0, 0, 0, 0, 0, 0, 0, 0, 0, 0, 0, 0, 0, 0, 0, 0, 0, 0, 0, 0, 0, 0, 0, 0, 0, 0, 0, 0, 0, 0, 0, 0, 0, 0, 0, 0, 0, 0, 0, 0, 0, 0, 0], tuser=[0, 0, 0, 0, 0, 0, 0, 0, 0, 0, 0, 0, 0, 0, 0, 0, 0, 0, 0, 0, 0, 0, 0, 0, 0, 0, 0, 0, 0, 0, 0, 0, 0, 0, 0, 0, 0, 0, 0, 0, 0, 0, 0, 0, 0, 0, 0, 0, 0, 0, 0, 0, 0, 0, 0, 0, 0, 0, 0, 0, 0, 0, 0, 0], sim_time_start=71280000, sim_time_end=71430000)
INFO cocotb:  71440.00ns INFO     cocotb.axi_dma.s_axis_write_data   TX frame: AxiStreamFrame(tdata=bytearray(b'\x00\x01\x02\x03\x04\x05\x06\x07\x08\t\n\x0b\x0c\r\x0e\x0f\x10\x11\x12\x13\x14\x15\x16\x17\x18\x19\x1a\x1b\x1c\x1d\x1e\x1f !"#$%&\'()*+,-./0123456789:;<=>?'), tkeep=None, tid=46, tdest=None, tuser=None, sim_time_start=71440000, sim_time_end=None)
INFO cocotb:  71460.00ns INFO     cocotb.axi_dma.m_axi               Write burst awid: 0x0 awaddr: 0x00008000 awlen: 15 awsize: 2 awprot: 2
INFO cocotb:  71550.00ns INFO     cocotb.axi_dma.m_axi               Read burst arid: 0x0 araddr: 0x00002000 arlen: 15 arsize: 2 arprot: 2
INFO cocotb:  71600.00ns INFO     cocotb.axi_dma.m_axis_read_data    RX frame: AxiStreamFrame(tdata=bytearray(b'\x00\x01\x02\x03\x04\x05\x06\x07\x08\t\n\x0b\x0c\r\x0e\x0f\x10\x11\x12\x13\x14\x15\x16\x17\x18\x19\x1a\x1b\x1c\x1d\x1e\x1f !"#$%&\'()*+,-./0123456789:;<=>?'), tkeep=[1, 1, 1, 1, 1, 1, 1, 1, 1, 1, 1, 1, 1, 1, 1, 1, 1, 1, 1, 1, 1, 1, 1, 1, 1, 1, 1, 1, 1, 1, 1, 1, 1, 1, 1, 1, 1, 1, 1, 1, 1, 1, 1, 1, 1, 1, 1, 1, 1, 1, 1, 1, 1, 1, 1, 1, 1, 1, 1, 1, 1, 1, 1, 1], tid=[0, 0, 0, 0, 0, 0, 0, 0, 0, 0, 0, 0, 0, 0, 0, 0, 0, 0, 0, 0, 0, 0, 0, 0, 0, 0, 0, 0, 0, 0, 0, 0, 0, 0, 0, 0, 0, 0, 0, 0, 0, 0, 0, 0, 0, 0, 0, 0, 0, 0, 0, 0, 0, 0, 0, 0, 0, 0, 0, 0, 0, 0, 0, 0], tdest=[0, 0, 0, 0, 0, 0, 0, 0, 0, 0, 0, 0, 0, 0, 0, 0, 0, 0, 0, 0, 0, 0, 0, 0, 0, 0, 0, 0, 0, 0, 0, 0, 0, 0, 0, 0, 0, 0, 0, 0, 0, 0, 0, 0, 0, 0, 0, 0, 0, 0, 0, 0, 0, 0, 0, 0, 0, 0, 0, 0, 0, 0, 0, 0], tuser=[0, 0, 0, 0, 0, 0, 0, 0, 0, 0, 0, 0, 0, 0, 0, 0, 0, 0, 0, 0, 0, 0, 0, 0, 0, 0, 0, 0, 0, 0, 0, 0, 0, 0, 0, 0, 0, 0, 0, 0, 0, 0, 0, 0, 0, 0, 0, 0, 0, 0, 0, 0, 0, 0, 0, 0, 0, 0, 0, 0, 0, 0, 0, 0], sim_time_start=71450000, sim_time_end=71600000)
INFO cocotb:  71610.00ns INFO     cocotb.axi_dma.s_axis_write_data   TX frame: AxiStreamFrame(tdata=bytearray(b'\x00\x01\x02\x03\x04\x05\x06\x07\x08\t\n\x0b\x0c\r\x0e\x0f\x10\x11\x12\x13\x14\x15\x16\x17\x18\x19\x1a\x1b\x1c\x1d\x1e\x1f !"#$%&\'()*+,-./0123456789:;<=>?'), tkeep=None, tid=47, tdest=None, tuser=None, sim_time_start=71610000, sim_time_end=None)
INFO cocotb:  71640.00ns INFO     cocotb.axi_dma.m_axi               Write burst awid: 0x0 awaddr: 0x00009000 awlen: 15 awsize: 2 awprot: 2
INFO cocotb:  71770.00ns INFO     cocotb.axi_dma.m_axis_read_data    RX frame: AxiStreamFrame(tdata=bytearray(b'\x00\x01\x02\x03\x04\x05\x06\x07\x08\t\n\x0b\x0c\r\x0e\x0f\x10\x11\x12\x13\x14\x15\x16\x17\x18\x19\x1a\x1b\x1c\x1d\x1e\x1f !"#$%&\'()*+,-./0123456789:;<=>?'), tkeep=[1, 1, 1, 1, 1, 1, 1, 1, 1, 1, 1, 1, 1, 1, 1, 1, 1, 1, 1, 1, 1, 1, 1, 1, 1, 1, 1, 1, 1, 1, 1, 1, 1, 1, 1, 1, 1, 1, 1, 1, 1, 1, 1, 1, 1, 1, 1, 1, 1, 1, 1, 1, 1, 1, 1, 1, 1, 1, 1, 1, 1, 1, 1, 1], tid=[0, 0, 0, 0, 0, 0, 0, 0, 0, 0, 0, 0, 0, 0, 0, 0, 0, 0, 0, 0, 0, 0, 0, 0, 0, 0, 0, 0, 0, 0, 0, 0, 0, 0, 0, 0, 0, 0, 0, 0, 0, 0, 0, 0, 0, 0, 0, 0, 0, 0, 0, 0, 0, 0, 0, 0, 0, 0, 0, 0, 0, 0, 0, 0], tdest=[0, 0, 0, 0, 0, 0, 0, 0, 0, 0, 0, 0, 0, 0, 0, 0, 0, 0, 0, 0, 0, 0, 0, 0, 0, 0, 0, 0, 0, 0, 0, 0, 0, 0, 0, 0, 0, 0, 0, 0, 0, 0, 0, 0, 0, 0, 0, 0, 0, 0, 0, 0, 0, 0, 0, 0, 0, 0, 0, 0, 0, 0, 0, 0], tuser=[0, 0, 0, 0, 0, 0, 0, 0, 0, 0, 0, 0, 0, 0, 0, 0, 0, 0, 0, 0, 0, 0, 0, 0, 0, 0, 0, 0, 0, 0, 0, 0, 0, 0, 0, 0, 0, 0, 0, 0, 0, 0, 0, 0, 0, 0, 0, 0, 0, 0, 0, 0, 0, 0, 0, 0, 0, 0, 0, 0, 0, 0, 0, 0], sim_time_start=71620000, sim_time_end=71770000)
INFO cocotb:  71790.00ns INFO     cocotb.axi_dma.s_axis_write_data   TX frame: AxiStreamFrame(tdata=bytearray(b'\x00\x01\x02\x03\x04\x05\x06\x07\x08\t\n\x0b\x0c\r\x0e\x0f\x10\x11\x12\x13\x14\x15\x16\x17\x18\x19\x1a\x1b\x1c\x1d\x1e\x1f !"#$%&\'()*+,-./0123456789:;<=>?'), tkeep=None, tid=48, tdest=None, tuser=None, sim_time_start=71790000, sim_time_end=None)
INFO cocotb:  71820.00ns INFO     cocotb.axi_dma.m_axi               Write burst awid: 0x0 awaddr: 0x0000a000 awlen: 15 awsize: 2 awprot: 2
INFO cocotb:  72060.00ns INFO     cocotb.axi_dma.m_axi               Read burst arid: 0x0 araddr: 0x00000000 arlen: 15 arsize: 2 arprot: 2
INFO cocotb:  72200.00ns INFO     cocotb.axi_dma.m_axi               Read burst arid: 0x0 araddr: 0x00001000 arlen: 15 arsize: 2 arprot: 2
INFO cocotb:  72250.00ns INFO     cocotb.axi_dma.m_axis_read_data    RX frame: AxiStreamFrame(tdata=bytearray(b'\x00\x01\x02\x03\x04\x05\x06\x07\x08\t\n\x0b\x0c\r\x0e\x0f\x10\x11\x12\x13\x14\x15\x16\x17\x18\x19\x1a\x1b\x1c\x1d\x1e\x1f !"#$%&\'()*+,-./0123456789:;<=>?'), tkeep=[1, 1, 1, 1, 1, 1, 1, 1, 1, 1, 1, 1, 1, 1, 1, 1, 1, 1, 1, 1, 1, 1, 1, 1, 1, 1, 1, 1, 1, 1, 1, 1, 1, 1, 1, 1, 1, 1, 1, 1, 1, 1, 1, 1, 1, 1, 1, 1, 1, 1, 1, 1, 1, 1, 1, 1, 1, 1, 1, 1, 1, 1, 1, 1], tid=[0, 0, 0, 0, 0, 0, 0, 0, 0, 0, 0, 0, 0, 0, 0, 0, 0, 0, 0, 0, 0, 0, 0, 0, 0, 0, 0, 0, 0, 0, 0, 0, 0, 0, 0, 0, 0, 0, 0, 0, 0, 0, 0, 0, 0, 0, 0, 0, 0, 0, 0, 0, 0, 0, 0, 0, 0, 0, 0, 0, 0, 0, 0, 0], tdest=[0, 0, 0, 0, 0, 0, 0, 0, 0, 0, 0, 0, 0, 0, 0, 0, 0, 0, 0, 0, 0, 0, 0, 0, 0, 0, 0, 0, 0, 0, 0, 0, 0, 0, 0, 0, 0, 0, 0, 0, 0, 0, 0, 0, 0, 0, 0, 0, 0, 0, 0, 0, 0, 0, 0, 0, 0, 0, 0, 0, 0, 0, 0, 0], tuser=[0, 0, 0, 0, 0, 0, 0, 0, 0, 0, 0, 0, 0, 0, 0, 0, 0, 0, 0, 0, 0, 0, 0, 0, 0, 0, 0, 0, 0, 0, 0, 0, 0, 0, 0, 0, 0, 0, 0, 0, 0, 0, 0, 0, 0, 0, 0, 0, 0, 0, 0, 0, 0, 0, 0, 0, 0, 0, 0, 0, 0, 0, 0, 0], sim_time_start=72100000, sim_time_end=72250000)
INFO cocotb:  72260.00ns INFO     cocotb.axi_dma.s_axis_write_data   TX frame: AxiStreamFrame(tdata=bytearray(b'\x00\x01\x02\x03\x04\x05\x06\x07\x08\t\n\x0b\x0c\r\x0e\x0f\x10\x11\x12\x13\x14\x15\x16\x17\x18\x19\x1a\x1b\x1c\x1d\x1e\x1f !"#$%&\'()*+,-./0123456789:;<=>?'), tkeep=None, tid=49, tdest=None, tuser=None, sim_time_start=72260000, sim_time_end=None)
INFO cocotb:  72280.00ns INFO     cocotb.axi_dma.m_axi               Write burst awid: 0x0 awaddr: 0x00008000 awlen: 15 awsize: 2 awprot: 2
INFO cocotb:  72370.00ns INFO     cocotb.axi_dma.m_axi               Read burst arid: 0x0 araddr: 0x00002000 arlen: 15 arsize: 2 arprot: 2
INFO cocotb:  72420.00ns INFO     cocotb.axi_dma.m_axis_read_data    RX frame: AxiStreamFrame(tdata=bytearray(b'\x00\x01\x02\x03\x04\x05\x06\x07\x08\t\n\x0b\x0c\r\x0e\x0f\x10\x11\x12\x13\x14\x15\x16\x17\x18\x19\x1a\x1b\x1c\x1d\x1e\x1f !"#$%&\'()*+,-./0123456789:;<=>?'), tkeep=[1, 1, 1, 1, 1, 1, 1, 1, 1, 1, 1, 1, 1, 1, 1, 1, 1, 1, 1, 1, 1, 1, 1, 1, 1, 1, 1, 1, 1, 1, 1, 1, 1, 1, 1, 1, 1, 1, 1, 1, 1, 1, 1, 1, 1, 1, 1, 1, 1, 1, 1, 1, 1, 1, 1, 1, 1, 1, 1, 1, 1, 1, 1, 1], tid=[0, 0, 0, 0, 0, 0, 0, 0, 0, 0, 0, 0, 0, 0, 0, 0, 0, 0, 0, 0, 0, 0, 0, 0, 0, 0, 0, 0, 0, 0, 0, 0, 0, 0, 0, 0, 0, 0, 0, 0, 0, 0, 0, 0, 0, 0, 0, 0, 0, 0, 0, 0, 0, 0, 0, 0, 0, 0, 0, 0, 0, 0, 0, 0], tdest=[0, 0, 0, 0, 0, 0, 0, 0, 0, 0, 0, 0, 0, 0, 0, 0, 0, 0, 0, 0, 0, 0, 0, 0, 0, 0, 0, 0, 0, 0, 0, 0, 0, 0, 0, 0, 0, 0, 0, 0, 0, 0, 0, 0, 0, 0, 0, 0, 0, 0, 0, 0, 0, 0, 0, 0, 0, 0, 0, 0, 0, 0, 0, 0], tuser=[0, 0, 0, 0, 0, 0, 0, 0, 0, 0, 0, 0, 0, 0, 0, 0, 0, 0, 0, 0, 0, 0, 0, 0, 0, 0, 0, 0, 0, 0, 0, 0, 0, 0, 0, 0, 0, 0, 0, 0, 0, 0, 0, 0, 0, 0, 0, 0, 0, 0, 0, 0, 0, 0, 0, 0, 0, 0, 0, 0, 0, 0, 0, 0], sim_time_start=72270000, sim_time_end=72420000)
INFO cocotb:  72430.00ns INFO     cocotb.axi_dma.s_axis_write_data   TX frame: AxiStreamFrame(tdata=bytearray(b'\x00\x01\x02\x03\x04\x05\x06\x07\x08\t\n\x0b\x0c\r\x0e\x0f\x10\x11\x12\x13\x14\x15\x16\x17\x18\x19\x1a\x1b\x1c\x1d\x1e\x1f !"#$%&\'()*+,-./0123456789:;<=>?'), tkeep=None, tid=50, tdest=None, tuser=None, sim_time_start=72430000, sim_time_end=None)
INFO cocotb:  72460.00ns INFO     cocotb.axi_dma.m_axi               Write burst awid: 0x0 awaddr: 0x00009000 awlen: 15 awsize: 2 awprot: 2
INFO cocotb:  72540.00ns INFO     cocotb.axi_dma.m_axi               Read burst arid: 0x0 araddr: 0x00003000 arlen: 15 arsize: 2 arprot: 2
INFO cocotb:  72590.00ns INFO     cocotb.axi_dma.m_axis_read_data    RX frame: AxiStreamFrame(tdata=bytearray(b'\x00\x01\x02\x03\x04\x05\x06\x07\x08\t\n\x0b\x0c\r\x0e\x0f\x10\x11\x12\x13\x14\x15\x16\x17\x18\x19\x1a\x1b\x1c\x1d\x1e\x1f !"#$%&\'()*+,-./0123456789:;<=>?'), tkeep=[1, 1, 1, 1, 1, 1, 1, 1, 1, 1, 1, 1, 1, 1, 1, 1, 1, 1, 1, 1, 1, 1, 1, 1, 1, 1, 1, 1, 1, 1, 1, 1, 1, 1, 1, 1, 1, 1, 1, 1, 1, 1, 1, 1, 1, 1, 1, 1, 1, 1, 1, 1, 1, 1, 1, 1, 1, 1, 1, 1, 1, 1, 1, 1], tid=[0, 0, 0, 0, 0, 0, 0, 0, 0, 0, 0, 0, 0, 0, 0, 0, 0, 0, 0, 0, 0, 0, 0, 0, 0, 0, 0, 0, 0, 0, 0, 0, 0, 0, 0, 0, 0, 0, 0, 0, 0, 0, 0, 0, 0, 0, 0, 0, 0, 0, 0, 0, 0, 0, 0, 0, 0, 0, 0, 0, 0, 0, 0, 0], tdest=[0, 0, 0, 0, 0, 0, 0, 0, 0, 0, 0, 0, 0, 0, 0, 0, 0, 0, 0, 0, 0, 0, 0, 0, 0, 0, 0, 0, 0, 0, 0, 0, 0, 0, 0, 0, 0, 0, 0, 0, 0, 0, 0, 0, 0, 0, 0, 0, 0, 0, 0, 0, 0, 0, 0, 0, 0, 0, 0, 0, 0, 0, 0, 0], tuser=[0, 0, 0, 0, 0, 0, 0, 0, 0, 0, 0, 0, 0, 0, 0, 0, 0, 0, 0, 0, 0, 0, 0, 0, 0, 0, 0, 0, 0, 0, 0, 0, 0, 0, 0, 0, 0, 0, 0, 0, 0, 0, 0, 0, 0, 0, 0, 0, 0, 0, 0, 0, 0, 0, 0, 0, 0, 0, 0, 0, 0, 0, 0, 0], sim_time_start=72440000, sim_time_end=72590000)
INFO cocotb:  72610.00ns INFO     cocotb.axi_dma.s_axis_write_data   TX frame: AxiStreamFrame(tdata=bytearray(b'\x00\x01\x02\x03\x04\x05\x06\x07\x08\t\n\x0b\x0c\r\x0e\x0f\x10\x11\x12\x13\x14\x15\x16\x17\x18\x19\x1a\x1b\x1c\x1d\x1e\x1f !"#$%&\'()*+,-./0123456789:;<=>?'), tkeep=None, tid=51, tdest=None, tuser=None, sim_time_start=72610000, sim_time_end=None)
INFO cocotb:  72640.00ns INFO     cocotb.axi_dma.m_axi               Write burst awid: 0x0 awaddr: 0x0000a000 awlen: 15 awsize: 2 awprot: 2
INFO cocotb:  72710.00ns INFO     cocotb.axi_dma.m_axi               Read burst arid: 0x0 araddr: 0x00004000 arlen: 15 arsize: 2 arprot: 2
INFO cocotb:  72760.00ns INFO     cocotb.axi_dma.m_axis_read_data    RX frame: AxiStreamFrame(tdata=bytearray(b'\x00\x01\x02\x03\x04\x05\x06\x07\x08\t\n\x0b\x0c\r\x0e\x0f\x10\x11\x12\x13\x14\x15\x16\x17\x18\x19\x1a\x1b\x1c\x1d\x1e\x1f !"#$%&\'()*+,-./0123456789:;<=>?'), tkeep=[1, 1, 1, 1, 1, 1, 1, 1, 1, 1, 1, 1, 1, 1, 1, 1, 1, 1, 1, 1, 1, 1, 1, 1, 1, 1, 1, 1, 1, 1, 1, 1, 1, 1, 1, 1, 1, 1, 1, 1, 1, 1, 1, 1, 1, 1, 1, 1, 1, 1, 1, 1, 1, 1, 1, 1, 1, 1, 1, 1, 1, 1, 1, 1], tid=[0, 0, 0, 0, 0, 0, 0, 0, 0, 0, 0, 0, 0, 0, 0, 0, 0, 0, 0, 0, 0, 0, 0, 0, 0, 0, 0, 0, 0, 0, 0, 0, 0, 0, 0, 0, 0, 0, 0, 0, 0, 0, 0, 0, 0, 0, 0, 0, 0, 0, 0, 0, 0, 0, 0, 0, 0, 0, 0, 0, 0, 0, 0, 0], tdest=[0, 0, 0, 0, 0, 0, 0, 0, 0, 0, 0, 0, 0, 0, 0, 0, 0, 0, 0, 0, 0, 0, 0, 0, 0, 0, 0, 0, 0, 0, 0, 0, 0, 0, 0, 0, 0, 0, 0, 0, 0, 0, 0, 0, 0, 0, 0, 0, 0, 0, 0, 0, 0, 0, 0, 0, 0, 0, 0, 0, 0, 0, 0, 0], tuser=[0, 0, 0, 0, 0, 0, 0, 0, 0, 0, 0, 0, 0, 0, 0, 0, 0, 0, 0, 0, 0, 0, 0, 0, 0, 0, 0, 0, 0, 0, 0, 0, 0, 0, 0, 0, 0, 0, 0, 0, 0, 0, 0, 0, 0, 0, 0, 0, 0, 0, 0, 0, 0, 0, 0, 0, 0, 0, 0, 0, 0, 0, 0, 0], sim_time_start=72610000, sim_time_end=72760000)
INFO cocotb:  72790.00ns INFO     cocotb.axi_dma.s_axis_write_data   TX frame: AxiStreamFrame(tdata=bytearray(b'\x00\x01\x02\x03\x04\x05\x06\x07\x08\t\n\x0b\x0c\r\x0e\x0f\x10\x11\x12\x13\x14\x15\x16\x17\x18\x19\x1a\x1b\x1c\x1d\x1e\x1f !"#$%&\'()*+,-./0123456789:;<=>?'), tkeep=None, tid=52, tdest=None, tuser=None, sim_time_start=72790000, sim_time_end=None)
INFO cocotb:  72820.00ns INFO     cocotb.axi_dma.m_axi               Write burst awid: 0x0 awaddr: 0x0000b000 awlen: 15 awsize: 2 awprot: 2
INFO cocotb:  72880.00ns INFO     cocotb.axi_dma.m_axi               Read burst arid: 0x0 araddr: 0x00005000 arlen: 15 arsize: 2 arprot: 2
INFO cocotb:  72930.00ns INFO     cocotb.axi_dma.m_axis_read_data    RX frame: AxiStreamFrame(tdata=bytearray(b'\x00\x01\x02\x03\x04\x05\x06\x07\x08\t\n\x0b\x0c\r\x0e\x0f\x10\x11\x12\x13\x14\x15\x16\x17\x18\x19\x1a\x1b\x1c\x1d\x1e\x1f !"#$%&\'()*+,-./0123456789:;<=>?'), tkeep=[1, 1, 1, 1, 1, 1, 1, 1, 1, 1, 1, 1, 1, 1, 1, 1, 1, 1, 1, 1, 1, 1, 1, 1, 1, 1, 1, 1, 1, 1, 1, 1, 1, 1, 1, 1, 1, 1, 1, 1, 1, 1, 1, 1, 1, 1, 1, 1, 1, 1, 1, 1, 1, 1, 1, 1, 1, 1, 1, 1, 1, 1, 1, 1], tid=[0, 0, 0, 0, 0, 0, 0, 0, 0, 0, 0, 0, 0, 0, 0, 0, 0, 0, 0, 0, 0, 0, 0, 0, 0, 0, 0, 0, 0, 0, 0, 0, 0, 0, 0, 0, 0, 0, 0, 0, 0, 0, 0, 0, 0, 0, 0, 0, 0, 0, 0, 0, 0, 0, 0, 0, 0, 0, 0, 0, 0, 0, 0, 0], tdest=[0, 0, 0, 0, 0, 0, 0, 0, 0, 0, 0, 0, 0, 0, 0, 0, 0, 0, 0, 0, 0, 0, 0, 0, 0, 0, 0, 0, 0, 0, 0, 0, 0, 0, 0, 0, 0, 0, 0, 0, 0, 0, 0, 0, 0, 0, 0, 0, 0, 0, 0, 0, 0, 0, 0, 0, 0, 0, 0, 0, 0, 0, 0, 0], tuser=[0, 0, 0, 0, 0, 0, 0, 0, 0, 0, 0, 0, 0, 0, 0, 0, 0, 0, 0, 0, 0, 0, 0, 0, 0, 0, 0, 0, 0, 0, 0, 0, 0, 0, 0, 0, 0, 0, 0, 0, 0, 0, 0, 0, 0, 0, 0, 0, 0, 0, 0, 0, 0, 0, 0, 0, 0, 0, 0, 0, 0, 0, 0, 0], sim_time_start=72780000, sim_time_end=72930000)
INFO cocotb:  72970.00ns INFO     cocotb.axi_dma.s_axis_write_data   TX frame: AxiStreamFrame(tdata=bytearray(b'\x00\x01\x02\x03\x04\x05\x06\x07\x08\t\n\x0b\x0c\r\x0e\x0f\x10\x11\x12\x13\x14\x15\x16\x17\x18\x19\x1a\x1b\x1c\x1d\x1e\x1f !"#$%&\'()*+,-./0123456789:;<=>?'), tkeep=None, tid=53, tdest=None, tuser=None, sim_time_start=72970000, sim_time_end=None)
INFO cocotb:  73000.00ns INFO     cocotb.axi_dma.m_axi               Write burst awid: 0x0 awaddr: 0x0000c000 awlen: 15 awsize: 2 awprot: 2
INFO cocotb:  73100.00ns INFO     cocotb.axi_dma.m_axis_read_data    RX frame: AxiStreamFrame(tdata=bytearray(b'\x00\x01\x02\x03\x04\x05\x06\x07\x08\t\n\x0b\x0c\r\x0e\x0f\x10\x11\x12\x13\x14\x15\x16\x17\x18\x19\x1a\x1b\x1c\x1d\x1e\x1f !"#$%&\'()*+,-./0123456789:;<=>?'), tkeep=[1, 1, 1, 1, 1, 1, 1, 1, 1, 1, 1, 1, 1, 1, 1, 1, 1, 1, 1, 1, 1, 1, 1, 1, 1, 1, 1, 1, 1, 1, 1, 1, 1, 1, 1, 1, 1, 1, 1, 1, 1, 1, 1, 1, 1, 1, 1, 1, 1, 1, 1, 1, 1, 1, 1, 1, 1, 1, 1, 1, 1, 1, 1, 1], tid=[0, 0, 0, 0, 0, 0, 0, 0, 0, 0, 0, 0, 0, 0, 0, 0, 0, 0, 0, 0, 0, 0, 0, 0, 0, 0, 0, 0, 0, 0, 0, 0, 0, 0, 0, 0, 0, 0, 0, 0, 0, 0, 0, 0, 0, 0, 0, 0, 0, 0, 0, 0, 0, 0, 0, 0, 0, 0, 0, 0, 0, 0, 0, 0], tdest=[0, 0, 0, 0, 0, 0, 0, 0, 0, 0, 0, 0, 0, 0, 0, 0, 0, 0, 0, 0, 0, 0, 0, 0, 0, 0, 0, 0, 0, 0, 0, 0, 0, 0, 0, 0, 0, 0, 0, 0, 0, 0, 0, 0, 0, 0, 0, 0, 0, 0, 0, 0, 0, 0, 0, 0, 0, 0, 0, 0, 0, 0, 0, 0], tuser=[0, 0, 0, 0, 0, 0, 0, 0, 0, 0, 0, 0, 0, 0, 0, 0, 0, 0, 0, 0, 0, 0, 0, 0, 0, 0, 0, 0, 0, 0, 0, 0, 0, 0, 0, 0, 0, 0, 0, 0, 0, 0, 0, 0, 0, 0, 0, 0, 0, 0, 0, 0, 0, 0, 0, 0, 0, 0, 0, 0, 0, 0, 0, 0], sim_time_start=72950000, sim_time_end=73100000)
INFO cocotb:  73150.00ns INFO     cocotb.axi_dma.s_axis_write_data   TX frame: AxiStreamFrame(tdata=bytearray(b'\x00\x01\x02\x03\x04\x05\x06\x07\x08\t\n\x0b\x0c\r\x0e\x0f\x10\x11\x12\x13\x14\x15\x16\x17\x18\x19\x1a\x1b\x1c\x1d\x1e\x1f !"#$%&\'()*+,-./0123456789:;<=>?'), tkeep=None, tid=54, tdest=None, tuser=None, sim_time_start=73150000, sim_time_end=None)
INFO cocotb:  73180.00ns INFO     cocotb.axi_dma.m_axi               Write burst awid: 0x0 awaddr: 0x0000d000 awlen: 15 awsize: 2 awprot: 2
INFO cocotb:  73420.00ns INFO     cocotb.axi_dma.m_axi               Read burst arid: 0x0 araddr: 0x00000000 arlen: 15 arsize: 2 arprot: 2
INFO cocotb:  73560.00ns INFO     cocotb.axi_dma.m_axi               Read burst arid: 0x0 araddr: 0x00001000 arlen: 15 arsize: 2 arprot: 2
INFO cocotb:  73610.00ns INFO     cocotb.axi_dma.m_axis_read_data    RX frame: AxiStreamFrame(tdata=bytearray(b'\x00\x01\x02\x03\x04\x05\x06\x07\x08\t\n\x0b\x0c\r\x0e\x0f\x10\x11\x12\x13\x14\x15\x16\x17\x18\x19\x1a\x1b\x1c\x1d\x1e\x1f !"#$%&\'()*+,-./0123456789:;<=>?'), tkeep=[1, 1, 1, 1, 1, 1, 1, 1, 1, 1, 1, 1, 1, 1, 1, 1, 1, 1, 1, 1, 1, 1, 1, 1, 1, 1, 1, 1, 1, 1, 1, 1, 1, 1, 1, 1, 1, 1, 1, 1, 1, 1, 1, 1, 1, 1, 1, 1, 1, 1, 1, 1, 1, 1, 1, 1, 1, 1, 1, 1, 1, 1, 1, 1], tid=[0, 0, 0, 0, 0, 0, 0, 0, 0, 0, 0, 0, 0, 0, 0, 0, 0, 0, 0, 0, 0, 0, 0, 0, 0, 0, 0, 0, 0, 0, 0, 0, 0, 0, 0, 0, 0, 0, 0, 0, 0, 0, 0, 0, 0, 0, 0, 0, 0, 0, 0, 0, 0, 0, 0, 0, 0, 0, 0, 0, 0, 0, 0, 0], tdest=[0, 0, 0, 0, 0, 0, 0, 0, 0, 0, 0, 0, 0, 0, 0, 0, 0, 0, 0, 0, 0, 0, 0, 0, 0, 0, 0, 0, 0, 0, 0, 0, 0, 0, 0, 0, 0, 0, 0, 0, 0, 0, 0, 0, 0, 0, 0, 0, 0, 0, 0, 0, 0, 0, 0, 0, 0, 0, 0, 0, 0, 0, 0, 0], tuser=[0, 0, 0, 0, 0, 0, 0, 0, 0, 0, 0, 0, 0, 0, 0, 0, 0, 0, 0, 0, 0, 0, 0, 0, 0, 0, 0, 0, 0, 0, 0, 0, 0, 0, 0, 0, 0, 0, 0, 0, 0, 0, 0, 0, 0, 0, 0, 0, 0, 0, 0, 0, 0, 0, 0, 0, 0, 0, 0, 0, 0, 0, 0, 0], sim_time_start=73460000, sim_time_end=73610000)
INFO cocotb:  73620.00ns INFO     cocotb.axi_dma.s_axis_write_data   TX frame: AxiStreamFrame(tdata=bytearray(b'\x00\x01\x02\x03\x04\x05\x06\x07\x08\t\n\x0b\x0c\r\x0e\x0f\x10\x11\x12\x13\x14\x15\x16\x17\x18\x19\x1a\x1b\x1c\x1d\x1e\x1f !"#$%&\'()*+,-./0123456789:;<=>?'), tkeep=None, tid=55, tdest=None, tuser=None, sim_time_start=73620000, sim_time_end=None)
INFO cocotb:  73640.00ns INFO     cocotb.axi_dma.m_axi               Write burst awid: 0x0 awaddr: 0x00008000 awlen: 15 awsize: 2 awprot: 2
INFO cocotb:  73730.00ns INFO     cocotb.axi_dma.m_axi               Read burst arid: 0x0 araddr: 0x00002000 arlen: 15 arsize: 2 arprot: 2
INFO cocotb:  73780.00ns INFO     cocotb.axi_dma.m_axis_read_data    RX frame: AxiStreamFrame(tdata=bytearray(b'\x00\x01\x02\x03\x04\x05\x06\x07\x08\t\n\x0b\x0c\r\x0e\x0f\x10\x11\x12\x13\x14\x15\x16\x17\x18\x19\x1a\x1b\x1c\x1d\x1e\x1f !"#$%&\'()*+,-./0123456789:;<=>?'), tkeep=[1, 1, 1, 1, 1, 1, 1, 1, 1, 1, 1, 1, 1, 1, 1, 1, 1, 1, 1, 1, 1, 1, 1, 1, 1, 1, 1, 1, 1, 1, 1, 1, 1, 1, 1, 1, 1, 1, 1, 1, 1, 1, 1, 1, 1, 1, 1, 1, 1, 1, 1, 1, 1, 1, 1, 1, 1, 1, 1, 1, 1, 1, 1, 1], tid=[0, 0, 0, 0, 0, 0, 0, 0, 0, 0, 0, 0, 0, 0, 0, 0, 0, 0, 0, 0, 0, 0, 0, 0, 0, 0, 0, 0, 0, 0, 0, 0, 0, 0, 0, 0, 0, 0, 0, 0, 0, 0, 0, 0, 0, 0, 0, 0, 0, 0, 0, 0, 0, 0, 0, 0, 0, 0, 0, 0, 0, 0, 0, 0], tdest=[0, 0, 0, 0, 0, 0, 0, 0, 0, 0, 0, 0, 0, 0, 0, 0, 0, 0, 0, 0, 0, 0, 0, 0, 0, 0, 0, 0, 0, 0, 0, 0, 0, 0, 0, 0, 0, 0, 0, 0, 0, 0, 0, 0, 0, 0, 0, 0, 0, 0, 0, 0, 0, 0, 0, 0, 0, 0, 0, 0, 0, 0, 0, 0], tuser=[0, 0, 0, 0, 0, 0, 0, 0, 0, 0, 0, 0, 0, 0, 0, 0, 0, 0, 0, 0, 0, 0, 0, 0, 0, 0, 0, 0, 0, 0, 0, 0, 0, 0, 0, 0, 0, 0, 0, 0, 0, 0, 0, 0, 0, 0, 0, 0, 0, 0, 0, 0, 0, 0, 0, 0, 0, 0, 0, 0, 0, 0, 0, 0], sim_time_start=73630000, sim_time_end=73780000)
INFO cocotb:  73790.00ns INFO     cocotb.axi_dma.s_axis_write_data   TX frame: AxiStreamFrame(tdata=bytearray(b'\x00\x01\x02\x03\x04\x05\x06\x07\x08\t\n\x0b\x0c\r\x0e\x0f\x10\x11\x12\x13\x14\x15\x16\x17\x18\x19\x1a\x1b\x1c\x1d\x1e\x1f !"#$%&\'()*+,-./0123456789:;<=>?'), tkeep=None, tid=56, tdest=None, tuser=None, sim_time_start=73790000, sim_time_end=None)
INFO cocotb:  73820.00ns INFO     cocotb.axi_dma.m_axi               Write burst awid: 0x0 awaddr: 0x00009000 awlen: 15 awsize: 2 awprot: 2
INFO cocotb:  73900.00ns INFO     cocotb.axi_dma.m_axi               Read burst arid: 0x0 araddr: 0x00003000 arlen: 15 arsize: 2 arprot: 2
INFO cocotb:  73950.00ns INFO     cocotb.axi_dma.m_axis_read_data    RX frame: AxiStreamFrame(tdata=bytearray(b'\x00\x01\x02\x03\x04\x05\x06\x07\x08\t\n\x0b\x0c\r\x0e\x0f\x10\x11\x12\x13\x14\x15\x16\x17\x18\x19\x1a\x1b\x1c\x1d\x1e\x1f !"#$%&\'()*+,-./0123456789:;<=>?'), tkeep=[1, 1, 1, 1, 1, 1, 1, 1, 1, 1, 1, 1, 1, 1, 1, 1, 1, 1, 1, 1, 1, 1, 1, 1, 1, 1, 1, 1, 1, 1, 1, 1, 1, 1, 1, 1, 1, 1, 1, 1, 1, 1, 1, 1, 1, 1, 1, 1, 1, 1, 1, 1, 1, 1, 1, 1, 1, 1, 1, 1, 1, 1, 1, 1], tid=[0, 0, 0, 0, 0, 0, 0, 0, 0, 0, 0, 0, 0, 0, 0, 0, 0, 0, 0, 0, 0, 0, 0, 0, 0, 0, 0, 0, 0, 0, 0, 0, 0, 0, 0, 0, 0, 0, 0, 0, 0, 0, 0, 0, 0, 0, 0, 0, 0, 0, 0, 0, 0, 0, 0, 0, 0, 0, 0, 0, 0, 0, 0, 0], tdest=[0, 0, 0, 0, 0, 0, 0, 0, 0, 0, 0, 0, 0, 0, 0, 0, 0, 0, 0, 0, 0, 0, 0, 0, 0, 0, 0, 0, 0, 0, 0, 0, 0, 0, 0, 0, 0, 0, 0, 0, 0, 0, 0, 0, 0, 0, 0, 0, 0, 0, 0, 0, 0, 0, 0, 0, 0, 0, 0, 0, 0, 0, 0, 0], tuser=[0, 0, 0, 0, 0, 0, 0, 0, 0, 0, 0, 0, 0, 0, 0, 0, 0, 0, 0, 0, 0, 0, 0, 0, 0, 0, 0, 0, 0, 0, 0, 0, 0, 0, 0, 0, 0, 0, 0, 0, 0, 0, 0, 0, 0, 0, 0, 0, 0, 0, 0, 0, 0, 0, 0, 0, 0, 0, 0, 0, 0, 0, 0, 0], sim_time_start=73800000, sim_time_end=73950000)
INFO cocotb:  73970.00ns INFO     cocotb.axi_dma.s_axis_write_data   TX frame: AxiStreamFrame(tdata=bytearray(b'\x00\x01\x02\x03\x04\x05\x06\x07\x08\t\n\x0b\x0c\r\x0e\x0f\x10\x11\x12\x13\x14\x15\x16\x17\x18\x19\x1a\x1b\x1c\x1d\x1e\x1f !"#$%&\'()*+,-./0123456789:;<=>?'), tkeep=None, tid=57, tdest=None, tuser=None, sim_time_start=73970000, sim_time_end=None)
INFO cocotb:  74000.00ns INFO     cocotb.axi_dma.m_axi               Write burst awid: 0x0 awaddr: 0x0000a000 awlen: 15 awsize: 2 awprot: 2
INFO cocotb:  74070.00ns INFO     cocotb.axi_dma.m_axi               Read burst arid: 0x0 araddr: 0x00004000 arlen: 15 arsize: 2 arprot: 2
INFO cocotb:  74120.00ns INFO     cocotb.axi_dma.m_axis_read_data    RX frame: AxiStreamFrame(tdata=bytearray(b'\x00\x01\x02\x03\x04\x05\x06\x07\x08\t\n\x0b\x0c\r\x0e\x0f\x10\x11\x12\x13\x14\x15\x16\x17\x18\x19\x1a\x1b\x1c\x1d\x1e\x1f !"#$%&\'()*+,-./0123456789:;<=>?'), tkeep=[1, 1, 1, 1, 1, 1, 1, 1, 1, 1, 1, 1, 1, 1, 1, 1, 1, 1, 1, 1, 1, 1, 1, 1, 1, 1, 1, 1, 1, 1, 1, 1, 1, 1, 1, 1, 1, 1, 1, 1, 1, 1, 1, 1, 1, 1, 1, 1, 1, 1, 1, 1, 1, 1, 1, 1, 1, 1, 1, 1, 1, 1, 1, 1], tid=[0, 0, 0, 0, 0, 0, 0, 0, 0, 0, 0, 0, 0, 0, 0, 0, 0, 0, 0, 0, 0, 0, 0, 0, 0, 0, 0, 0, 0, 0, 0, 0, 0, 0, 0, 0, 0, 0, 0, 0, 0, 0, 0, 0, 0, 0, 0, 0, 0, 0, 0, 0, 0, 0, 0, 0, 0, 0, 0, 0, 0, 0, 0, 0], tdest=[0, 0, 0, 0, 0, 0, 0, 0, 0, 0, 0, 0, 0, 0, 0, 0, 0, 0, 0, 0, 0, 0, 0, 0, 0, 0, 0, 0, 0, 0, 0, 0, 0, 0, 0, 0, 0, 0, 0, 0, 0, 0, 0, 0, 0, 0, 0, 0, 0, 0, 0, 0, 0, 0, 0, 0, 0, 0, 0, 0, 0, 0, 0, 0], tuser=[0, 0, 0, 0, 0, 0, 0, 0, 0, 0, 0, 0, 0, 0, 0, 0, 0, 0, 0, 0, 0, 0, 0, 0, 0, 0, 0, 0, 0, 0, 0, 0, 0, 0, 0, 0, 0, 0, 0, 0, 0, 0, 0, 0, 0, 0, 0, 0, 0, 0, 0, 0, 0, 0, 0, 0, 0, 0, 0, 0, 0, 0, 0, 0], sim_time_start=73970000, sim_time_end=74120000)
INFO cocotb:  74150.00ns INFO     cocotb.axi_dma.s_axis_write_data   TX frame: AxiStreamFrame(tdata=bytearray(b'\x00\x01\x02\x03\x04\x05\x06\x07\x08\t\n\x0b\x0c\r\x0e\x0f\x10\x11\x12\x13\x14\x15\x16\x17\x18\x19\x1a\x1b\x1c\x1d\x1e\x1f !"#$%&\'()*+,-./0123456789:;<=>?'), tkeep=None, tid=58, tdest=None, tuser=None, sim_time_start=74150000, sim_time_end=None)
INFO cocotb:  74180.00ns INFO     cocotb.axi_dma.m_axi               Write burst awid: 0x0 awaddr: 0x0000b000 awlen: 15 awsize: 2 awprot: 2
INFO cocotb:  74240.00ns INFO     cocotb.axi_dma.m_axi               Read burst arid: 0x0 araddr: 0x00005000 arlen: 15 arsize: 2 arprot: 2
INFO cocotb:  74290.00ns INFO     cocotb.axi_dma.m_axis_read_data    RX frame: AxiStreamFrame(tdata=bytearray(b'\x00\x01\x02\x03\x04\x05\x06\x07\x08\t\n\x0b\x0c\r\x0e\x0f\x10\x11\x12\x13\x14\x15\x16\x17\x18\x19\x1a\x1b\x1c\x1d\x1e\x1f !"#$%&\'()*+,-./0123456789:;<=>?'), tkeep=[1, 1, 1, 1, 1, 1, 1, 1, 1, 1, 1, 1, 1, 1, 1, 1, 1, 1, 1, 1, 1, 1, 1, 1, 1, 1, 1, 1, 1, 1, 1, 1, 1, 1, 1, 1, 1, 1, 1, 1, 1, 1, 1, 1, 1, 1, 1, 1, 1, 1, 1, 1, 1, 1, 1, 1, 1, 1, 1, 1, 1, 1, 1, 1], tid=[0, 0, 0, 0, 0, 0, 0, 0, 0, 0, 0, 0, 0, 0, 0, 0, 0, 0, 0, 0, 0, 0, 0, 0, 0, 0, 0, 0, 0, 0, 0, 0, 0, 0, 0, 0, 0, 0, 0, 0, 0, 0, 0, 0, 0, 0, 0, 0, 0, 0, 0, 0, 0, 0, 0, 0, 0, 0, 0, 0, 0, 0, 0, 0], tdest=[0, 0, 0, 0, 0, 0, 0, 0, 0, 0, 0, 0, 0, 0, 0, 0, 0, 0, 0, 0, 0, 0, 0, 0, 0, 0, 0, 0, 0, 0, 0, 0, 0, 0, 0, 0, 0, 0, 0, 0, 0, 0, 0, 0, 0, 0, 0, 0, 0, 0, 0, 0, 0, 0, 0, 0, 0, 0, 0, 0, 0, 0, 0, 0], tuser=[0, 0, 0, 0, 0, 0, 0, 0, 0, 0, 0, 0, 0, 0, 0, 0, 0, 0, 0, 0, 0, 0, 0, 0, 0, 0, 0, 0, 0, 0, 0, 0, 0, 0, 0, 0, 0, 0, 0, 0, 0, 0, 0, 0, 0, 0, 0, 0, 0, 0, 0, 0, 0, 0, 0, 0, 0, 0, 0, 0, 0, 0, 0, 0], sim_time_start=74140000, sim_time_end=74290000)
INFO cocotb:  74330.00ns INFO     cocotb.axi_dma.s_axis_write_data   TX frame: AxiStreamFrame(tdata=bytearray(b'\x00\x01\x02\x03\x04\x05\x06\x07\x08\t\n\x0b\x0c\r\x0e\x0f\x10\x11\x12\x13\x14\x15\x16\x17\x18\x19\x1a\x1b\x1c\x1d\x1e\x1f !"#$%&\'()*+,-./0123456789:;<=>?'), tkeep=None, tid=59, tdest=None, tuser=None, sim_time_start=74330000, sim_time_end=None)
INFO cocotb:  74360.00ns INFO     cocotb.axi_dma.m_axi               Write burst awid: 0x0 awaddr: 0x0000c000 awlen: 15 awsize: 2 awprot: 2
INFO cocotb:  74410.00ns INFO     cocotb.axi_dma.m_axi               Read burst arid: 0x0 araddr: 0x00006000 arlen: 15 arsize: 2 arprot: 2
INFO cocotb:  74460.00ns INFO     cocotb.axi_dma.m_axis_read_data    RX frame: AxiStreamFrame(tdata=bytearray(b'\x00\x01\x02\x03\x04\x05\x06\x07\x08\t\n\x0b\x0c\r\x0e\x0f\x10\x11\x12\x13\x14\x15\x16\x17\x18\x19\x1a\x1b\x1c\x1d\x1e\x1f !"#$%&\'()*+,-./0123456789:;<=>?'), tkeep=[1, 1, 1, 1, 1, 1, 1, 1, 1, 1, 1, 1, 1, 1, 1, 1, 1, 1, 1, 1, 1, 1, 1, 1, 1, 1, 1, 1, 1, 1, 1, 1, 1, 1, 1, 1, 1, 1, 1, 1, 1, 1, 1, 1, 1, 1, 1, 1, 1, 1, 1, 1, 1, 1, 1, 1, 1, 1, 1, 1, 1, 1, 1, 1], tid=[0, 0, 0, 0, 0, 0, 0, 0, 0, 0, 0, 0, 0, 0, 0, 0, 0, 0, 0, 0, 0, 0, 0, 0, 0, 0, 0, 0, 0, 0, 0, 0, 0, 0, 0, 0, 0, 0, 0, 0, 0, 0, 0, 0, 0, 0, 0, 0, 0, 0, 0, 0, 0, 0, 0, 0, 0, 0, 0, 0, 0, 0, 0, 0], tdest=[0, 0, 0, 0, 0, 0, 0, 0, 0, 0, 0, 0, 0, 0, 0, 0, 0, 0, 0, 0, 0, 0, 0, 0, 0, 0, 0, 0, 0, 0, 0, 0, 0, 0, 0, 0, 0, 0, 0, 0, 0, 0, 0, 0, 0, 0, 0, 0, 0, 0, 0, 0, 0, 0, 0, 0, 0, 0, 0, 0, 0, 0, 0, 0], tuser=[0, 0, 0, 0, 0, 0, 0, 0, 0, 0, 0, 0, 0, 0, 0, 0, 0, 0, 0, 0, 0, 0, 0, 0, 0, 0, 0, 0, 0, 0, 0, 0, 0, 0, 0, 0, 0, 0, 0, 0, 0, 0, 0, 0, 0, 0, 0, 0, 0, 0, 0, 0, 0, 0, 0, 0, 0, 0, 0, 0, 0, 0, 0, 0], sim_time_start=74310000, sim_time_end=74460000)
INFO cocotb:  74510.00ns INFO     cocotb.axi_dma.s_axis_write_data   TX frame: AxiStreamFrame(tdata=bytearray(b'\x00\x01\x02\x03\x04\x05\x06\x07\x08\t\n\x0b\x0c\r\x0e\x0f\x10\x11\x12\x13\x14\x15\x16\x17\x18\x19\x1a\x1b\x1c\x1d\x1e\x1f !"#$%&\'()*+,-./0123456789:;<=>?'), tkeep=None, tid=60, tdest=None, tuser=None, sim_time_start=74510000, sim_time_end=None)
INFO cocotb:  74540.00ns INFO     cocotb.axi_dma.m_axi               Write burst awid: 0x0 awaddr: 0x0000d000 awlen: 15 awsize: 2 awprot: 2
INFO cocotb:  74580.00ns INFO     cocotb.axi_dma.m_axi               Read burst arid: 0x0 araddr: 0x00007000 arlen: 15 arsize: 2 arprot: 2
INFO cocotb:  74630.00ns INFO     cocotb.axi_dma.m_axis_read_data    RX frame: AxiStreamFrame(tdata=bytearray(b'\x00\x01\x02\x03\x04\x05\x06\x07\x08\t\n\x0b\x0c\r\x0e\x0f\x10\x11\x12\x13\x14\x15\x16\x17\x18\x19\x1a\x1b\x1c\x1d\x1e\x1f !"#$%&\'()*+,-./0123456789:;<=>?'), tkeep=[1, 1, 1, 1, 1, 1, 1, 1, 1, 1, 1, 1, 1, 1, 1, 1, 1, 1, 1, 1, 1, 1, 1, 1, 1, 1, 1, 1, 1, 1, 1, 1, 1, 1, 1, 1, 1, 1, 1, 1, 1, 1, 1, 1, 1, 1, 1, 1, 1, 1, 1, 1, 1, 1, 1, 1, 1, 1, 1, 1, 1, 1, 1, 1], tid=[0, 0, 0, 0, 0, 0, 0, 0, 0, 0, 0, 0, 0, 0, 0, 0, 0, 0, 0, 0, 0, 0, 0, 0, 0, 0, 0, 0, 0, 0, 0, 0, 0, 0, 0, 0, 0, 0, 0, 0, 0, 0, 0, 0, 0, 0, 0, 0, 0, 0, 0, 0, 0, 0, 0, 0, 0, 0, 0, 0, 0, 0, 0, 0], tdest=[0, 0, 0, 0, 0, 0, 0, 0, 0, 0, 0, 0, 0, 0, 0, 0, 0, 0, 0, 0, 0, 0, 0, 0, 0, 0, 0, 0, 0, 0, 0, 0, 0, 0, 0, 0, 0, 0, 0, 0, 0, 0, 0, 0, 0, 0, 0, 0, 0, 0, 0, 0, 0, 0, 0, 0, 0, 0, 0, 0, 0, 0, 0, 0], tuser=[0, 0, 0, 0, 0, 0, 0, 0, 0, 0, 0, 0, 0, 0, 0, 0, 0, 0, 0, 0, 0, 0, 0, 0, 0, 0, 0, 0, 0, 0, 0, 0, 0, 0, 0, 0, 0, 0, 0, 0, 0, 0, 0, 0, 0, 0, 0, 0, 0, 0, 0, 0, 0, 0, 0, 0, 0, 0, 0, 0, 0, 0, 0, 0], sim_time_start=74480000, sim_time_end=74630000)
INFO cocotb:  74690.00ns INFO     cocotb.axi_dma.s_axis_write_data   TX frame: AxiStreamFrame(tdata=bytearray(b'\x00\x01\x02\x03\x04\x05\x06\x07\x08\t\n\x0b\x0c\r\x0e\x0f\x10\x11\x12\x13\x14\x15\x16\x17\x18\x19\x1a\x1b\x1c\x1d\x1e\x1f !"#$%&\'()*+,-./0123456789:;<=>?'), tkeep=None, tid=61, tdest=None, tuser=None, sim_time_start=74690000, sim_time_end=None)
INFO cocotb:  74720.00ns INFO     cocotb.axi_dma.m_axi               Write burst awid: 0x0 awaddr: 0x0000e000 awlen: 15 awsize: 2 awprot: 2
INFO cocotb:  74800.00ns INFO     cocotb.axi_dma.m_axis_read_data    RX frame: AxiStreamFrame(tdata=bytearray(b'\x00\x01\x02\x03\x04\x05\x06\x07\x08\t\n\x0b\x0c\r\x0e\x0f\x10\x11\x12\x13\x14\x15\x16\x17\x18\x19\x1a\x1b\x1c\x1d\x1e\x1f !"#$%&\'()*+,-./0123456789:;<=>?'), tkeep=[1, 1, 1, 1, 1, 1, 1, 1, 1, 1, 1, 1, 1, 1, 1, 1, 1, 1, 1, 1, 1, 1, 1, 1, 1, 1, 1, 1, 1, 1, 1, 1, 1, 1, 1, 1, 1, 1, 1, 1, 1, 1, 1, 1, 1, 1, 1, 1, 1, 1, 1, 1, 1, 1, 1, 1, 1, 1, 1, 1, 1, 1, 1, 1], tid=[0, 0, 0, 0, 0, 0, 0, 0, 0, 0, 0, 0, 0, 0, 0, 0, 0, 0, 0, 0, 0, 0, 0, 0, 0, 0, 0, 0, 0, 0, 0, 0, 0, 0, 0, 0, 0, 0, 0, 0, 0, 0, 0, 0, 0, 0, 0, 0, 0, 0, 0, 0, 0, 0, 0, 0, 0, 0, 0, 0, 0, 0, 0, 0], tdest=[0, 0, 0, 0, 0, 0, 0, 0, 0, 0, 0, 0, 0, 0, 0, 0, 0, 0, 0, 0, 0, 0, 0, 0, 0, 0, 0, 0, 0, 0, 0, 0, 0, 0, 0, 0, 0, 0, 0, 0, 0, 0, 0, 0, 0, 0, 0, 0, 0, 0, 0, 0, 0, 0, 0, 0, 0, 0, 0, 0, 0, 0, 0, 0], tuser=[0, 0, 0, 0, 0, 0, 0, 0, 0, 0, 0, 0, 0, 0, 0, 0, 0, 0, 0, 0, 0, 0, 0, 0, 0, 0, 0, 0, 0, 0, 0, 0, 0, 0, 0, 0, 0, 0, 0, 0, 0, 0, 0, 0, 0, 0, 0, 0, 0, 0, 0, 0, 0, 0, 0, 0, 0, 0, 0, 0, 0, 0, 0, 0], sim_time_start=74650000, sim_time_end=74800000)
INFO cocotb:  74870.00ns INFO     cocotb.axi_dma.s_axis_write_data   TX frame: AxiStreamFrame(tdata=bytearray(b'\x00\x01\x02\x03\x04\x05\x06\x07\x08\t\n\x0b\x0c\r\x0e\x0f\x10\x11\x12\x13\x14\x15\x16\x17\x18\x19\x1a\x1b\x1c\x1d\x1e\x1f !"#$%&\'()*+,-./0123456789:;<=>?'), tkeep=None, tid=62, tdest=None, tuser=None, sim_time_start=74870000, sim_time_end=None)
INFO cocotb:  74900.00ns INFO     cocotb.axi_dma.m_axi               Write burst awid: 0x0 awaddr: 0x0000f000 awlen: 15 awsize: 2 awprot: 2
INFO cocotb:  75140.00ns INFO     cocotb.axi_dma.m_axi               Read burst arid: 0x0 araddr: 0x00000000 arlen: 15 arsize: 2 arprot: 2
INFO cocotb:  75280.00ns INFO     cocotb.axi_dma.m_axi               Read burst arid: 0x0 araddr: 0x00001000 arlen: 15 arsize: 2 arprot: 2
INFO cocotb:  75330.00ns INFO     cocotb.axi_dma.m_axis_read_data    RX frame: AxiStreamFrame(tdata=bytearray(b'\x00\x01\x02\x03\x04\x05\x06\x07\x08\t\n\x0b\x0c\r\x0e\x0f\x10\x11\x12\x13\x14\x15\x16\x17\x18\x19\x1a\x1b\x1c\x1d\x1e\x1f !"#$%&\'()*+,-./0123456789:;<=>?'), tkeep=[1, 1, 1, 1, 1, 1, 1, 1, 1, 1, 1, 1, 1, 1, 1, 1, 1, 1, 1, 1, 1, 1, 1, 1, 1, 1, 1, 1, 1, 1, 1, 1, 1, 1, 1, 1, 1, 1, 1, 1, 1, 1, 1, 1, 1, 1, 1, 1, 1, 1, 1, 1, 1, 1, 1, 1, 1, 1, 1, 1, 1, 1, 1, 1], tid=[0, 0, 0, 0, 0, 0, 0, 0, 0, 0, 0, 0, 0, 0, 0, 0, 0, 0, 0, 0, 0, 0, 0, 0, 0, 0, 0, 0, 0, 0, 0, 0, 0, 0, 0, 0, 0, 0, 0, 0, 0, 0, 0, 0, 0, 0, 0, 0, 0, 0, 0, 0, 0, 0, 0, 0, 0, 0, 0, 0, 0, 0, 0, 0], tdest=[0, 0, 0, 0, 0, 0, 0, 0, 0, 0, 0, 0, 0, 0, 0, 0, 0, 0, 0, 0, 0, 0, 0, 0, 0, 0, 0, 0, 0, 0, 0, 0, 0, 0, 0, 0, 0, 0, 0, 0, 0, 0, 0, 0, 0, 0, 0, 0, 0, 0, 0, 0, 0, 0, 0, 0, 0, 0, 0, 0, 0, 0, 0, 0], tuser=[0, 0, 0, 0, 0, 0, 0, 0, 0, 0, 0, 0, 0, 0, 0, 0, 0, 0, 0, 0, 0, 0, 0, 0, 0, 0, 0, 0, 0, 0, 0, 0, 0, 0, 0, 0, 0, 0, 0, 0, 0, 0, 0, 0, 0, 0, 0, 0, 0, 0, 0, 0, 0, 0, 0, 0, 0, 0, 0, 0, 0, 0, 0, 0], sim_time_start=75180000, sim_time_end=75330000)
INFO cocotb:  75340.00ns INFO     cocotb.axi_dma.s_axis_write_data   TX frame: AxiStreamFrame(tdata=bytearray(b'\x00\x01\x02\x03\x04\x05\x06\x07\x08\t\n\x0b\x0c\r\x0e\x0f\x10\x11\x12\x13\x14\x15\x16\x17\x18\x19\x1a\x1b\x1c\x1d\x1e\x1f !"#$%&\'()*+,-./0123456789:;<=>?'), tkeep=None, tid=63, tdest=None, tuser=None, sim_time_start=75340000, sim_time_end=None)
INFO cocotb:  75360.00ns INFO     cocotb.axi_dma.m_axi               Write burst awid: 0x0 awaddr: 0x00008000 awlen: 15 awsize: 2 awprot: 2
INFO cocotb:  75500.00ns INFO     cocotb.axi_dma.m_axis_read_data    RX frame: AxiStreamFrame(tdata=bytearray(b'\x00\x01\x02\x03\x04\x05\x06\x07\x08\t\n\x0b\x0c\r\x0e\x0f\x10\x11\x12\x13\x14\x15\x16\x17\x18\x19\x1a\x1b\x1c\x1d\x1e\x1f !"#$%&\'()*+,-./0123456789:;<=>?'), tkeep=[1, 1, 1, 1, 1, 1, 1, 1, 1, 1, 1, 1, 1, 1, 1, 1, 1, 1, 1, 1, 1, 1, 1, 1, 1, 1, 1, 1, 1, 1, 1, 1, 1, 1, 1, 1, 1, 1, 1, 1, 1, 1, 1, 1, 1, 1, 1, 1, 1, 1, 1, 1, 1, 1, 1, 1, 1, 1, 1, 1, 1, 1, 1, 1], tid=[0, 0, 0, 0, 0, 0, 0, 0, 0, 0, 0, 0, 0, 0, 0, 0, 0, 0, 0, 0, 0, 0, 0, 0, 0, 0, 0, 0, 0, 0, 0, 0, 0, 0, 0, 0, 0, 0, 0, 0, 0, 0, 0, 0, 0, 0, 0, 0, 0, 0, 0, 0, 0, 0, 0, 0, 0, 0, 0, 0, 0, 0, 0, 0], tdest=[0, 0, 0, 0, 0, 0, 0, 0, 0, 0, 0, 0, 0, 0, 0, 0, 0, 0, 0, 0, 0, 0, 0, 0, 0, 0, 0, 0, 0, 0, 0, 0, 0, 0, 0, 0, 0, 0, 0, 0, 0, 0, 0, 0, 0, 0, 0, 0, 0, 0, 0, 0, 0, 0, 0, 0, 0, 0, 0, 0, 0, 0, 0, 0], tuser=[0, 0, 0, 0, 0, 0, 0, 0, 0, 0, 0, 0, 0, 0, 0, 0, 0, 0, 0, 0, 0, 0, 0, 0, 0, 0, 0, 0, 0, 0, 0, 0, 0, 0, 0, 0, 0, 0, 0, 0, 0, 0, 0, 0, 0, 0, 0, 0, 0, 0, 0, 0, 0, 0, 0, 0, 0, 0, 0, 0, 0, 0, 0, 0], sim_time_start=75350000, sim_time_end=75500000)
INFO cocotb:  75510.00ns INFO     cocotb.axi_dma.s_axis_write_data   TX frame: AxiStreamFrame(tdata=bytearray(b'\x00\x01\x02\x03\x04\x05\x06\x07\x08\t\n\x0b\x0c\r\x0e\x0f\x10\x11\x12\x13\x14\x15\x16\x17\x18\x19\x1a\x1b\x1c\x1d\x1e\x1f !"#$%&\'()*+,-./0123456789:;<=>?'), tkeep=None, tid=64, tdest=None, tuser=None, sim_time_start=75510000, sim_time_end=None)
INFO cocotb:  75540.00ns INFO     cocotb.axi_dma.m_axi               Write burst awid: 0x0 awaddr: 0x00009000 awlen: 15 awsize: 2 awprot: 2
ERROR cocotb: /home/aman/agcws/third_party/harnesses/axi_dma_pipelined_tb.py:110: FutureWarning: Calling this method will cause a CancelledError to be thrown in the Task sometime in the future.
ERROR cocotb:   watcher.cancel()
INFO cocotb: 120005.00ns INFO     cocotb.axi_dma                     AGCWS_AXI_DMA_PIPELINED_OK transfers=64 max_inflight=4
INFO cocotb: 120005.00ns INFO     cocotb.regression                  run_workload passed
INFO cocotb: 120005.00ns INFO     cocotb.regression                  *******************************************************************************************
INFO cocotb:                                                         ** TEST                               STATUS  SIM TIME (ns)  REAL TIME (s)  RATIO (ns/s) **
INFO cocotb:                                                         *******************************************************************************************
INFO cocotb:                                                         ** axi_dma_pipelined_tb.run_workload   PASS      120005.00           9.32      12874.19  **
INFO cocotb:                                                         *******************************************************************************************
INFO cocotb:                                                         ** TESTS=1 PASS=1 FAIL=0 SKIP=0                  120005.00           9.68      12402.95  **
INFO cocotb:                                                         *******************************************************************************************
INFO cocotb: 
INFO cocotb: FST info: dumpfile axi_dma.fst opened for output.
INFO cocotb: Results file: /home/aman/agcws/out/dma-matched-gls-smoke-v1/sim_build/k4dioae0_results.xml
