INFO cocotb: Running command: iverilog -o /home/aman/agcws/out/window-power-v1/references/dma/random_301/gls/sim_build/axi_dma.vvp -D COCOTB_SIM=1 -g2012 -s axi_dma -DFUNCTIONAL -DUNIT_DELAY= -s iverilog_dump /home/aman/agcws/out/axi-dma-synthesis-gls3/mapped.v /opt/eda/ChipSTA/examples/sky130_hd.v /opt/eda/ChipSTA/examples/sky130_hd_primitives.v /home/aman/agcws/out/window-power-v1/references/dma/random_301/gls/sim_build/iverilog_dump.v
INFO cocotb: Running command: vvp -M /home/aman/agcws/.venv/lib/python3.12/site-packages/cocotb/libs -m libcocotbvpi_icarus /home/aman/agcws/out/window-power-v1/references/dma/random_301/gls/sim_build/axi_dma.vvp -fst
INFO cocotb:      -.--ns INFO     gpi                                ..mbed/gpi_embed.cpp:79   in set_program_name_in_venv        Did not detect Python virtual environment. Using system-wide Python interpreter
INFO cocotb:      -.--ns INFO     gpi                                ../gpi/GpiCommon.cpp:101  in gpi_print_registered_impl       VPI registered
INFO cocotb:      0.00ns INFO     cocotb                             Running on Icarus Verilog version 12.0 (stable)
INFO cocotb:      0.00ns INFO     cocotb                             Running tests with cocotb v1.9.2 from /home/aman/agcws/.venv/lib/python3.12/site-packages/cocotb
INFO cocotb:      0.00ns INFO     cocotb                             Seeding Python random module with 1788725405
INFO cocotb:      0.00ns INFO     cocotb.regression                  Found test axi_dma_pipelined_tb.run_workload
INFO cocotb:      0.00ns INFO     cocotb.regression                  running run_workload (1/1)
INFO cocotb:      0.00ns INFO     cocotb.axi_dma.s_axis_read_desc    Reset de-asserted
INFO cocotb:      0.00ns INFO     cocotb.axi_dma.s_axis_write_desc   Reset de-asserted
INFO cocotb:      0.00ns INFO     ...axi_dma.m_axis_read_desc_status Reset de-asserted
INFO cocotb:      0.00ns INFO     ..axi_dma.m_axis_write_desc_status Reset de-asserted
INFO cocotb:      0.00ns INFO     cocotb.axi_dma.m_axis_read_data    AXI stream sink
INFO cocotb:      0.00ns INFO     cocotb.axi_dma.m_axis_read_data    cocotbext-axi version 0.1.28
INFO cocotb:      0.00ns INFO     cocotb.axi_dma.m_axis_read_data    Copyright (c) 2020-2025 Alex Forencich
INFO cocotb:      0.00ns INFO     cocotb.axi_dma.m_axis_read_data    https://github.com/alexforencich/cocotbext-axi
INFO cocotb:      0.00ns INFO     cocotb.axi_dma.m_axis_read_data    AXI stream sink configuration:
INFO cocotb:      0.00ns INFO     cocotb.axi_dma.m_axis_read_data      Byte size: 8 bits
INFO cocotb:      0.00ns INFO     cocotb.axi_dma.m_axis_read_data      Data width: 32 bits (4 bytes)
INFO cocotb:      0.00ns INFO     cocotb.axi_dma.m_axis_read_data    AXI stream sink signals:
INFO cocotb:      0.00ns INFO     cocotb.axi_dma.m_axis_read_data      tdata width: 32 bits
INFO cocotb:      0.00ns INFO     cocotb.axi_dma.m_axis_read_data      tdest width: 8 bits
INFO cocotb:      0.00ns INFO     cocotb.axi_dma.m_axis_read_data      tid width: 8 bits
INFO cocotb:      0.00ns INFO     cocotb.axi_dma.m_axis_read_data      tkeep width: 4 bits
INFO cocotb:      0.00ns INFO     cocotb.axi_dma.m_axis_read_data      tlast width: 1 bits
INFO cocotb:      0.00ns INFO     cocotb.axi_dma.m_axis_read_data      tready width: 1 bits
INFO cocotb:      0.00ns INFO     cocotb.axi_dma.m_axis_read_data      tuser width: 1 bits
INFO cocotb:      0.00ns INFO     cocotb.axi_dma.m_axis_read_data      tvalid width: 1 bits
INFO cocotb:      0.00ns INFO     cocotb.axi_dma.m_axis_read_data    Reset de-asserted
INFO cocotb:      0.00ns INFO     cocotb.axi_dma.s_axis_write_data   AXI stream source
INFO cocotb:      0.00ns INFO     cocotb.axi_dma.s_axis_write_data   cocotbext-axi version 0.1.28
INFO cocotb:      0.00ns INFO     cocotb.axi_dma.s_axis_write_data   Copyright (c) 2020-2025 Alex Forencich
INFO cocotb:      0.00ns INFO     cocotb.axi_dma.s_axis_write_data   https://github.com/alexforencich/cocotbext-axi
INFO cocotb:      0.00ns INFO     cocotb.axi_dma.s_axis_write_data   AXI stream source configuration:
INFO cocotb:      0.00ns INFO     cocotb.axi_dma.s_axis_write_data     Byte size: 8 bits
INFO cocotb:      0.00ns INFO     cocotb.axi_dma.s_axis_write_data     Data width: 32 bits (4 bytes)
INFO cocotb:      0.00ns INFO     cocotb.axi_dma.s_axis_write_data   AXI stream source signals:
INFO cocotb:      0.00ns INFO     cocotb.axi_dma.s_axis_write_data     tdata width: 32 bits
INFO cocotb:      0.00ns INFO     cocotb.axi_dma.s_axis_write_data     tdest width: 8 bits
INFO cocotb:      0.00ns INFO     cocotb.axi_dma.s_axis_write_data     tid width: 8 bits
INFO cocotb:      0.00ns INFO     cocotb.axi_dma.s_axis_write_data     tkeep width: 4 bits
INFO cocotb:      0.00ns INFO     cocotb.axi_dma.s_axis_write_data     tlast width: 1 bits
INFO cocotb:      0.00ns INFO     cocotb.axi_dma.s_axis_write_data     tready width: 1 bits
INFO cocotb:      0.00ns INFO     cocotb.axi_dma.s_axis_write_data     tuser width: 1 bits
INFO cocotb:      0.00ns INFO     cocotb.axi_dma.s_axis_write_data     tvalid width: 1 bits
INFO cocotb:      0.00ns INFO     cocotb.axi_dma.s_axis_write_data   Reset de-asserted
INFO cocotb:      0.00ns INFO     cocotb.axi_dma.m_axi               AXI slave model (write)
INFO cocotb:      0.00ns INFO     cocotb.axi_dma.m_axi               cocotbext-axi version 0.1.28
INFO cocotb:      0.00ns INFO     cocotb.axi_dma.m_axi               Copyright (c) 2021-2025 Alex Forencich
INFO cocotb:      0.00ns INFO     cocotb.axi_dma.m_axi               https://github.com/alexforencich/cocotbext-axi
INFO cocotb:      0.00ns INFO     cocotb.axi_dma.m_axi               Reset de-asserted
INFO cocotb:      0.00ns INFO     cocotb.axi_dma.m_axi               Reset de-asserted
INFO cocotb:      0.00ns INFO     cocotb.axi_dma.m_axi               Reset de-asserted
INFO cocotb:      0.00ns INFO     cocotb.axi_dma.m_axi               AXI slave model configuration:
INFO cocotb:      0.00ns INFO     cocotb.axi_dma.m_axi                 Address width: 16 bits
INFO cocotb:      0.00ns INFO     cocotb.axi_dma.m_axi                 ID width: 8 bits
INFO cocotb:      0.00ns INFO     cocotb.axi_dma.m_axi                 Byte size: 8 bits
INFO cocotb:      0.00ns INFO     cocotb.axi_dma.m_axi                 Data width: 32 bits (4 bytes)
INFO cocotb:      0.00ns INFO     cocotb.axi_dma.m_axi               AXI slave model signals:
INFO cocotb:      0.00ns INFO     cocotb.axi_dma.m_axi                 awaddr width: 16 bits
INFO cocotb:      0.00ns INFO     cocotb.axi_dma.m_axi                 awburst width: 2 bits
INFO cocotb:      0.00ns INFO     cocotb.axi_dma.m_axi                 awcache width: 4 bits
INFO cocotb:      0.00ns INFO     cocotb.axi_dma.m_axi                 awid width: 8 bits
INFO cocotb:      0.00ns INFO     cocotb.axi_dma.m_axi                 awlen width: 8 bits
INFO cocotb:      0.00ns INFO     cocotb.axi_dma.m_axi                 awlock width: 1 bits
INFO cocotb:      0.00ns INFO     cocotb.axi_dma.m_axi                 awprot width: 3 bits
INFO cocotb:      0.00ns INFO     cocotb.axi_dma.m_axi                 awqos: not present
INFO cocotb:      0.00ns INFO     cocotb.axi_dma.m_axi                 awready width: 1 bits
INFO cocotb:      0.00ns INFO     cocotb.axi_dma.m_axi                 awregion: not present
INFO cocotb:      0.00ns INFO     cocotb.axi_dma.m_axi                 awsize width: 3 bits
INFO cocotb:      0.00ns INFO     cocotb.axi_dma.m_axi                 awuser: not present
INFO cocotb:      0.00ns INFO     cocotb.axi_dma.m_axi                 awvalid width: 1 bits
INFO cocotb:      0.00ns INFO     cocotb.axi_dma.m_axi                 wdata width: 32 bits
INFO cocotb:      0.00ns INFO     cocotb.axi_dma.m_axi                 wlast width: 1 bits
INFO cocotb:      0.00ns INFO     cocotb.axi_dma.m_axi                 wready width: 1 bits
INFO cocotb:      0.00ns INFO     cocotb.axi_dma.m_axi                 wstrb width: 4 bits
INFO cocotb:      0.00ns INFO     cocotb.axi_dma.m_axi                 wuser: not present
INFO cocotb:      0.00ns INFO     cocotb.axi_dma.m_axi                 wvalid width: 1 bits
INFO cocotb:      0.00ns INFO     cocotb.axi_dma.m_axi                 bid width: 8 bits
INFO cocotb:      0.00ns INFO     cocotb.axi_dma.m_axi                 bready width: 1 bits
INFO cocotb:      0.00ns INFO     cocotb.axi_dma.m_axi                 bresp width: 2 bits
INFO cocotb:      0.00ns INFO     cocotb.axi_dma.m_axi                 buser: not present
INFO cocotb:      0.00ns INFO     cocotb.axi_dma.m_axi                 bvalid width: 1 bits
INFO cocotb:      0.00ns INFO     cocotb.axi_dma.m_axi               Reset de-asserted
INFO cocotb:      0.00ns INFO     cocotb.axi_dma.m_axi               AXI slave model (read)
INFO cocotb:      0.00ns INFO     cocotb.axi_dma.m_axi               cocotbext-axi version 0.1.28
INFO cocotb:      0.00ns INFO     cocotb.axi_dma.m_axi               Copyright (c) 2021-2025 Alex Forencich
INFO cocotb:      0.00ns INFO     cocotb.axi_dma.m_axi               https://github.com/alexforencich/cocotbext-axi
INFO cocotb:      0.00ns INFO     cocotb.axi_dma.m_axi               Reset de-asserted
INFO cocotb:      0.00ns INFO     cocotb.axi_dma.m_axi               Reset de-asserted
INFO cocotb:      0.00ns INFO     cocotb.axi_dma.m_axi               AXI slave model configuration:
INFO cocotb:      0.00ns INFO     cocotb.axi_dma.m_axi                 Address width: 16 bits
INFO cocotb:      0.00ns INFO     cocotb.axi_dma.m_axi                 ID width: 8 bits
INFO cocotb:      0.00ns INFO     cocotb.axi_dma.m_axi                 Byte size: 8 bits
INFO cocotb:      0.00ns INFO     cocotb.axi_dma.m_axi                 Data width: 32 bits (4 bytes)
INFO cocotb:      0.00ns INFO     cocotb.axi_dma.m_axi               AXI slave model signals:
INFO cocotb:      0.00ns INFO     cocotb.axi_dma.m_axi                 araddr width: 16 bits
INFO cocotb:      0.00ns INFO     cocotb.axi_dma.m_axi                 arburst width: 2 bits
INFO cocotb:      0.00ns INFO     cocotb.axi_dma.m_axi                 arcache width: 4 bits
INFO cocotb:      0.00ns INFO     cocotb.axi_dma.m_axi                 arid width: 8 bits
INFO cocotb:      0.00ns INFO     cocotb.axi_dma.m_axi                 arlen width: 8 bits
INFO cocotb:      0.00ns INFO     cocotb.axi_dma.m_axi                 arlock width: 1 bits
INFO cocotb:      0.00ns INFO     cocotb.axi_dma.m_axi                 arprot width: 3 bits
INFO cocotb:      0.00ns INFO     cocotb.axi_dma.m_axi                 arqos: not present
INFO cocotb:      0.00ns INFO     cocotb.axi_dma.m_axi                 arready width: 1 bits
INFO cocotb:      0.00ns INFO     cocotb.axi_dma.m_axi                 arregion: not present
INFO cocotb:      0.00ns INFO     cocotb.axi_dma.m_axi                 arsize width: 3 bits
INFO cocotb:      0.00ns INFO     cocotb.axi_dma.m_axi                 aruser: not present
INFO cocotb:      0.00ns INFO     cocotb.axi_dma.m_axi                 arvalid width: 1 bits
INFO cocotb:      0.00ns INFO     cocotb.axi_dma.m_axi                 rdata width: 32 bits
INFO cocotb:      0.00ns INFO     cocotb.axi_dma.m_axi                 rid width: 8 bits
INFO cocotb:      0.00ns INFO     cocotb.axi_dma.m_axi                 rlast width: 1 bits
INFO cocotb:      0.00ns INFO     cocotb.axi_dma.m_axi                 rready width: 1 bits
INFO cocotb:      0.00ns INFO     cocotb.axi_dma.m_axi                 rresp width: 2 bits
INFO cocotb:      0.00ns INFO     cocotb.axi_dma.m_axi                 ruser: not present
INFO cocotb:      0.00ns INFO     cocotb.axi_dma.m_axi                 rvalid width: 1 bits
INFO cocotb:      0.00ns INFO     cocotb.axi_dma.m_axi               Reset de-asserted
INFO cocotb:      0.00ns INFO     cocotb.axi_dma.s_axis_read_desc    Reset asserted
INFO cocotb:      0.00ns INFO     cocotb.axi_dma.s_axis_write_desc   Reset asserted
INFO cocotb:      0.00ns INFO     ...axi_dma.m_axis_read_desc_status Reset asserted
INFO cocotb:      0.00ns INFO     ..axi_dma.m_axis_write_desc_status Reset asserted
INFO cocotb:      0.00ns INFO     cocotb.axi_dma.m_axis_read_data    Reset asserted
INFO cocotb:      0.00ns INFO     cocotb.axi_dma.s_axis_write_data   Reset asserted
INFO cocotb:      0.00ns INFO     cocotb.axi_dma.m_axi               Reset asserted
INFO cocotb:      0.00ns INFO     cocotb.axi_dma.m_axi               Reset asserted
INFO cocotb:      0.00ns INFO     cocotb.axi_dma.m_axi               Reset asserted
INFO cocotb:      0.00ns INFO     cocotb.axi_dma.m_axi               Reset asserted
INFO cocotb:      0.00ns INFO     cocotb.axi_dma.m_axi               Reset asserted
INFO cocotb:      0.00ns INFO     cocotb.axi_dma.m_axi               Reset asserted
INFO cocotb:      0.00ns INFO     cocotb.axi_dma.m_axi               Reset asserted
INFO cocotb:     10.00ns INFO     cocotb.axi_dma.s_axis_read_desc    Reset de-asserted
INFO cocotb:     10.00ns INFO     cocotb.axi_dma.s_axis_write_desc   Reset de-asserted
INFO cocotb:     10.00ns INFO     ...axi_dma.m_axis_read_desc_status Reset de-asserted
INFO cocotb:     10.00ns INFO     ..axi_dma.m_axis_write_desc_status Reset de-asserted
INFO cocotb:     10.00ns INFO     cocotb.axi_dma.m_axis_read_data    Reset de-asserted
INFO cocotb:     10.00ns INFO     cocotb.axi_dma.s_axis_write_data   Reset de-asserted
INFO cocotb:     10.00ns INFO     cocotb.axi_dma.m_axi               Reset de-asserted
INFO cocotb:     10.00ns INFO     cocotb.axi_dma.m_axi               Reset de-asserted
INFO cocotb:     10.00ns INFO     cocotb.axi_dma.m_axi               Reset de-asserted
INFO cocotb:     10.00ns INFO     cocotb.axi_dma.m_axi               Reset de-asserted
INFO cocotb:     10.00ns INFO     cocotb.axi_dma.m_axi               Reset de-asserted
INFO cocotb:     10.00ns INFO     cocotb.axi_dma.m_axi               Reset de-asserted
INFO cocotb:     10.00ns INFO     cocotb.axi_dma.m_axi               Reset de-asserted
INFO cocotb:   2100.00ns INFO     cocotb.axi_dma.m_axi               Read burst arid: 0x0 araddr: 0x00000000 arlen: 15 arsize: 2 arprot: 2
INFO cocotb:   2290.00ns INFO     cocotb.axi_dma.m_axis_read_data    RX frame: AxiStreamFrame(tdata=bytearray(b'\x00\x01\x02\x03\x04\x05\x06\x07\x08\t\n\x0b\x0c\r\x0e\x0f\x10\x11\x12\x13\x14\x15\x16\x17\x18\x19\x1a\x1b\x1c\x1d\x1e\x1f !"#$%&\'()*+,-./0123456789:;<=>?'), tkeep=[1, 1, 1, 1, 1, 1, 1, 1, 1, 1, 1, 1, 1, 1, 1, 1, 1, 1, 1, 1, 1, 1, 1, 1, 1, 1, 1, 1, 1, 1, 1, 1, 1, 1, 1, 1, 1, 1, 1, 1, 1, 1, 1, 1, 1, 1, 1, 1, 1, 1, 1, 1, 1, 1, 1, 1, 1, 1, 1, 1, 1, 1, 1, 1], tid=[0, 0, 0, 0, 0, 0, 0, 0, 0, 0, 0, 0, 0, 0, 0, 0, 0, 0, 0, 0, 0, 0, 0, 0, 0, 0, 0, 0, 0, 0, 0, 0, 0, 0, 0, 0, 0, 0, 0, 0, 0, 0, 0, 0, 0, 0, 0, 0, 0, 0, 0, 0, 0, 0, 0, 0, 0, 0, 0, 0, 0, 0, 0, 0], tdest=[0, 0, 0, 0, 0, 0, 0, 0, 0, 0, 0, 0, 0, 0, 0, 0, 0, 0, 0, 0, 0, 0, 0, 0, 0, 0, 0, 0, 0, 0, 0, 0, 0, 0, 0, 0, 0, 0, 0, 0, 0, 0, 0, 0, 0, 0, 0, 0, 0, 0, 0, 0, 0, 0, 0, 0, 0, 0, 0, 0, 0, 0, 0, 0], tuser=[0, 0, 0, 0, 0, 0, 0, 0, 0, 0, 0, 0, 0, 0, 0, 0, 0, 0, 0, 0, 0, 0, 0, 0, 0, 0, 0, 0, 0, 0, 0, 0, 0, 0, 0, 0, 0, 0, 0, 0, 0, 0, 0, 0, 0, 0, 0, 0, 0, 0, 0, 0, 0, 0, 0, 0, 0, 0, 0, 0, 0, 0, 0, 0], sim_time_start=2140000, sim_time_end=2290000)
INFO cocotb:   2300.00ns INFO     cocotb.axi_dma.s_axis_write_data   TX frame: AxiStreamFrame(tdata=bytearray(b'\x00\x01\x02\x03\x04\x05\x06\x07\x08\t\n\x0b\x0c\r\x0e\x0f\x10\x11\x12\x13\x14\x15\x16\x17\x18\x19\x1a\x1b\x1c\x1d\x1e\x1f !"#$%&\'()*+,-./0123456789:;<=>?'), tkeep=None, tid=1, tdest=None, tuser=None, sim_time_start=2300000, sim_time_end=None)
INFO cocotb:   2320.00ns INFO     cocotb.axi_dma.m_axi               Write burst awid: 0x0 awaddr: 0x00008000 awlen: 15 awsize: 2 awprot: 2
INFO cocotb:   6210.00ns INFO     cocotb.axi_dma.m_axi               Read burst arid: 0x0 araddr: 0x00000000 arlen: 15 arsize: 2 arprot: 2
INFO cocotb:   6350.00ns INFO     cocotb.axi_dma.m_axi               Read burst arid: 0x0 araddr: 0x00001000 arlen: 15 arsize: 2 arprot: 2
INFO cocotb:   6400.00ns INFO     cocotb.axi_dma.m_axis_read_data    RX frame: AxiStreamFrame(tdata=bytearray(b'\x00\x01\x02\x03\x04\x05\x06\x07\x08\t\n\x0b\x0c\r\x0e\x0f\x10\x11\x12\x13\x14\x15\x16\x17\x18\x19\x1a\x1b\x1c\x1d\x1e\x1f !"#$%&\'()*+,-./0123456789:;<=>?'), tkeep=[1, 1, 1, 1, 1, 1, 1, 1, 1, 1, 1, 1, 1, 1, 1, 1, 1, 1, 1, 1, 1, 1, 1, 1, 1, 1, 1, 1, 1, 1, 1, 1, 1, 1, 1, 1, 1, 1, 1, 1, 1, 1, 1, 1, 1, 1, 1, 1, 1, 1, 1, 1, 1, 1, 1, 1, 1, 1, 1, 1, 1, 1, 1, 1], tid=[0, 0, 0, 0, 0, 0, 0, 0, 0, 0, 0, 0, 0, 0, 0, 0, 0, 0, 0, 0, 0, 0, 0, 0, 0, 0, 0, 0, 0, 0, 0, 0, 0, 0, 0, 0, 0, 0, 0, 0, 0, 0, 0, 0, 0, 0, 0, 0, 0, 0, 0, 0, 0, 0, 0, 0, 0, 0, 0, 0, 0, 0, 0, 0], tdest=[0, 0, 0, 0, 0, 0, 0, 0, 0, 0, 0, 0, 0, 0, 0, 0, 0, 0, 0, 0, 0, 0, 0, 0, 0, 0, 0, 0, 0, 0, 0, 0, 0, 0, 0, 0, 0, 0, 0, 0, 0, 0, 0, 0, 0, 0, 0, 0, 0, 0, 0, 0, 0, 0, 0, 0, 0, 0, 0, 0, 0, 0, 0, 0], tuser=[0, 0, 0, 0, 0, 0, 0, 0, 0, 0, 0, 0, 0, 0, 0, 0, 0, 0, 0, 0, 0, 0, 0, 0, 0, 0, 0, 0, 0, 0, 0, 0, 0, 0, 0, 0, 0, 0, 0, 0, 0, 0, 0, 0, 0, 0, 0, 0, 0, 0, 0, 0, 0, 0, 0, 0, 0, 0, 0, 0, 0, 0, 0, 0], sim_time_start=6250000, sim_time_end=6400000)
INFO cocotb:   6410.00ns INFO     cocotb.axi_dma.s_axis_write_data   TX frame: AxiStreamFrame(tdata=bytearray(b'\x00\x01\x02\x03\x04\x05\x06\x07\x08\t\n\x0b\x0c\r\x0e\x0f\x10\x11\x12\x13\x14\x15\x16\x17\x18\x19\x1a\x1b\x1c\x1d\x1e\x1f !"#$%&\'()*+,-./0123456789:;<=>?'), tkeep=None, tid=2, tdest=None, tuser=None, sim_time_start=6410000, sim_time_end=None)
INFO cocotb:   6430.00ns INFO     cocotb.axi_dma.m_axi               Write burst awid: 0x0 awaddr: 0x00008000 awlen: 15 awsize: 2 awprot: 2
INFO cocotb:   6520.00ns INFO     cocotb.axi_dma.m_axi               Read burst arid: 0x0 araddr: 0x00002000 arlen: 15 arsize: 2 arprot: 2
INFO cocotb:   6570.00ns INFO     cocotb.axi_dma.m_axis_read_data    RX frame: AxiStreamFrame(tdata=bytearray(b'\x00\x01\x02\x03\x04\x05\x06\x07\x08\t\n\x0b\x0c\r\x0e\x0f\x10\x11\x12\x13\x14\x15\x16\x17\x18\x19\x1a\x1b\x1c\x1d\x1e\x1f !"#$%&\'()*+,-./0123456789:;<=>?'), tkeep=[1, 1, 1, 1, 1, 1, 1, 1, 1, 1, 1, 1, 1, 1, 1, 1, 1, 1, 1, 1, 1, 1, 1, 1, 1, 1, 1, 1, 1, 1, 1, 1, 1, 1, 1, 1, 1, 1, 1, 1, 1, 1, 1, 1, 1, 1, 1, 1, 1, 1, 1, 1, 1, 1, 1, 1, 1, 1, 1, 1, 1, 1, 1, 1], tid=[0, 0, 0, 0, 0, 0, 0, 0, 0, 0, 0, 0, 0, 0, 0, 0, 0, 0, 0, 0, 0, 0, 0, 0, 0, 0, 0, 0, 0, 0, 0, 0, 0, 0, 0, 0, 0, 0, 0, 0, 0, 0, 0, 0, 0, 0, 0, 0, 0, 0, 0, 0, 0, 0, 0, 0, 0, 0, 0, 0, 0, 0, 0, 0], tdest=[0, 0, 0, 0, 0, 0, 0, 0, 0, 0, 0, 0, 0, 0, 0, 0, 0, 0, 0, 0, 0, 0, 0, 0, 0, 0, 0, 0, 0, 0, 0, 0, 0, 0, 0, 0, 0, 0, 0, 0, 0, 0, 0, 0, 0, 0, 0, 0, 0, 0, 0, 0, 0, 0, 0, 0, 0, 0, 0, 0, 0, 0, 0, 0], tuser=[0, 0, 0, 0, 0, 0, 0, 0, 0, 0, 0, 0, 0, 0, 0, 0, 0, 0, 0, 0, 0, 0, 0, 0, 0, 0, 0, 0, 0, 0, 0, 0, 0, 0, 0, 0, 0, 0, 0, 0, 0, 0, 0, 0, 0, 0, 0, 0, 0, 0, 0, 0, 0, 0, 0, 0, 0, 0, 0, 0, 0, 0, 0, 0], sim_time_start=6420000, sim_time_end=6570000)
INFO cocotb:   6580.00ns INFO     cocotb.axi_dma.s_axis_write_data   TX frame: AxiStreamFrame(tdata=bytearray(b'\x00\x01\x02\x03\x04\x05\x06\x07\x08\t\n\x0b\x0c\r\x0e\x0f\x10\x11\x12\x13\x14\x15\x16\x17\x18\x19\x1a\x1b\x1c\x1d\x1e\x1f !"#$%&\'()*+,-./0123456789:;<=>?'), tkeep=None, tid=3, tdest=None, tuser=None, sim_time_start=6580000, sim_time_end=None)
INFO cocotb:   6610.00ns INFO     cocotb.axi_dma.m_axi               Write burst awid: 0x0 awaddr: 0x00009000 awlen: 15 awsize: 2 awprot: 2
INFO cocotb:   6690.00ns INFO     cocotb.axi_dma.m_axi               Read burst arid: 0x0 araddr: 0x00003000 arlen: 15 arsize: 2 arprot: 2
INFO cocotb:   6740.00ns INFO     cocotb.axi_dma.m_axis_read_data    RX frame: AxiStreamFrame(tdata=bytearray(b'\x00\x01\x02\x03\x04\x05\x06\x07\x08\t\n\x0b\x0c\r\x0e\x0f\x10\x11\x12\x13\x14\x15\x16\x17\x18\x19\x1a\x1b\x1c\x1d\x1e\x1f !"#$%&\'()*+,-./0123456789:;<=>?'), tkeep=[1, 1, 1, 1, 1, 1, 1, 1, 1, 1, 1, 1, 1, 1, 1, 1, 1, 1, 1, 1, 1, 1, 1, 1, 1, 1, 1, 1, 1, 1, 1, 1, 1, 1, 1, 1, 1, 1, 1, 1, 1, 1, 1, 1, 1, 1, 1, 1, 1, 1, 1, 1, 1, 1, 1, 1, 1, 1, 1, 1, 1, 1, 1, 1], tid=[0, 0, 0, 0, 0, 0, 0, 0, 0, 0, 0, 0, 0, 0, 0, 0, 0, 0, 0, 0, 0, 0, 0, 0, 0, 0, 0, 0, 0, 0, 0, 0, 0, 0, 0, 0, 0, 0, 0, 0, 0, 0, 0, 0, 0, 0, 0, 0, 0, 0, 0, 0, 0, 0, 0, 0, 0, 0, 0, 0, 0, 0, 0, 0], tdest=[0, 0, 0, 0, 0, 0, 0, 0, 0, 0, 0, 0, 0, 0, 0, 0, 0, 0, 0, 0, 0, 0, 0, 0, 0, 0, 0, 0, 0, 0, 0, 0, 0, 0, 0, 0, 0, 0, 0, 0, 0, 0, 0, 0, 0, 0, 0, 0, 0, 0, 0, 0, 0, 0, 0, 0, 0, 0, 0, 0, 0, 0, 0, 0], tuser=[0, 0, 0, 0, 0, 0, 0, 0, 0, 0, 0, 0, 0, 0, 0, 0, 0, 0, 0, 0, 0, 0, 0, 0, 0, 0, 0, 0, 0, 0, 0, 0, 0, 0, 0, 0, 0, 0, 0, 0, 0, 0, 0, 0, 0, 0, 0, 0, 0, 0, 0, 0, 0, 0, 0, 0, 0, 0, 0, 0, 0, 0, 0, 0], sim_time_start=6590000, sim_time_end=6740000)
INFO cocotb:   6760.00ns INFO     cocotb.axi_dma.s_axis_write_data   TX frame: AxiStreamFrame(tdata=bytearray(b'\x00\x01\x02\x03\x04\x05\x06\x07\x08\t\n\x0b\x0c\r\x0e\x0f\x10\x11\x12\x13\x14\x15\x16\x17\x18\x19\x1a\x1b\x1c\x1d\x1e\x1f !"#$%&\'()*+,-./0123456789:;<=>?'), tkeep=None, tid=4, tdest=None, tuser=None, sim_time_start=6760000, sim_time_end=None)
INFO cocotb:   6790.00ns INFO     cocotb.axi_dma.m_axi               Write burst awid: 0x0 awaddr: 0x0000a000 awlen: 15 awsize: 2 awprot: 2
INFO cocotb:   6860.00ns INFO     cocotb.axi_dma.m_axi               Read burst arid: 0x0 araddr: 0x00004000 arlen: 15 arsize: 2 arprot: 2
INFO cocotb:   6910.00ns INFO     cocotb.axi_dma.m_axis_read_data    RX frame: AxiStreamFrame(tdata=bytearray(b'\x00\x01\x02\x03\x04\x05\x06\x07\x08\t\n\x0b\x0c\r\x0e\x0f\x10\x11\x12\x13\x14\x15\x16\x17\x18\x19\x1a\x1b\x1c\x1d\x1e\x1f !"#$%&\'()*+,-./0123456789:;<=>?'), tkeep=[1, 1, 1, 1, 1, 1, 1, 1, 1, 1, 1, 1, 1, 1, 1, 1, 1, 1, 1, 1, 1, 1, 1, 1, 1, 1, 1, 1, 1, 1, 1, 1, 1, 1, 1, 1, 1, 1, 1, 1, 1, 1, 1, 1, 1, 1, 1, 1, 1, 1, 1, 1, 1, 1, 1, 1, 1, 1, 1, 1, 1, 1, 1, 1], tid=[0, 0, 0, 0, 0, 0, 0, 0, 0, 0, 0, 0, 0, 0, 0, 0, 0, 0, 0, 0, 0, 0, 0, 0, 0, 0, 0, 0, 0, 0, 0, 0, 0, 0, 0, 0, 0, 0, 0, 0, 0, 0, 0, 0, 0, 0, 0, 0, 0, 0, 0, 0, 0, 0, 0, 0, 0, 0, 0, 0, 0, 0, 0, 0], tdest=[0, 0, 0, 0, 0, 0, 0, 0, 0, 0, 0, 0, 0, 0, 0, 0, 0, 0, 0, 0, 0, 0, 0, 0, 0, 0, 0, 0, 0, 0, 0, 0, 0, 0, 0, 0, 0, 0, 0, 0, 0, 0, 0, 0, 0, 0, 0, 0, 0, 0, 0, 0, 0, 0, 0, 0, 0, 0, 0, 0, 0, 0, 0, 0], tuser=[0, 0, 0, 0, 0, 0, 0, 0, 0, 0, 0, 0, 0, 0, 0, 0, 0, 0, 0, 0, 0, 0, 0, 0, 0, 0, 0, 0, 0, 0, 0, 0, 0, 0, 0, 0, 0, 0, 0, 0, 0, 0, 0, 0, 0, 0, 0, 0, 0, 0, 0, 0, 0, 0, 0, 0, 0, 0, 0, 0, 0, 0, 0, 0], sim_time_start=6760000, sim_time_end=6910000)
INFO cocotb:   6940.00ns INFO     cocotb.axi_dma.s_axis_write_data   TX frame: AxiStreamFrame(tdata=bytearray(b'\x00\x01\x02\x03\x04\x05\x06\x07\x08\t\n\x0b\x0c\r\x0e\x0f\x10\x11\x12\x13\x14\x15\x16\x17\x18\x19\x1a\x1b\x1c\x1d\x1e\x1f !"#$%&\'()*+,-./0123456789:;<=>?'), tkeep=None, tid=5, tdest=None, tuser=None, sim_time_start=6940000, sim_time_end=None)
INFO cocotb:   6970.00ns INFO     cocotb.axi_dma.m_axi               Write burst awid: 0x0 awaddr: 0x0000b000 awlen: 15 awsize: 2 awprot: 2
INFO cocotb:   7080.00ns INFO     cocotb.axi_dma.m_axis_read_data    RX frame: AxiStreamFrame(tdata=bytearray(b'\x00\x01\x02\x03\x04\x05\x06\x07\x08\t\n\x0b\x0c\r\x0e\x0f\x10\x11\x12\x13\x14\x15\x16\x17\x18\x19\x1a\x1b\x1c\x1d\x1e\x1f !"#$%&\'()*+,-./0123456789:;<=>?'), tkeep=[1, 1, 1, 1, 1, 1, 1, 1, 1, 1, 1, 1, 1, 1, 1, 1, 1, 1, 1, 1, 1, 1, 1, 1, 1, 1, 1, 1, 1, 1, 1, 1, 1, 1, 1, 1, 1, 1, 1, 1, 1, 1, 1, 1, 1, 1, 1, 1, 1, 1, 1, 1, 1, 1, 1, 1, 1, 1, 1, 1, 1, 1, 1, 1], tid=[0, 0, 0, 0, 0, 0, 0, 0, 0, 0, 0, 0, 0, 0, 0, 0, 0, 0, 0, 0, 0, 0, 0, 0, 0, 0, 0, 0, 0, 0, 0, 0, 0, 0, 0, 0, 0, 0, 0, 0, 0, 0, 0, 0, 0, 0, 0, 0, 0, 0, 0, 0, 0, 0, 0, 0, 0, 0, 0, 0, 0, 0, 0, 0], tdest=[0, 0, 0, 0, 0, 0, 0, 0, 0, 0, 0, 0, 0, 0, 0, 0, 0, 0, 0, 0, 0, 0, 0, 0, 0, 0, 0, 0, 0, 0, 0, 0, 0, 0, 0, 0, 0, 0, 0, 0, 0, 0, 0, 0, 0, 0, 0, 0, 0, 0, 0, 0, 0, 0, 0, 0, 0, 0, 0, 0, 0, 0, 0, 0], tuser=[0, 0, 0, 0, 0, 0, 0, 0, 0, 0, 0, 0, 0, 0, 0, 0, 0, 0, 0, 0, 0, 0, 0, 0, 0, 0, 0, 0, 0, 0, 0, 0, 0, 0, 0, 0, 0, 0, 0, 0, 0, 0, 0, 0, 0, 0, 0, 0, 0, 0, 0, 0, 0, 0, 0, 0, 0, 0, 0, 0, 0, 0, 0, 0], sim_time_start=6930000, sim_time_end=7080000)
INFO cocotb:   7120.00ns INFO     cocotb.axi_dma.s_axis_write_data   TX frame: AxiStreamFrame(tdata=bytearray(b'\x00\x01\x02\x03\x04\x05\x06\x07\x08\t\n\x0b\x0c\r\x0e\x0f\x10\x11\x12\x13\x14\x15\x16\x17\x18\x19\x1a\x1b\x1c\x1d\x1e\x1f !"#$%&\'()*+,-./0123456789:;<=>?'), tkeep=None, tid=6, tdest=None, tuser=None, sim_time_start=7120000, sim_time_end=None)
INFO cocotb:   7150.00ns INFO     cocotb.axi_dma.m_axi               Write burst awid: 0x0 awaddr: 0x0000c000 awlen: 15 awsize: 2 awprot: 2
INFO cocotb:   7390.00ns INFO     cocotb.axi_dma.m_axi               Read burst arid: 0x0 araddr: 0x00000000 arlen: 15 arsize: 2 arprot: 2
INFO cocotb:   7530.00ns INFO     cocotb.axi_dma.m_axi               Read burst arid: 0x0 araddr: 0x00001000 arlen: 15 arsize: 2 arprot: 2
INFO cocotb:   7580.00ns INFO     cocotb.axi_dma.m_axis_read_data    RX frame: AxiStreamFrame(tdata=bytearray(b'\x00\x01\x02\x03\x04\x05\x06\x07\x08\t\n\x0b\x0c\r\x0e\x0f\x10\x11\x12\x13\x14\x15\x16\x17\x18\x19\x1a\x1b\x1c\x1d\x1e\x1f !"#$%&\'()*+,-./0123456789:;<=>?'), tkeep=[1, 1, 1, 1, 1, 1, 1, 1, 1, 1, 1, 1, 1, 1, 1, 1, 1, 1, 1, 1, 1, 1, 1, 1, 1, 1, 1, 1, 1, 1, 1, 1, 1, 1, 1, 1, 1, 1, 1, 1, 1, 1, 1, 1, 1, 1, 1, 1, 1, 1, 1, 1, 1, 1, 1, 1, 1, 1, 1, 1, 1, 1, 1, 1], tid=[0, 0, 0, 0, 0, 0, 0, 0, 0, 0, 0, 0, 0, 0, 0, 0, 0, 0, 0, 0, 0, 0, 0, 0, 0, 0, 0, 0, 0, 0, 0, 0, 0, 0, 0, 0, 0, 0, 0, 0, 0, 0, 0, 0, 0, 0, 0, 0, 0, 0, 0, 0, 0, 0, 0, 0, 0, 0, 0, 0, 0, 0, 0, 0], tdest=[0, 0, 0, 0, 0, 0, 0, 0, 0, 0, 0, 0, 0, 0, 0, 0, 0, 0, 0, 0, 0, 0, 0, 0, 0, 0, 0, 0, 0, 0, 0, 0, 0, 0, 0, 0, 0, 0, 0, 0, 0, 0, 0, 0, 0, 0, 0, 0, 0, 0, 0, 0, 0, 0, 0, 0, 0, 0, 0, 0, 0, 0, 0, 0], tuser=[0, 0, 0, 0, 0, 0, 0, 0, 0, 0, 0, 0, 0, 0, 0, 0, 0, 0, 0, 0, 0, 0, 0, 0, 0, 0, 0, 0, 0, 0, 0, 0, 0, 0, 0, 0, 0, 0, 0, 0, 0, 0, 0, 0, 0, 0, 0, 0, 0, 0, 0, 0, 0, 0, 0, 0, 0, 0, 0, 0, 0, 0, 0, 0], sim_time_start=7430000, sim_time_end=7580000)
INFO cocotb:   7590.00ns INFO     cocotb.axi_dma.s_axis_write_data   TX frame: AxiStreamFrame(tdata=bytearray(b'\x00\x01\x02\x03\x04\x05\x06\x07\x08\t\n\x0b\x0c\r\x0e\x0f\x10\x11\x12\x13\x14\x15\x16\x17\x18\x19\x1a\x1b\x1c\x1d\x1e\x1f !"#$%&\'()*+,-./0123456789:;<=>?'), tkeep=None, tid=7, tdest=None, tuser=None, sim_time_start=7590000, sim_time_end=None)
INFO cocotb:   7610.00ns INFO     cocotb.axi_dma.m_axi               Write burst awid: 0x0 awaddr: 0x00008000 awlen: 15 awsize: 2 awprot: 2
INFO cocotb:   7700.00ns INFO     cocotb.axi_dma.m_axi               Read burst arid: 0x0 araddr: 0x00002000 arlen: 15 arsize: 2 arprot: 2
INFO cocotb:   7750.00ns INFO     cocotb.axi_dma.m_axis_read_data    RX frame: AxiStreamFrame(tdata=bytearray(b'\x00\x01\x02\x03\x04\x05\x06\x07\x08\t\n\x0b\x0c\r\x0e\x0f\x10\x11\x12\x13\x14\x15\x16\x17\x18\x19\x1a\x1b\x1c\x1d\x1e\x1f !"#$%&\'()*+,-./0123456789:;<=>?'), tkeep=[1, 1, 1, 1, 1, 1, 1, 1, 1, 1, 1, 1, 1, 1, 1, 1, 1, 1, 1, 1, 1, 1, 1, 1, 1, 1, 1, 1, 1, 1, 1, 1, 1, 1, 1, 1, 1, 1, 1, 1, 1, 1, 1, 1, 1, 1, 1, 1, 1, 1, 1, 1, 1, 1, 1, 1, 1, 1, 1, 1, 1, 1, 1, 1], tid=[0, 0, 0, 0, 0, 0, 0, 0, 0, 0, 0, 0, 0, 0, 0, 0, 0, 0, 0, 0, 0, 0, 0, 0, 0, 0, 0, 0, 0, 0, 0, 0, 0, 0, 0, 0, 0, 0, 0, 0, 0, 0, 0, 0, 0, 0, 0, 0, 0, 0, 0, 0, 0, 0, 0, 0, 0, 0, 0, 0, 0, 0, 0, 0], tdest=[0, 0, 0, 0, 0, 0, 0, 0, 0, 0, 0, 0, 0, 0, 0, 0, 0, 0, 0, 0, 0, 0, 0, 0, 0, 0, 0, 0, 0, 0, 0, 0, 0, 0, 0, 0, 0, 0, 0, 0, 0, 0, 0, 0, 0, 0, 0, 0, 0, 0, 0, 0, 0, 0, 0, 0, 0, 0, 0, 0, 0, 0, 0, 0], tuser=[0, 0, 0, 0, 0, 0, 0, 0, 0, 0, 0, 0, 0, 0, 0, 0, 0, 0, 0, 0, 0, 0, 0, 0, 0, 0, 0, 0, 0, 0, 0, 0, 0, 0, 0, 0, 0, 0, 0, 0, 0, 0, 0, 0, 0, 0, 0, 0, 0, 0, 0, 0, 0, 0, 0, 0, 0, 0, 0, 0, 0, 0, 0, 0], sim_time_start=7600000, sim_time_end=7750000)
INFO cocotb:   7760.00ns INFO     cocotb.axi_dma.s_axis_write_data   TX frame: AxiStreamFrame(tdata=bytearray(b'\x00\x01\x02\x03\x04\x05\x06\x07\x08\t\n\x0b\x0c\r\x0e\x0f\x10\x11\x12\x13\x14\x15\x16\x17\x18\x19\x1a\x1b\x1c\x1d\x1e\x1f !"#$%&\'()*+,-./0123456789:;<=>?'), tkeep=None, tid=8, tdest=None, tuser=None, sim_time_start=7760000, sim_time_end=None)
INFO cocotb:   7790.00ns INFO     cocotb.axi_dma.m_axi               Write burst awid: 0x0 awaddr: 0x00009000 awlen: 15 awsize: 2 awprot: 2
INFO cocotb:   7870.00ns INFO     cocotb.axi_dma.m_axi               Read burst arid: 0x0 araddr: 0x00003000 arlen: 15 arsize: 2 arprot: 2
INFO cocotb:   7920.00ns INFO     cocotb.axi_dma.m_axis_read_data    RX frame: AxiStreamFrame(tdata=bytearray(b'\x00\x01\x02\x03\x04\x05\x06\x07\x08\t\n\x0b\x0c\r\x0e\x0f\x10\x11\x12\x13\x14\x15\x16\x17\x18\x19\x1a\x1b\x1c\x1d\x1e\x1f !"#$%&\'()*+,-./0123456789:;<=>?'), tkeep=[1, 1, 1, 1, 1, 1, 1, 1, 1, 1, 1, 1, 1, 1, 1, 1, 1, 1, 1, 1, 1, 1, 1, 1, 1, 1, 1, 1, 1, 1, 1, 1, 1, 1, 1, 1, 1, 1, 1, 1, 1, 1, 1, 1, 1, 1, 1, 1, 1, 1, 1, 1, 1, 1, 1, 1, 1, 1, 1, 1, 1, 1, 1, 1], tid=[0, 0, 0, 0, 0, 0, 0, 0, 0, 0, 0, 0, 0, 0, 0, 0, 0, 0, 0, 0, 0, 0, 0, 0, 0, 0, 0, 0, 0, 0, 0, 0, 0, 0, 0, 0, 0, 0, 0, 0, 0, 0, 0, 0, 0, 0, 0, 0, 0, 0, 0, 0, 0, 0, 0, 0, 0, 0, 0, 0, 0, 0, 0, 0], tdest=[0, 0, 0, 0, 0, 0, 0, 0, 0, 0, 0, 0, 0, 0, 0, 0, 0, 0, 0, 0, 0, 0, 0, 0, 0, 0, 0, 0, 0, 0, 0, 0, 0, 0, 0, 0, 0, 0, 0, 0, 0, 0, 0, 0, 0, 0, 0, 0, 0, 0, 0, 0, 0, 0, 0, 0, 0, 0, 0, 0, 0, 0, 0, 0], tuser=[0, 0, 0, 0, 0, 0, 0, 0, 0, 0, 0, 0, 0, 0, 0, 0, 0, 0, 0, 0, 0, 0, 0, 0, 0, 0, 0, 0, 0, 0, 0, 0, 0, 0, 0, 0, 0, 0, 0, 0, 0, 0, 0, 0, 0, 0, 0, 0, 0, 0, 0, 0, 0, 0, 0, 0, 0, 0, 0, 0, 0, 0, 0, 0], sim_time_start=7770000, sim_time_end=7920000)
INFO cocotb:   7940.00ns INFO     cocotb.axi_dma.s_axis_write_data   TX frame: AxiStreamFrame(tdata=bytearray(b'\x00\x01\x02\x03\x04\x05\x06\x07\x08\t\n\x0b\x0c\r\x0e\x0f\x10\x11\x12\x13\x14\x15\x16\x17\x18\x19\x1a\x1b\x1c\x1d\x1e\x1f !"#$%&\'()*+,-./0123456789:;<=>?'), tkeep=None, tid=9, tdest=None, tuser=None, sim_time_start=7940000, sim_time_end=None)
INFO cocotb:   7970.00ns INFO     cocotb.axi_dma.m_axi               Write burst awid: 0x0 awaddr: 0x0000a000 awlen: 15 awsize: 2 awprot: 2
INFO cocotb:   8040.00ns INFO     cocotb.axi_dma.m_axi               Read burst arid: 0x0 araddr: 0x00004000 arlen: 15 arsize: 2 arprot: 2
INFO cocotb:   8090.00ns INFO     cocotb.axi_dma.m_axis_read_data    RX frame: AxiStreamFrame(tdata=bytearray(b'\x00\x01\x02\x03\x04\x05\x06\x07\x08\t\n\x0b\x0c\r\x0e\x0f\x10\x11\x12\x13\x14\x15\x16\x17\x18\x19\x1a\x1b\x1c\x1d\x1e\x1f !"#$%&\'()*+,-./0123456789:;<=>?'), tkeep=[1, 1, 1, 1, 1, 1, 1, 1, 1, 1, 1, 1, 1, 1, 1, 1, 1, 1, 1, 1, 1, 1, 1, 1, 1, 1, 1, 1, 1, 1, 1, 1, 1, 1, 1, 1, 1, 1, 1, 1, 1, 1, 1, 1, 1, 1, 1, 1, 1, 1, 1, 1, 1, 1, 1, 1, 1, 1, 1, 1, 1, 1, 1, 1], tid=[0, 0, 0, 0, 0, 0, 0, 0, 0, 0, 0, 0, 0, 0, 0, 0, 0, 0, 0, 0, 0, 0, 0, 0, 0, 0, 0, 0, 0, 0, 0, 0, 0, 0, 0, 0, 0, 0, 0, 0, 0, 0, 0, 0, 0, 0, 0, 0, 0, 0, 0, 0, 0, 0, 0, 0, 0, 0, 0, 0, 0, 0, 0, 0], tdest=[0, 0, 0, 0, 0, 0, 0, 0, 0, 0, 0, 0, 0, 0, 0, 0, 0, 0, 0, 0, 0, 0, 0, 0, 0, 0, 0, 0, 0, 0, 0, 0, 0, 0, 0, 0, 0, 0, 0, 0, 0, 0, 0, 0, 0, 0, 0, 0, 0, 0, 0, 0, 0, 0, 0, 0, 0, 0, 0, 0, 0, 0, 0, 0], tuser=[0, 0, 0, 0, 0, 0, 0, 0, 0, 0, 0, 0, 0, 0, 0, 0, 0, 0, 0, 0, 0, 0, 0, 0, 0, 0, 0, 0, 0, 0, 0, 0, 0, 0, 0, 0, 0, 0, 0, 0, 0, 0, 0, 0, 0, 0, 0, 0, 0, 0, 0, 0, 0, 0, 0, 0, 0, 0, 0, 0, 0, 0, 0, 0], sim_time_start=7940000, sim_time_end=8090000)
INFO cocotb:   8120.00ns INFO     cocotb.axi_dma.s_axis_write_data   TX frame: AxiStreamFrame(tdata=bytearray(b'\x00\x01\x02\x03\x04\x05\x06\x07\x08\t\n\x0b\x0c\r\x0e\x0f\x10\x11\x12\x13\x14\x15\x16\x17\x18\x19\x1a\x1b\x1c\x1d\x1e\x1f !"#$%&\'()*+,-./0123456789:;<=>?'), tkeep=None, tid=10, tdest=None, tuser=None, sim_time_start=8120000, sim_time_end=None)
INFO cocotb:   8150.00ns INFO     cocotb.axi_dma.m_axi               Write burst awid: 0x0 awaddr: 0x0000b000 awlen: 15 awsize: 2 awprot: 2
INFO cocotb:   8210.00ns INFO     cocotb.axi_dma.m_axi               Read burst arid: 0x0 araddr: 0x00005000 arlen: 15 arsize: 2 arprot: 2
INFO cocotb:   8260.00ns INFO     cocotb.axi_dma.m_axis_read_data    RX frame: AxiStreamFrame(tdata=bytearray(b'\x00\x01\x02\x03\x04\x05\x06\x07\x08\t\n\x0b\x0c\r\x0e\x0f\x10\x11\x12\x13\x14\x15\x16\x17\x18\x19\x1a\x1b\x1c\x1d\x1e\x1f !"#$%&\'()*+,-./0123456789:;<=>?'), tkeep=[1, 1, 1, 1, 1, 1, 1, 1, 1, 1, 1, 1, 1, 1, 1, 1, 1, 1, 1, 1, 1, 1, 1, 1, 1, 1, 1, 1, 1, 1, 1, 1, 1, 1, 1, 1, 1, 1, 1, 1, 1, 1, 1, 1, 1, 1, 1, 1, 1, 1, 1, 1, 1, 1, 1, 1, 1, 1, 1, 1, 1, 1, 1, 1], tid=[0, 0, 0, 0, 0, 0, 0, 0, 0, 0, 0, 0, 0, 0, 0, 0, 0, 0, 0, 0, 0, 0, 0, 0, 0, 0, 0, 0, 0, 0, 0, 0, 0, 0, 0, 0, 0, 0, 0, 0, 0, 0, 0, 0, 0, 0, 0, 0, 0, 0, 0, 0, 0, 0, 0, 0, 0, 0, 0, 0, 0, 0, 0, 0], tdest=[0, 0, 0, 0, 0, 0, 0, 0, 0, 0, 0, 0, 0, 0, 0, 0, 0, 0, 0, 0, 0, 0, 0, 0, 0, 0, 0, 0, 0, 0, 0, 0, 0, 0, 0, 0, 0, 0, 0, 0, 0, 0, 0, 0, 0, 0, 0, 0, 0, 0, 0, 0, 0, 0, 0, 0, 0, 0, 0, 0, 0, 0, 0, 0], tuser=[0, 0, 0, 0, 0, 0, 0, 0, 0, 0, 0, 0, 0, 0, 0, 0, 0, 0, 0, 0, 0, 0, 0, 0, 0, 0, 0, 0, 0, 0, 0, 0, 0, 0, 0, 0, 0, 0, 0, 0, 0, 0, 0, 0, 0, 0, 0, 0, 0, 0, 0, 0, 0, 0, 0, 0, 0, 0, 0, 0, 0, 0, 0, 0], sim_time_start=8110000, sim_time_end=8260000)
INFO cocotb:   8300.00ns INFO     cocotb.axi_dma.s_axis_write_data   TX frame: AxiStreamFrame(tdata=bytearray(b'\x00\x01\x02\x03\x04\x05\x06\x07\x08\t\n\x0b\x0c\r\x0e\x0f\x10\x11\x12\x13\x14\x15\x16\x17\x18\x19\x1a\x1b\x1c\x1d\x1e\x1f !"#$%&\'()*+,-./0123456789:;<=>?'), tkeep=None, tid=11, tdest=None, tuser=None, sim_time_start=8300000, sim_time_end=None)
INFO cocotb:   8330.00ns INFO     cocotb.axi_dma.m_axi               Write burst awid: 0x0 awaddr: 0x0000c000 awlen: 15 awsize: 2 awprot: 2
INFO cocotb:   8380.00ns INFO     cocotb.axi_dma.m_axi               Read burst arid: 0x0 araddr: 0x00006000 arlen: 15 arsize: 2 arprot: 2
INFO cocotb:   8430.00ns INFO     cocotb.axi_dma.m_axis_read_data    RX frame: AxiStreamFrame(tdata=bytearray(b'\x00\x01\x02\x03\x04\x05\x06\x07\x08\t\n\x0b\x0c\r\x0e\x0f\x10\x11\x12\x13\x14\x15\x16\x17\x18\x19\x1a\x1b\x1c\x1d\x1e\x1f !"#$%&\'()*+,-./0123456789:;<=>?'), tkeep=[1, 1, 1, 1, 1, 1, 1, 1, 1, 1, 1, 1, 1, 1, 1, 1, 1, 1, 1, 1, 1, 1, 1, 1, 1, 1, 1, 1, 1, 1, 1, 1, 1, 1, 1, 1, 1, 1, 1, 1, 1, 1, 1, 1, 1, 1, 1, 1, 1, 1, 1, 1, 1, 1, 1, 1, 1, 1, 1, 1, 1, 1, 1, 1], tid=[0, 0, 0, 0, 0, 0, 0, 0, 0, 0, 0, 0, 0, 0, 0, 0, 0, 0, 0, 0, 0, 0, 0, 0, 0, 0, 0, 0, 0, 0, 0, 0, 0, 0, 0, 0, 0, 0, 0, 0, 0, 0, 0, 0, 0, 0, 0, 0, 0, 0, 0, 0, 0, 0, 0, 0, 0, 0, 0, 0, 0, 0, 0, 0], tdest=[0, 0, 0, 0, 0, 0, 0, 0, 0, 0, 0, 0, 0, 0, 0, 0, 0, 0, 0, 0, 0, 0, 0, 0, 0, 0, 0, 0, 0, 0, 0, 0, 0, 0, 0, 0, 0, 0, 0, 0, 0, 0, 0, 0, 0, 0, 0, 0, 0, 0, 0, 0, 0, 0, 0, 0, 0, 0, 0, 0, 0, 0, 0, 0], tuser=[0, 0, 0, 0, 0, 0, 0, 0, 0, 0, 0, 0, 0, 0, 0, 0, 0, 0, 0, 0, 0, 0, 0, 0, 0, 0, 0, 0, 0, 0, 0, 0, 0, 0, 0, 0, 0, 0, 0, 0, 0, 0, 0, 0, 0, 0, 0, 0, 0, 0, 0, 0, 0, 0, 0, 0, 0, 0, 0, 0, 0, 0, 0, 0], sim_time_start=8280000, sim_time_end=8430000)
INFO cocotb:   8480.00ns INFO     cocotb.axi_dma.s_axis_write_data   TX frame: AxiStreamFrame(tdata=bytearray(b'\x00\x01\x02\x03\x04\x05\x06\x07\x08\t\n\x0b\x0c\r\x0e\x0f\x10\x11\x12\x13\x14\x15\x16\x17\x18\x19\x1a\x1b\x1c\x1d\x1e\x1f !"#$%&\'()*+,-./0123456789:;<=>?'), tkeep=None, tid=12, tdest=None, tuser=None, sim_time_start=8480000, sim_time_end=None)
INFO cocotb:   8510.00ns INFO     cocotb.axi_dma.m_axi               Write burst awid: 0x0 awaddr: 0x0000d000 awlen: 15 awsize: 2 awprot: 2
INFO cocotb:   8600.00ns INFO     cocotb.axi_dma.m_axis_read_data    RX frame: AxiStreamFrame(tdata=bytearray(b'\x00\x01\x02\x03\x04\x05\x06\x07\x08\t\n\x0b\x0c\r\x0e\x0f\x10\x11\x12\x13\x14\x15\x16\x17\x18\x19\x1a\x1b\x1c\x1d\x1e\x1f !"#$%&\'()*+,-./0123456789:;<=>?'), tkeep=[1, 1, 1, 1, 1, 1, 1, 1, 1, 1, 1, 1, 1, 1, 1, 1, 1, 1, 1, 1, 1, 1, 1, 1, 1, 1, 1, 1, 1, 1, 1, 1, 1, 1, 1, 1, 1, 1, 1, 1, 1, 1, 1, 1, 1, 1, 1, 1, 1, 1, 1, 1, 1, 1, 1, 1, 1, 1, 1, 1, 1, 1, 1, 1], tid=[0, 0, 0, 0, 0, 0, 0, 0, 0, 0, 0, 0, 0, 0, 0, 0, 0, 0, 0, 0, 0, 0, 0, 0, 0, 0, 0, 0, 0, 0, 0, 0, 0, 0, 0, 0, 0, 0, 0, 0, 0, 0, 0, 0, 0, 0, 0, 0, 0, 0, 0, 0, 0, 0, 0, 0, 0, 0, 0, 0, 0, 0, 0, 0], tdest=[0, 0, 0, 0, 0, 0, 0, 0, 0, 0, 0, 0, 0, 0, 0, 0, 0, 0, 0, 0, 0, 0, 0, 0, 0, 0, 0, 0, 0, 0, 0, 0, 0, 0, 0, 0, 0, 0, 0, 0, 0, 0, 0, 0, 0, 0, 0, 0, 0, 0, 0, 0, 0, 0, 0, 0, 0, 0, 0, 0, 0, 0, 0, 0], tuser=[0, 0, 0, 0, 0, 0, 0, 0, 0, 0, 0, 0, 0, 0, 0, 0, 0, 0, 0, 0, 0, 0, 0, 0, 0, 0, 0, 0, 0, 0, 0, 0, 0, 0, 0, 0, 0, 0, 0, 0, 0, 0, 0, 0, 0, 0, 0, 0, 0, 0, 0, 0, 0, 0, 0, 0, 0, 0, 0, 0, 0, 0, 0, 0], sim_time_start=8450000, sim_time_end=8600000)
INFO cocotb:   8660.00ns INFO     cocotb.axi_dma.s_axis_write_data   TX frame: AxiStreamFrame(tdata=bytearray(b'\x00\x01\x02\x03\x04\x05\x06\x07\x08\t\n\x0b\x0c\r\x0e\x0f\x10\x11\x12\x13\x14\x15\x16\x17\x18\x19\x1a\x1b\x1c\x1d\x1e\x1f !"#$%&\'()*+,-./0123456789:;<=>?'), tkeep=None, tid=13, tdest=None, tuser=None, sim_time_start=8660000, sim_time_end=None)
INFO cocotb:   8690.00ns INFO     cocotb.axi_dma.m_axi               Write burst awid: 0x0 awaddr: 0x0000e000 awlen: 15 awsize: 2 awprot: 2
INFO cocotb:   8930.00ns INFO     cocotb.axi_dma.m_axi               Read burst arid: 0x0 araddr: 0x00000000 arlen: 15 arsize: 2 arprot: 2
INFO cocotb:   9070.00ns INFO     cocotb.axi_dma.m_axi               Read burst arid: 0x0 araddr: 0x00001000 arlen: 15 arsize: 2 arprot: 2
INFO cocotb:   9120.00ns INFO     cocotb.axi_dma.m_axis_read_data    RX frame: AxiStreamFrame(tdata=bytearray(b'\x00\x01\x02\x03\x04\x05\x06\x07\x08\t\n\x0b\x0c\r\x0e\x0f\x10\x11\x12\x13\x14\x15\x16\x17\x18\x19\x1a\x1b\x1c\x1d\x1e\x1f !"#$%&\'()*+,-./0123456789:;<=>?'), tkeep=[1, 1, 1, 1, 1, 1, 1, 1, 1, 1, 1, 1, 1, 1, 1, 1, 1, 1, 1, 1, 1, 1, 1, 1, 1, 1, 1, 1, 1, 1, 1, 1, 1, 1, 1, 1, 1, 1, 1, 1, 1, 1, 1, 1, 1, 1, 1, 1, 1, 1, 1, 1, 1, 1, 1, 1, 1, 1, 1, 1, 1, 1, 1, 1], tid=[0, 0, 0, 0, 0, 0, 0, 0, 0, 0, 0, 0, 0, 0, 0, 0, 0, 0, 0, 0, 0, 0, 0, 0, 0, 0, 0, 0, 0, 0, 0, 0, 0, 0, 0, 0, 0, 0, 0, 0, 0, 0, 0, 0, 0, 0, 0, 0, 0, 0, 0, 0, 0, 0, 0, 0, 0, 0, 0, 0, 0, 0, 0, 0], tdest=[0, 0, 0, 0, 0, 0, 0, 0, 0, 0, 0, 0, 0, 0, 0, 0, 0, 0, 0, 0, 0, 0, 0, 0, 0, 0, 0, 0, 0, 0, 0, 0, 0, 0, 0, 0, 0, 0, 0, 0, 0, 0, 0, 0, 0, 0, 0, 0, 0, 0, 0, 0, 0, 0, 0, 0, 0, 0, 0, 0, 0, 0, 0, 0], tuser=[0, 0, 0, 0, 0, 0, 0, 0, 0, 0, 0, 0, 0, 0, 0, 0, 0, 0, 0, 0, 0, 0, 0, 0, 0, 0, 0, 0, 0, 0, 0, 0, 0, 0, 0, 0, 0, 0, 0, 0, 0, 0, 0, 0, 0, 0, 0, 0, 0, 0, 0, 0, 0, 0, 0, 0, 0, 0, 0, 0, 0, 0, 0, 0], sim_time_start=8970000, sim_time_end=9120000)
INFO cocotb:   9130.00ns INFO     cocotb.axi_dma.s_axis_write_data   TX frame: AxiStreamFrame(tdata=bytearray(b'\x00\x01\x02\x03\x04\x05\x06\x07\x08\t\n\x0b\x0c\r\x0e\x0f\x10\x11\x12\x13\x14\x15\x16\x17\x18\x19\x1a\x1b\x1c\x1d\x1e\x1f !"#$%&\'()*+,-./0123456789:;<=>?'), tkeep=None, tid=14, tdest=None, tuser=None, sim_time_start=9130000, sim_time_end=None)
INFO cocotb:   9150.00ns INFO     cocotb.axi_dma.m_axi               Write burst awid: 0x0 awaddr: 0x00008000 awlen: 15 awsize: 2 awprot: 2
INFO cocotb:   9240.00ns INFO     cocotb.axi_dma.m_axi               Read burst arid: 0x0 araddr: 0x00002000 arlen: 15 arsize: 2 arprot: 2
INFO cocotb:   9290.00ns INFO     cocotb.axi_dma.m_axis_read_data    RX frame: AxiStreamFrame(tdata=bytearray(b'\x00\x01\x02\x03\x04\x05\x06\x07\x08\t\n\x0b\x0c\r\x0e\x0f\x10\x11\x12\x13\x14\x15\x16\x17\x18\x19\x1a\x1b\x1c\x1d\x1e\x1f !"#$%&\'()*+,-./0123456789:;<=>?'), tkeep=[1, 1, 1, 1, 1, 1, 1, 1, 1, 1, 1, 1, 1, 1, 1, 1, 1, 1, 1, 1, 1, 1, 1, 1, 1, 1, 1, 1, 1, 1, 1, 1, 1, 1, 1, 1, 1, 1, 1, 1, 1, 1, 1, 1, 1, 1, 1, 1, 1, 1, 1, 1, 1, 1, 1, 1, 1, 1, 1, 1, 1, 1, 1, 1], tid=[0, 0, 0, 0, 0, 0, 0, 0, 0, 0, 0, 0, 0, 0, 0, 0, 0, 0, 0, 0, 0, 0, 0, 0, 0, 0, 0, 0, 0, 0, 0, 0, 0, 0, 0, 0, 0, 0, 0, 0, 0, 0, 0, 0, 0, 0, 0, 0, 0, 0, 0, 0, 0, 0, 0, 0, 0, 0, 0, 0, 0, 0, 0, 0], tdest=[0, 0, 0, 0, 0, 0, 0, 0, 0, 0, 0, 0, 0, 0, 0, 0, 0, 0, 0, 0, 0, 0, 0, 0, 0, 0, 0, 0, 0, 0, 0, 0, 0, 0, 0, 0, 0, 0, 0, 0, 0, 0, 0, 0, 0, 0, 0, 0, 0, 0, 0, 0, 0, 0, 0, 0, 0, 0, 0, 0, 0, 0, 0, 0], tuser=[0, 0, 0, 0, 0, 0, 0, 0, 0, 0, 0, 0, 0, 0, 0, 0, 0, 0, 0, 0, 0, 0, 0, 0, 0, 0, 0, 0, 0, 0, 0, 0, 0, 0, 0, 0, 0, 0, 0, 0, 0, 0, 0, 0, 0, 0, 0, 0, 0, 0, 0, 0, 0, 0, 0, 0, 0, 0, 0, 0, 0, 0, 0, 0], sim_time_start=9140000, sim_time_end=9290000)
INFO cocotb:   9300.00ns INFO     cocotb.axi_dma.s_axis_write_data   TX frame: AxiStreamFrame(tdata=bytearray(b'\x00\x01\x02\x03\x04\x05\x06\x07\x08\t\n\x0b\x0c\r\x0e\x0f\x10\x11\x12\x13\x14\x15\x16\x17\x18\x19\x1a\x1b\x1c\x1d\x1e\x1f !"#$%&\'()*+,-./0123456789:;<=>?'), tkeep=None, tid=15, tdest=None, tuser=None, sim_time_start=9300000, sim_time_end=None)
INFO cocotb:   9330.00ns INFO     cocotb.axi_dma.m_axi               Write burst awid: 0x0 awaddr: 0x00009000 awlen: 15 awsize: 2 awprot: 2
INFO cocotb:   9410.00ns INFO     cocotb.axi_dma.m_axi               Read burst arid: 0x0 araddr: 0x00003000 arlen: 15 arsize: 2 arprot: 2
INFO cocotb:   9460.00ns INFO     cocotb.axi_dma.m_axis_read_data    RX frame: AxiStreamFrame(tdata=bytearray(b'\x00\x01\x02\x03\x04\x05\x06\x07\x08\t\n\x0b\x0c\r\x0e\x0f\x10\x11\x12\x13\x14\x15\x16\x17\x18\x19\x1a\x1b\x1c\x1d\x1e\x1f !"#$%&\'()*+,-./0123456789:;<=>?'), tkeep=[1, 1, 1, 1, 1, 1, 1, 1, 1, 1, 1, 1, 1, 1, 1, 1, 1, 1, 1, 1, 1, 1, 1, 1, 1, 1, 1, 1, 1, 1, 1, 1, 1, 1, 1, 1, 1, 1, 1, 1, 1, 1, 1, 1, 1, 1, 1, 1, 1, 1, 1, 1, 1, 1, 1, 1, 1, 1, 1, 1, 1, 1, 1, 1], tid=[0, 0, 0, 0, 0, 0, 0, 0, 0, 0, 0, 0, 0, 0, 0, 0, 0, 0, 0, 0, 0, 0, 0, 0, 0, 0, 0, 0, 0, 0, 0, 0, 0, 0, 0, 0, 0, 0, 0, 0, 0, 0, 0, 0, 0, 0, 0, 0, 0, 0, 0, 0, 0, 0, 0, 0, 0, 0, 0, 0, 0, 0, 0, 0], tdest=[0, 0, 0, 0, 0, 0, 0, 0, 0, 0, 0, 0, 0, 0, 0, 0, 0, 0, 0, 0, 0, 0, 0, 0, 0, 0, 0, 0, 0, 0, 0, 0, 0, 0, 0, 0, 0, 0, 0, 0, 0, 0, 0, 0, 0, 0, 0, 0, 0, 0, 0, 0, 0, 0, 0, 0, 0, 0, 0, 0, 0, 0, 0, 0], tuser=[0, 0, 0, 0, 0, 0, 0, 0, 0, 0, 0, 0, 0, 0, 0, 0, 0, 0, 0, 0, 0, 0, 0, 0, 0, 0, 0, 0, 0, 0, 0, 0, 0, 0, 0, 0, 0, 0, 0, 0, 0, 0, 0, 0, 0, 0, 0, 0, 0, 0, 0, 0, 0, 0, 0, 0, 0, 0, 0, 0, 0, 0, 0, 0], sim_time_start=9310000, sim_time_end=9460000)
INFO cocotb:   9480.00ns INFO     cocotb.axi_dma.s_axis_write_data   TX frame: AxiStreamFrame(tdata=bytearray(b'\x00\x01\x02\x03\x04\x05\x06\x07\x08\t\n\x0b\x0c\r\x0e\x0f\x10\x11\x12\x13\x14\x15\x16\x17\x18\x19\x1a\x1b\x1c\x1d\x1e\x1f !"#$%&\'()*+,-./0123456789:;<=>?'), tkeep=None, tid=16, tdest=None, tuser=None, sim_time_start=9480000, sim_time_end=None)
INFO cocotb:   9510.00ns INFO     cocotb.axi_dma.m_axi               Write burst awid: 0x0 awaddr: 0x0000a000 awlen: 15 awsize: 2 awprot: 2
INFO cocotb:   9580.00ns INFO     cocotb.axi_dma.m_axi               Read burst arid: 0x0 araddr: 0x00004000 arlen: 15 arsize: 2 arprot: 2
INFO cocotb:   9630.00ns INFO     cocotb.axi_dma.m_axis_read_data    RX frame: AxiStreamFrame(tdata=bytearray(b'\x00\x01\x02\x03\x04\x05\x06\x07\x08\t\n\x0b\x0c\r\x0e\x0f\x10\x11\x12\x13\x14\x15\x16\x17\x18\x19\x1a\x1b\x1c\x1d\x1e\x1f !"#$%&\'()*+,-./0123456789:;<=>?'), tkeep=[1, 1, 1, 1, 1, 1, 1, 1, 1, 1, 1, 1, 1, 1, 1, 1, 1, 1, 1, 1, 1, 1, 1, 1, 1, 1, 1, 1, 1, 1, 1, 1, 1, 1, 1, 1, 1, 1, 1, 1, 1, 1, 1, 1, 1, 1, 1, 1, 1, 1, 1, 1, 1, 1, 1, 1, 1, 1, 1, 1, 1, 1, 1, 1], tid=[0, 0, 0, 0, 0, 0, 0, 0, 0, 0, 0, 0, 0, 0, 0, 0, 0, 0, 0, 0, 0, 0, 0, 0, 0, 0, 0, 0, 0, 0, 0, 0, 0, 0, 0, 0, 0, 0, 0, 0, 0, 0, 0, 0, 0, 0, 0, 0, 0, 0, 0, 0, 0, 0, 0, 0, 0, 0, 0, 0, 0, 0, 0, 0], tdest=[0, 0, 0, 0, 0, 0, 0, 0, 0, 0, 0, 0, 0, 0, 0, 0, 0, 0, 0, 0, 0, 0, 0, 0, 0, 0, 0, 0, 0, 0, 0, 0, 0, 0, 0, 0, 0, 0, 0, 0, 0, 0, 0, 0, 0, 0, 0, 0, 0, 0, 0, 0, 0, 0, 0, 0, 0, 0, 0, 0, 0, 0, 0, 0], tuser=[0, 0, 0, 0, 0, 0, 0, 0, 0, 0, 0, 0, 0, 0, 0, 0, 0, 0, 0, 0, 0, 0, 0, 0, 0, 0, 0, 0, 0, 0, 0, 0, 0, 0, 0, 0, 0, 0, 0, 0, 0, 0, 0, 0, 0, 0, 0, 0, 0, 0, 0, 0, 0, 0, 0, 0, 0, 0, 0, 0, 0, 0, 0, 0], sim_time_start=9480000, sim_time_end=9630000)
INFO cocotb:   9660.00ns INFO     cocotb.axi_dma.s_axis_write_data   TX frame: AxiStreamFrame(tdata=bytearray(b'\x00\x01\x02\x03\x04\x05\x06\x07\x08\t\n\x0b\x0c\r\x0e\x0f\x10\x11\x12\x13\x14\x15\x16\x17\x18\x19\x1a\x1b\x1c\x1d\x1e\x1f !"#$%&\'()*+,-./0123456789:;<=>?'), tkeep=None, tid=17, tdest=None, tuser=None, sim_time_start=9660000, sim_time_end=None)
INFO cocotb:   9690.00ns INFO     cocotb.axi_dma.m_axi               Write burst awid: 0x0 awaddr: 0x0000b000 awlen: 15 awsize: 2 awprot: 2
INFO cocotb:   9750.00ns INFO     cocotb.axi_dma.m_axi               Read burst arid: 0x0 araddr: 0x00005000 arlen: 15 arsize: 2 arprot: 2
INFO cocotb:   9800.00ns INFO     cocotb.axi_dma.m_axis_read_data    RX frame: AxiStreamFrame(tdata=bytearray(b'\x00\x01\x02\x03\x04\x05\x06\x07\x08\t\n\x0b\x0c\r\x0e\x0f\x10\x11\x12\x13\x14\x15\x16\x17\x18\x19\x1a\x1b\x1c\x1d\x1e\x1f !"#$%&\'()*+,-./0123456789:;<=>?'), tkeep=[1, 1, 1, 1, 1, 1, 1, 1, 1, 1, 1, 1, 1, 1, 1, 1, 1, 1, 1, 1, 1, 1, 1, 1, 1, 1, 1, 1, 1, 1, 1, 1, 1, 1, 1, 1, 1, 1, 1, 1, 1, 1, 1, 1, 1, 1, 1, 1, 1, 1, 1, 1, 1, 1, 1, 1, 1, 1, 1, 1, 1, 1, 1, 1], tid=[0, 0, 0, 0, 0, 0, 0, 0, 0, 0, 0, 0, 0, 0, 0, 0, 0, 0, 0, 0, 0, 0, 0, 0, 0, 0, 0, 0, 0, 0, 0, 0, 0, 0, 0, 0, 0, 0, 0, 0, 0, 0, 0, 0, 0, 0, 0, 0, 0, 0, 0, 0, 0, 0, 0, 0, 0, 0, 0, 0, 0, 0, 0, 0], tdest=[0, 0, 0, 0, 0, 0, 0, 0, 0, 0, 0, 0, 0, 0, 0, 0, 0, 0, 0, 0, 0, 0, 0, 0, 0, 0, 0, 0, 0, 0, 0, 0, 0, 0, 0, 0, 0, 0, 0, 0, 0, 0, 0, 0, 0, 0, 0, 0, 0, 0, 0, 0, 0, 0, 0, 0, 0, 0, 0, 0, 0, 0, 0, 0], tuser=[0, 0, 0, 0, 0, 0, 0, 0, 0, 0, 0, 0, 0, 0, 0, 0, 0, 0, 0, 0, 0, 0, 0, 0, 0, 0, 0, 0, 0, 0, 0, 0, 0, 0, 0, 0, 0, 0, 0, 0, 0, 0, 0, 0, 0, 0, 0, 0, 0, 0, 0, 0, 0, 0, 0, 0, 0, 0, 0, 0, 0, 0, 0, 0], sim_time_start=9650000, sim_time_end=9800000)
INFO cocotb:   9840.00ns INFO     cocotb.axi_dma.s_axis_write_data   TX frame: AxiStreamFrame(tdata=bytearray(b'\x00\x01\x02\x03\x04\x05\x06\x07\x08\t\n\x0b\x0c\r\x0e\x0f\x10\x11\x12\x13\x14\x15\x16\x17\x18\x19\x1a\x1b\x1c\x1d\x1e\x1f !"#$%&\'()*+,-./0123456789:;<=>?'), tkeep=None, tid=18, tdest=None, tuser=None, sim_time_start=9840000, sim_time_end=None)
INFO cocotb:   9870.00ns INFO     cocotb.axi_dma.m_axi               Write burst awid: 0x0 awaddr: 0x0000c000 awlen: 15 awsize: 2 awprot: 2
INFO cocotb:   9920.00ns INFO     cocotb.axi_dma.m_axi               Read burst arid: 0x0 araddr: 0x00006000 arlen: 15 arsize: 2 arprot: 2
INFO cocotb:   9970.00ns INFO     cocotb.axi_dma.m_axis_read_data    RX frame: AxiStreamFrame(tdata=bytearray(b'\x00\x01\x02\x03\x04\x05\x06\x07\x08\t\n\x0b\x0c\r\x0e\x0f\x10\x11\x12\x13\x14\x15\x16\x17\x18\x19\x1a\x1b\x1c\x1d\x1e\x1f !"#$%&\'()*+,-./0123456789:;<=>?'), tkeep=[1, 1, 1, 1, 1, 1, 1, 1, 1, 1, 1, 1, 1, 1, 1, 1, 1, 1, 1, 1, 1, 1, 1, 1, 1, 1, 1, 1, 1, 1, 1, 1, 1, 1, 1, 1, 1, 1, 1, 1, 1, 1, 1, 1, 1, 1, 1, 1, 1, 1, 1, 1, 1, 1, 1, 1, 1, 1, 1, 1, 1, 1, 1, 1], tid=[0, 0, 0, 0, 0, 0, 0, 0, 0, 0, 0, 0, 0, 0, 0, 0, 0, 0, 0, 0, 0, 0, 0, 0, 0, 0, 0, 0, 0, 0, 0, 0, 0, 0, 0, 0, 0, 0, 0, 0, 0, 0, 0, 0, 0, 0, 0, 0, 0, 0, 0, 0, 0, 0, 0, 0, 0, 0, 0, 0, 0, 0, 0, 0], tdest=[0, 0, 0, 0, 0, 0, 0, 0, 0, 0, 0, 0, 0, 0, 0, 0, 0, 0, 0, 0, 0, 0, 0, 0, 0, 0, 0, 0, 0, 0, 0, 0, 0, 0, 0, 0, 0, 0, 0, 0, 0, 0, 0, 0, 0, 0, 0, 0, 0, 0, 0, 0, 0, 0, 0, 0, 0, 0, 0, 0, 0, 0, 0, 0], tuser=[0, 0, 0, 0, 0, 0, 0, 0, 0, 0, 0, 0, 0, 0, 0, 0, 0, 0, 0, 0, 0, 0, 0, 0, 0, 0, 0, 0, 0, 0, 0, 0, 0, 0, 0, 0, 0, 0, 0, 0, 0, 0, 0, 0, 0, 0, 0, 0, 0, 0, 0, 0, 0, 0, 0, 0, 0, 0, 0, 0, 0, 0, 0, 0], sim_time_start=9820000, sim_time_end=9970000)
INFO cocotb:  10020.00ns INFO     cocotb.axi_dma.s_axis_write_data   TX frame: AxiStreamFrame(tdata=bytearray(b'\x00\x01\x02\x03\x04\x05\x06\x07\x08\t\n\x0b\x0c\r\x0e\x0f\x10\x11\x12\x13\x14\x15\x16\x17\x18\x19\x1a\x1b\x1c\x1d\x1e\x1f !"#$%&\'()*+,-./0123456789:;<=>?'), tkeep=None, tid=19, tdest=None, tuser=None, sim_time_start=10020000, sim_time_end=None)
INFO cocotb:  10050.00ns INFO     cocotb.axi_dma.m_axi               Write burst awid: 0x0 awaddr: 0x0000d000 awlen: 15 awsize: 2 awprot: 2
INFO cocotb:  10090.00ns INFO     cocotb.axi_dma.m_axi               Read burst arid: 0x0 araddr: 0x00007000 arlen: 15 arsize: 2 arprot: 2
INFO cocotb:  10140.00ns INFO     cocotb.axi_dma.m_axis_read_data    RX frame: AxiStreamFrame(tdata=bytearray(b'\x00\x01\x02\x03\x04\x05\x06\x07\x08\t\n\x0b\x0c\r\x0e\x0f\x10\x11\x12\x13\x14\x15\x16\x17\x18\x19\x1a\x1b\x1c\x1d\x1e\x1f !"#$%&\'()*+,-./0123456789:;<=>?'), tkeep=[1, 1, 1, 1, 1, 1, 1, 1, 1, 1, 1, 1, 1, 1, 1, 1, 1, 1, 1, 1, 1, 1, 1, 1, 1, 1, 1, 1, 1, 1, 1, 1, 1, 1, 1, 1, 1, 1, 1, 1, 1, 1, 1, 1, 1, 1, 1, 1, 1, 1, 1, 1, 1, 1, 1, 1, 1, 1, 1, 1, 1, 1, 1, 1], tid=[0, 0, 0, 0, 0, 0, 0, 0, 0, 0, 0, 0, 0, 0, 0, 0, 0, 0, 0, 0, 0, 0, 0, 0, 0, 0, 0, 0, 0, 0, 0, 0, 0, 0, 0, 0, 0, 0, 0, 0, 0, 0, 0, 0, 0, 0, 0, 0, 0, 0, 0, 0, 0, 0, 0, 0, 0, 0, 0, 0, 0, 0, 0, 0], tdest=[0, 0, 0, 0, 0, 0, 0, 0, 0, 0, 0, 0, 0, 0, 0, 0, 0, 0, 0, 0, 0, 0, 0, 0, 0, 0, 0, 0, 0, 0, 0, 0, 0, 0, 0, 0, 0, 0, 0, 0, 0, 0, 0, 0, 0, 0, 0, 0, 0, 0, 0, 0, 0, 0, 0, 0, 0, 0, 0, 0, 0, 0, 0, 0], tuser=[0, 0, 0, 0, 0, 0, 0, 0, 0, 0, 0, 0, 0, 0, 0, 0, 0, 0, 0, 0, 0, 0, 0, 0, 0, 0, 0, 0, 0, 0, 0, 0, 0, 0, 0, 0, 0, 0, 0, 0, 0, 0, 0, 0, 0, 0, 0, 0, 0, 0, 0, 0, 0, 0, 0, 0, 0, 0, 0, 0, 0, 0, 0, 0], sim_time_start=9990000, sim_time_end=10140000)
INFO cocotb:  10200.00ns INFO     cocotb.axi_dma.s_axis_write_data   TX frame: AxiStreamFrame(tdata=bytearray(b'\x00\x01\x02\x03\x04\x05\x06\x07\x08\t\n\x0b\x0c\r\x0e\x0f\x10\x11\x12\x13\x14\x15\x16\x17\x18\x19\x1a\x1b\x1c\x1d\x1e\x1f !"#$%&\'()*+,-./0123456789:;<=>?'), tkeep=None, tid=20, tdest=None, tuser=None, sim_time_start=10200000, sim_time_end=None)
INFO cocotb:  10230.00ns INFO     cocotb.axi_dma.m_axi               Write burst awid: 0x0 awaddr: 0x0000e000 awlen: 15 awsize: 2 awprot: 2
INFO cocotb:  10310.00ns INFO     cocotb.axi_dma.m_axis_read_data    RX frame: AxiStreamFrame(tdata=bytearray(b'\x00\x01\x02\x03\x04\x05\x06\x07\x08\t\n\x0b\x0c\r\x0e\x0f\x10\x11\x12\x13\x14\x15\x16\x17\x18\x19\x1a\x1b\x1c\x1d\x1e\x1f !"#$%&\'()*+,-./0123456789:;<=>?'), tkeep=[1, 1, 1, 1, 1, 1, 1, 1, 1, 1, 1, 1, 1, 1, 1, 1, 1, 1, 1, 1, 1, 1, 1, 1, 1, 1, 1, 1, 1, 1, 1, 1, 1, 1, 1, 1, 1, 1, 1, 1, 1, 1, 1, 1, 1, 1, 1, 1, 1, 1, 1, 1, 1, 1, 1, 1, 1, 1, 1, 1, 1, 1, 1, 1], tid=[0, 0, 0, 0, 0, 0, 0, 0, 0, 0, 0, 0, 0, 0, 0, 0, 0, 0, 0, 0, 0, 0, 0, 0, 0, 0, 0, 0, 0, 0, 0, 0, 0, 0, 0, 0, 0, 0, 0, 0, 0, 0, 0, 0, 0, 0, 0, 0, 0, 0, 0, 0, 0, 0, 0, 0, 0, 0, 0, 0, 0, 0, 0, 0], tdest=[0, 0, 0, 0, 0, 0, 0, 0, 0, 0, 0, 0, 0, 0, 0, 0, 0, 0, 0, 0, 0, 0, 0, 0, 0, 0, 0, 0, 0, 0, 0, 0, 0, 0, 0, 0, 0, 0, 0, 0, 0, 0, 0, 0, 0, 0, 0, 0, 0, 0, 0, 0, 0, 0, 0, 0, 0, 0, 0, 0, 0, 0, 0, 0], tuser=[0, 0, 0, 0, 0, 0, 0, 0, 0, 0, 0, 0, 0, 0, 0, 0, 0, 0, 0, 0, 0, 0, 0, 0, 0, 0, 0, 0, 0, 0, 0, 0, 0, 0, 0, 0, 0, 0, 0, 0, 0, 0, 0, 0, 0, 0, 0, 0, 0, 0, 0, 0, 0, 0, 0, 0, 0, 0, 0, 0, 0, 0, 0, 0], sim_time_start=10160000, sim_time_end=10310000)
INFO cocotb:  10380.00ns INFO     cocotb.axi_dma.s_axis_write_data   TX frame: AxiStreamFrame(tdata=bytearray(b'\x00\x01\x02\x03\x04\x05\x06\x07\x08\t\n\x0b\x0c\r\x0e\x0f\x10\x11\x12\x13\x14\x15\x16\x17\x18\x19\x1a\x1b\x1c\x1d\x1e\x1f !"#$%&\'()*+,-./0123456789:;<=>?'), tkeep=None, tid=21, tdest=None, tuser=None, sim_time_start=10380000, sim_time_end=None)
INFO cocotb:  10410.00ns INFO     cocotb.axi_dma.m_axi               Write burst awid: 0x0 awaddr: 0x0000f000 awlen: 15 awsize: 2 awprot: 2
INFO cocotb:  10650.00ns INFO     cocotb.axi_dma.m_axi               Read burst arid: 0x0 araddr: 0x00000000 arlen: 15 arsize: 2 arprot: 2
INFO cocotb:  10790.00ns INFO     cocotb.axi_dma.m_axi               Read burst arid: 0x0 araddr: 0x00001000 arlen: 15 arsize: 2 arprot: 2
INFO cocotb:  10840.00ns INFO     cocotb.axi_dma.m_axis_read_data    RX frame: AxiStreamFrame(tdata=bytearray(b'\x00\x01\x02\x03\x04\x05\x06\x07\x08\t\n\x0b\x0c\r\x0e\x0f\x10\x11\x12\x13\x14\x15\x16\x17\x18\x19\x1a\x1b\x1c\x1d\x1e\x1f !"#$%&\'()*+,-./0123456789:;<=>?'), tkeep=[1, 1, 1, 1, 1, 1, 1, 1, 1, 1, 1, 1, 1, 1, 1, 1, 1, 1, 1, 1, 1, 1, 1, 1, 1, 1, 1, 1, 1, 1, 1, 1, 1, 1, 1, 1, 1, 1, 1, 1, 1, 1, 1, 1, 1, 1, 1, 1, 1, 1, 1, 1, 1, 1, 1, 1, 1, 1, 1, 1, 1, 1, 1, 1], tid=[0, 0, 0, 0, 0, 0, 0, 0, 0, 0, 0, 0, 0, 0, 0, 0, 0, 0, 0, 0, 0, 0, 0, 0, 0, 0, 0, 0, 0, 0, 0, 0, 0, 0, 0, 0, 0, 0, 0, 0, 0, 0, 0, 0, 0, 0, 0, 0, 0, 0, 0, 0, 0, 0, 0, 0, 0, 0, 0, 0, 0, 0, 0, 0], tdest=[0, 0, 0, 0, 0, 0, 0, 0, 0, 0, 0, 0, 0, 0, 0, 0, 0, 0, 0, 0, 0, 0, 0, 0, 0, 0, 0, 0, 0, 0, 0, 0, 0, 0, 0, 0, 0, 0, 0, 0, 0, 0, 0, 0, 0, 0, 0, 0, 0, 0, 0, 0, 0, 0, 0, 0, 0, 0, 0, 0, 0, 0, 0, 0], tuser=[0, 0, 0, 0, 0, 0, 0, 0, 0, 0, 0, 0, 0, 0, 0, 0, 0, 0, 0, 0, 0, 0, 0, 0, 0, 0, 0, 0, 0, 0, 0, 0, 0, 0, 0, 0, 0, 0, 0, 0, 0, 0, 0, 0, 0, 0, 0, 0, 0, 0, 0, 0, 0, 0, 0, 0, 0, 0, 0, 0, 0, 0, 0, 0], sim_time_start=10690000, sim_time_end=10840000)
INFO cocotb:  10850.00ns INFO     cocotb.axi_dma.s_axis_write_data   TX frame: AxiStreamFrame(tdata=bytearray(b'\x00\x01\x02\x03\x04\x05\x06\x07\x08\t\n\x0b\x0c\r\x0e\x0f\x10\x11\x12\x13\x14\x15\x16\x17\x18\x19\x1a\x1b\x1c\x1d\x1e\x1f !"#$%&\'()*+,-./0123456789:;<=>?'), tkeep=None, tid=22, tdest=None, tuser=None, sim_time_start=10850000, sim_time_end=None)
INFO cocotb:  10870.00ns INFO     cocotb.axi_dma.m_axi               Write burst awid: 0x0 awaddr: 0x00008000 awlen: 15 awsize: 2 awprot: 2
INFO cocotb:  10960.00ns INFO     cocotb.axi_dma.m_axi               Read burst arid: 0x0 araddr: 0x00002000 arlen: 15 arsize: 2 arprot: 2
INFO cocotb:  11010.00ns INFO     cocotb.axi_dma.m_axis_read_data    RX frame: AxiStreamFrame(tdata=bytearray(b'\x00\x01\x02\x03\x04\x05\x06\x07\x08\t\n\x0b\x0c\r\x0e\x0f\x10\x11\x12\x13\x14\x15\x16\x17\x18\x19\x1a\x1b\x1c\x1d\x1e\x1f !"#$%&\'()*+,-./0123456789:;<=>?'), tkeep=[1, 1, 1, 1, 1, 1, 1, 1, 1, 1, 1, 1, 1, 1, 1, 1, 1, 1, 1, 1, 1, 1, 1, 1, 1, 1, 1, 1, 1, 1, 1, 1, 1, 1, 1, 1, 1, 1, 1, 1, 1, 1, 1, 1, 1, 1, 1, 1, 1, 1, 1, 1, 1, 1, 1, 1, 1, 1, 1, 1, 1, 1, 1, 1], tid=[0, 0, 0, 0, 0, 0, 0, 0, 0, 0, 0, 0, 0, 0, 0, 0, 0, 0, 0, 0, 0, 0, 0, 0, 0, 0, 0, 0, 0, 0, 0, 0, 0, 0, 0, 0, 0, 0, 0, 0, 0, 0, 0, 0, 0, 0, 0, 0, 0, 0, 0, 0, 0, 0, 0, 0, 0, 0, 0, 0, 0, 0, 0, 0], tdest=[0, 0, 0, 0, 0, 0, 0, 0, 0, 0, 0, 0, 0, 0, 0, 0, 0, 0, 0, 0, 0, 0, 0, 0, 0, 0, 0, 0, 0, 0, 0, 0, 0, 0, 0, 0, 0, 0, 0, 0, 0, 0, 0, 0, 0, 0, 0, 0, 0, 0, 0, 0, 0, 0, 0, 0, 0, 0, 0, 0, 0, 0, 0, 0], tuser=[0, 0, 0, 0, 0, 0, 0, 0, 0, 0, 0, 0, 0, 0, 0, 0, 0, 0, 0, 0, 0, 0, 0, 0, 0, 0, 0, 0, 0, 0, 0, 0, 0, 0, 0, 0, 0, 0, 0, 0, 0, 0, 0, 0, 0, 0, 0, 0, 0, 0, 0, 0, 0, 0, 0, 0, 0, 0, 0, 0, 0, 0, 0, 0], sim_time_start=10860000, sim_time_end=11010000)
INFO cocotb:  11020.00ns INFO     cocotb.axi_dma.s_axis_write_data   TX frame: AxiStreamFrame(tdata=bytearray(b'\x00\x01\x02\x03\x04\x05\x06\x07\x08\t\n\x0b\x0c\r\x0e\x0f\x10\x11\x12\x13\x14\x15\x16\x17\x18\x19\x1a\x1b\x1c\x1d\x1e\x1f !"#$%&\'()*+,-./0123456789:;<=>?'), tkeep=None, tid=23, tdest=None, tuser=None, sim_time_start=11020000, sim_time_end=None)
INFO cocotb:  11050.00ns INFO     cocotb.axi_dma.m_axi               Write burst awid: 0x0 awaddr: 0x00009000 awlen: 15 awsize: 2 awprot: 2
INFO cocotb:  11130.00ns INFO     cocotb.axi_dma.m_axi               Read burst arid: 0x0 araddr: 0x00003000 arlen: 15 arsize: 2 arprot: 2
INFO cocotb:  11180.00ns INFO     cocotb.axi_dma.m_axis_read_data    RX frame: AxiStreamFrame(tdata=bytearray(b'\x00\x01\x02\x03\x04\x05\x06\x07\x08\t\n\x0b\x0c\r\x0e\x0f\x10\x11\x12\x13\x14\x15\x16\x17\x18\x19\x1a\x1b\x1c\x1d\x1e\x1f !"#$%&\'()*+,-./0123456789:;<=>?'), tkeep=[1, 1, 1, 1, 1, 1, 1, 1, 1, 1, 1, 1, 1, 1, 1, 1, 1, 1, 1, 1, 1, 1, 1, 1, 1, 1, 1, 1, 1, 1, 1, 1, 1, 1, 1, 1, 1, 1, 1, 1, 1, 1, 1, 1, 1, 1, 1, 1, 1, 1, 1, 1, 1, 1, 1, 1, 1, 1, 1, 1, 1, 1, 1, 1], tid=[0, 0, 0, 0, 0, 0, 0, 0, 0, 0, 0, 0, 0, 0, 0, 0, 0, 0, 0, 0, 0, 0, 0, 0, 0, 0, 0, 0, 0, 0, 0, 0, 0, 0, 0, 0, 0, 0, 0, 0, 0, 0, 0, 0, 0, 0, 0, 0, 0, 0, 0, 0, 0, 0, 0, 0, 0, 0, 0, 0, 0, 0, 0, 0], tdest=[0, 0, 0, 0, 0, 0, 0, 0, 0, 0, 0, 0, 0, 0, 0, 0, 0, 0, 0, 0, 0, 0, 0, 0, 0, 0, 0, 0, 0, 0, 0, 0, 0, 0, 0, 0, 0, 0, 0, 0, 0, 0, 0, 0, 0, 0, 0, 0, 0, 0, 0, 0, 0, 0, 0, 0, 0, 0, 0, 0, 0, 0, 0, 0], tuser=[0, 0, 0, 0, 0, 0, 0, 0, 0, 0, 0, 0, 0, 0, 0, 0, 0, 0, 0, 0, 0, 0, 0, 0, 0, 0, 0, 0, 0, 0, 0, 0, 0, 0, 0, 0, 0, 0, 0, 0, 0, 0, 0, 0, 0, 0, 0, 0, 0, 0, 0, 0, 0, 0, 0, 0, 0, 0, 0, 0, 0, 0, 0, 0], sim_time_start=11030000, sim_time_end=11180000)
INFO cocotb:  11200.00ns INFO     cocotb.axi_dma.s_axis_write_data   TX frame: AxiStreamFrame(tdata=bytearray(b'\x00\x01\x02\x03\x04\x05\x06\x07\x08\t\n\x0b\x0c\r\x0e\x0f\x10\x11\x12\x13\x14\x15\x16\x17\x18\x19\x1a\x1b\x1c\x1d\x1e\x1f !"#$%&\'()*+,-./0123456789:;<=>?'), tkeep=None, tid=24, tdest=None, tuser=None, sim_time_start=11200000, sim_time_end=None)
INFO cocotb:  11230.00ns INFO     cocotb.axi_dma.m_axi               Write burst awid: 0x0 awaddr: 0x0000a000 awlen: 15 awsize: 2 awprot: 2
INFO cocotb:  11300.00ns INFO     cocotb.axi_dma.m_axi               Read burst arid: 0x0 araddr: 0x00004000 arlen: 15 arsize: 2 arprot: 2
INFO cocotb:  11350.00ns INFO     cocotb.axi_dma.m_axis_read_data    RX frame: AxiStreamFrame(tdata=bytearray(b'\x00\x01\x02\x03\x04\x05\x06\x07\x08\t\n\x0b\x0c\r\x0e\x0f\x10\x11\x12\x13\x14\x15\x16\x17\x18\x19\x1a\x1b\x1c\x1d\x1e\x1f !"#$%&\'()*+,-./0123456789:;<=>?'), tkeep=[1, 1, 1, 1, 1, 1, 1, 1, 1, 1, 1, 1, 1, 1, 1, 1, 1, 1, 1, 1, 1, 1, 1, 1, 1, 1, 1, 1, 1, 1, 1, 1, 1, 1, 1, 1, 1, 1, 1, 1, 1, 1, 1, 1, 1, 1, 1, 1, 1, 1, 1, 1, 1, 1, 1, 1, 1, 1, 1, 1, 1, 1, 1, 1], tid=[0, 0, 0, 0, 0, 0, 0, 0, 0, 0, 0, 0, 0, 0, 0, 0, 0, 0, 0, 0, 0, 0, 0, 0, 0, 0, 0, 0, 0, 0, 0, 0, 0, 0, 0, 0, 0, 0, 0, 0, 0, 0, 0, 0, 0, 0, 0, 0, 0, 0, 0, 0, 0, 0, 0, 0, 0, 0, 0, 0, 0, 0, 0, 0], tdest=[0, 0, 0, 0, 0, 0, 0, 0, 0, 0, 0, 0, 0, 0, 0, 0, 0, 0, 0, 0, 0, 0, 0, 0, 0, 0, 0, 0, 0, 0, 0, 0, 0, 0, 0, 0, 0, 0, 0, 0, 0, 0, 0, 0, 0, 0, 0, 0, 0, 0, 0, 0, 0, 0, 0, 0, 0, 0, 0, 0, 0, 0, 0, 0], tuser=[0, 0, 0, 0, 0, 0, 0, 0, 0, 0, 0, 0, 0, 0, 0, 0, 0, 0, 0, 0, 0, 0, 0, 0, 0, 0, 0, 0, 0, 0, 0, 0, 0, 0, 0, 0, 0, 0, 0, 0, 0, 0, 0, 0, 0, 0, 0, 0, 0, 0, 0, 0, 0, 0, 0, 0, 0, 0, 0, 0, 0, 0, 0, 0], sim_time_start=11200000, sim_time_end=11350000)
INFO cocotb:  11380.00ns INFO     cocotb.axi_dma.s_axis_write_data   TX frame: AxiStreamFrame(tdata=bytearray(b'\x00\x01\x02\x03\x04\x05\x06\x07\x08\t\n\x0b\x0c\r\x0e\x0f\x10\x11\x12\x13\x14\x15\x16\x17\x18\x19\x1a\x1b\x1c\x1d\x1e\x1f !"#$%&\'()*+,-./0123456789:;<=>?'), tkeep=None, tid=25, tdest=None, tuser=None, sim_time_start=11380000, sim_time_end=None)
INFO cocotb:  11410.00ns INFO     cocotb.axi_dma.m_axi               Write burst awid: 0x0 awaddr: 0x0000b000 awlen: 15 awsize: 2 awprot: 2
INFO cocotb:  11470.00ns INFO     cocotb.axi_dma.m_axi               Read burst arid: 0x0 araddr: 0x00005000 arlen: 15 arsize: 2 arprot: 2
INFO cocotb:  11520.00ns INFO     cocotb.axi_dma.m_axis_read_data    RX frame: AxiStreamFrame(tdata=bytearray(b'\x00\x01\x02\x03\x04\x05\x06\x07\x08\t\n\x0b\x0c\r\x0e\x0f\x10\x11\x12\x13\x14\x15\x16\x17\x18\x19\x1a\x1b\x1c\x1d\x1e\x1f !"#$%&\'()*+,-./0123456789:;<=>?'), tkeep=[1, 1, 1, 1, 1, 1, 1, 1, 1, 1, 1, 1, 1, 1, 1, 1, 1, 1, 1, 1, 1, 1, 1, 1, 1, 1, 1, 1, 1, 1, 1, 1, 1, 1, 1, 1, 1, 1, 1, 1, 1, 1, 1, 1, 1, 1, 1, 1, 1, 1, 1, 1, 1, 1, 1, 1, 1, 1, 1, 1, 1, 1, 1, 1], tid=[0, 0, 0, 0, 0, 0, 0, 0, 0, 0, 0, 0, 0, 0, 0, 0, 0, 0, 0, 0, 0, 0, 0, 0, 0, 0, 0, 0, 0, 0, 0, 0, 0, 0, 0, 0, 0, 0, 0, 0, 0, 0, 0, 0, 0, 0, 0, 0, 0, 0, 0, 0, 0, 0, 0, 0, 0, 0, 0, 0, 0, 0, 0, 0], tdest=[0, 0, 0, 0, 0, 0, 0, 0, 0, 0, 0, 0, 0, 0, 0, 0, 0, 0, 0, 0, 0, 0, 0, 0, 0, 0, 0, 0, 0, 0, 0, 0, 0, 0, 0, 0, 0, 0, 0, 0, 0, 0, 0, 0, 0, 0, 0, 0, 0, 0, 0, 0, 0, 0, 0, 0, 0, 0, 0, 0, 0, 0, 0, 0], tuser=[0, 0, 0, 0, 0, 0, 0, 0, 0, 0, 0, 0, 0, 0, 0, 0, 0, 0, 0, 0, 0, 0, 0, 0, 0, 0, 0, 0, 0, 0, 0, 0, 0, 0, 0, 0, 0, 0, 0, 0, 0, 0, 0, 0, 0, 0, 0, 0, 0, 0, 0, 0, 0, 0, 0, 0, 0, 0, 0, 0, 0, 0, 0, 0], sim_time_start=11370000, sim_time_end=11520000)
INFO cocotb:  11560.00ns INFO     cocotb.axi_dma.s_axis_write_data   TX frame: AxiStreamFrame(tdata=bytearray(b'\x00\x01\x02\x03\x04\x05\x06\x07\x08\t\n\x0b\x0c\r\x0e\x0f\x10\x11\x12\x13\x14\x15\x16\x17\x18\x19\x1a\x1b\x1c\x1d\x1e\x1f !"#$%&\'()*+,-./0123456789:;<=>?'), tkeep=None, tid=26, tdest=None, tuser=None, sim_time_start=11560000, sim_time_end=None)
INFO cocotb:  11590.00ns INFO     cocotb.axi_dma.m_axi               Write burst awid: 0x0 awaddr: 0x0000c000 awlen: 15 awsize: 2 awprot: 2
INFO cocotb:  11640.00ns INFO     cocotb.axi_dma.m_axi               Read burst arid: 0x0 araddr: 0x00006000 arlen: 15 arsize: 2 arprot: 2
INFO cocotb:  11690.00ns INFO     cocotb.axi_dma.m_axis_read_data    RX frame: AxiStreamFrame(tdata=bytearray(b'\x00\x01\x02\x03\x04\x05\x06\x07\x08\t\n\x0b\x0c\r\x0e\x0f\x10\x11\x12\x13\x14\x15\x16\x17\x18\x19\x1a\x1b\x1c\x1d\x1e\x1f !"#$%&\'()*+,-./0123456789:;<=>?'), tkeep=[1, 1, 1, 1, 1, 1, 1, 1, 1, 1, 1, 1, 1, 1, 1, 1, 1, 1, 1, 1, 1, 1, 1, 1, 1, 1, 1, 1, 1, 1, 1, 1, 1, 1, 1, 1, 1, 1, 1, 1, 1, 1, 1, 1, 1, 1, 1, 1, 1, 1, 1, 1, 1, 1, 1, 1, 1, 1, 1, 1, 1, 1, 1, 1], tid=[0, 0, 0, 0, 0, 0, 0, 0, 0, 0, 0, 0, 0, 0, 0, 0, 0, 0, 0, 0, 0, 0, 0, 0, 0, 0, 0, 0, 0, 0, 0, 0, 0, 0, 0, 0, 0, 0, 0, 0, 0, 0, 0, 0, 0, 0, 0, 0, 0, 0, 0, 0, 0, 0, 0, 0, 0, 0, 0, 0, 0, 0, 0, 0], tdest=[0, 0, 0, 0, 0, 0, 0, 0, 0, 0, 0, 0, 0, 0, 0, 0, 0, 0, 0, 0, 0, 0, 0, 0, 0, 0, 0, 0, 0, 0, 0, 0, 0, 0, 0, 0, 0, 0, 0, 0, 0, 0, 0, 0, 0, 0, 0, 0, 0, 0, 0, 0, 0, 0, 0, 0, 0, 0, 0, 0, 0, 0, 0, 0], tuser=[0, 0, 0, 0, 0, 0, 0, 0, 0, 0, 0, 0, 0, 0, 0, 0, 0, 0, 0, 0, 0, 0, 0, 0, 0, 0, 0, 0, 0, 0, 0, 0, 0, 0, 0, 0, 0, 0, 0, 0, 0, 0, 0, 0, 0, 0, 0, 0, 0, 0, 0, 0, 0, 0, 0, 0, 0, 0, 0, 0, 0, 0, 0, 0], sim_time_start=11540000, sim_time_end=11690000)
INFO cocotb:  11740.00ns INFO     cocotb.axi_dma.s_axis_write_data   TX frame: AxiStreamFrame(tdata=bytearray(b'\x00\x01\x02\x03\x04\x05\x06\x07\x08\t\n\x0b\x0c\r\x0e\x0f\x10\x11\x12\x13\x14\x15\x16\x17\x18\x19\x1a\x1b\x1c\x1d\x1e\x1f !"#$%&\'()*+,-./0123456789:;<=>?'), tkeep=None, tid=27, tdest=None, tuser=None, sim_time_start=11740000, sim_time_end=None)
INFO cocotb:  11770.00ns INFO     cocotb.axi_dma.m_axi               Write burst awid: 0x0 awaddr: 0x0000d000 awlen: 15 awsize: 2 awprot: 2
INFO cocotb:  11810.00ns INFO     cocotb.axi_dma.m_axi               Read burst arid: 0x0 araddr: 0x00007000 arlen: 15 arsize: 2 arprot: 2
INFO cocotb:  11860.00ns INFO     cocotb.axi_dma.m_axis_read_data    RX frame: AxiStreamFrame(tdata=bytearray(b'\x00\x01\x02\x03\x04\x05\x06\x07\x08\t\n\x0b\x0c\r\x0e\x0f\x10\x11\x12\x13\x14\x15\x16\x17\x18\x19\x1a\x1b\x1c\x1d\x1e\x1f !"#$%&\'()*+,-./0123456789:;<=>?'), tkeep=[1, 1, 1, 1, 1, 1, 1, 1, 1, 1, 1, 1, 1, 1, 1, 1, 1, 1, 1, 1, 1, 1, 1, 1, 1, 1, 1, 1, 1, 1, 1, 1, 1, 1, 1, 1, 1, 1, 1, 1, 1, 1, 1, 1, 1, 1, 1, 1, 1, 1, 1, 1, 1, 1, 1, 1, 1, 1, 1, 1, 1, 1, 1, 1], tid=[0, 0, 0, 0, 0, 0, 0, 0, 0, 0, 0, 0, 0, 0, 0, 0, 0, 0, 0, 0, 0, 0, 0, 0, 0, 0, 0, 0, 0, 0, 0, 0, 0, 0, 0, 0, 0, 0, 0, 0, 0, 0, 0, 0, 0, 0, 0, 0, 0, 0, 0, 0, 0, 0, 0, 0, 0, 0, 0, 0, 0, 0, 0, 0], tdest=[0, 0, 0, 0, 0, 0, 0, 0, 0, 0, 0, 0, 0, 0, 0, 0, 0, 0, 0, 0, 0, 0, 0, 0, 0, 0, 0, 0, 0, 0, 0, 0, 0, 0, 0, 0, 0, 0, 0, 0, 0, 0, 0, 0, 0, 0, 0, 0, 0, 0, 0, 0, 0, 0, 0, 0, 0, 0, 0, 0, 0, 0, 0, 0], tuser=[0, 0, 0, 0, 0, 0, 0, 0, 0, 0, 0, 0, 0, 0, 0, 0, 0, 0, 0, 0, 0, 0, 0, 0, 0, 0, 0, 0, 0, 0, 0, 0, 0, 0, 0, 0, 0, 0, 0, 0, 0, 0, 0, 0, 0, 0, 0, 0, 0, 0, 0, 0, 0, 0, 0, 0, 0, 0, 0, 0, 0, 0, 0, 0], sim_time_start=11710000, sim_time_end=11860000)
INFO cocotb:  11920.00ns INFO     cocotb.axi_dma.s_axis_write_data   TX frame: AxiStreamFrame(tdata=bytearray(b'\x00\x01\x02\x03\x04\x05\x06\x07\x08\t\n\x0b\x0c\r\x0e\x0f\x10\x11\x12\x13\x14\x15\x16\x17\x18\x19\x1a\x1b\x1c\x1d\x1e\x1f !"#$%&\'()*+,-./0123456789:;<=>?'), tkeep=None, tid=28, tdest=None, tuser=None, sim_time_start=11920000, sim_time_end=None)
INFO cocotb:  11950.00ns INFO     cocotb.axi_dma.m_axi               Write burst awid: 0x0 awaddr: 0x0000e000 awlen: 15 awsize: 2 awprot: 2
INFO cocotb:  12030.00ns INFO     cocotb.axi_dma.m_axis_read_data    RX frame: AxiStreamFrame(tdata=bytearray(b'\x00\x01\x02\x03\x04\x05\x06\x07\x08\t\n\x0b\x0c\r\x0e\x0f\x10\x11\x12\x13\x14\x15\x16\x17\x18\x19\x1a\x1b\x1c\x1d\x1e\x1f !"#$%&\'()*+,-./0123456789:;<=>?'), tkeep=[1, 1, 1, 1, 1, 1, 1, 1, 1, 1, 1, 1, 1, 1, 1, 1, 1, 1, 1, 1, 1, 1, 1, 1, 1, 1, 1, 1, 1, 1, 1, 1, 1, 1, 1, 1, 1, 1, 1, 1, 1, 1, 1, 1, 1, 1, 1, 1, 1, 1, 1, 1, 1, 1, 1, 1, 1, 1, 1, 1, 1, 1, 1, 1], tid=[0, 0, 0, 0, 0, 0, 0, 0, 0, 0, 0, 0, 0, 0, 0, 0, 0, 0, 0, 0, 0, 0, 0, 0, 0, 0, 0, 0, 0, 0, 0, 0, 0, 0, 0, 0, 0, 0, 0, 0, 0, 0, 0, 0, 0, 0, 0, 0, 0, 0, 0, 0, 0, 0, 0, 0, 0, 0, 0, 0, 0, 0, 0, 0], tdest=[0, 0, 0, 0, 0, 0, 0, 0, 0, 0, 0, 0, 0, 0, 0, 0, 0, 0, 0, 0, 0, 0, 0, 0, 0, 0, 0, 0, 0, 0, 0, 0, 0, 0, 0, 0, 0, 0, 0, 0, 0, 0, 0, 0, 0, 0, 0, 0, 0, 0, 0, 0, 0, 0, 0, 0, 0, 0, 0, 0, 0, 0, 0, 0], tuser=[0, 0, 0, 0, 0, 0, 0, 0, 0, 0, 0, 0, 0, 0, 0, 0, 0, 0, 0, 0, 0, 0, 0, 0, 0, 0, 0, 0, 0, 0, 0, 0, 0, 0, 0, 0, 0, 0, 0, 0, 0, 0, 0, 0, 0, 0, 0, 0, 0, 0, 0, 0, 0, 0, 0, 0, 0, 0, 0, 0, 0, 0, 0, 0], sim_time_start=11880000, sim_time_end=12030000)
INFO cocotb:  12100.00ns INFO     cocotb.axi_dma.s_axis_write_data   TX frame: AxiStreamFrame(tdata=bytearray(b'\x00\x01\x02\x03\x04\x05\x06\x07\x08\t\n\x0b\x0c\r\x0e\x0f\x10\x11\x12\x13\x14\x15\x16\x17\x18\x19\x1a\x1b\x1c\x1d\x1e\x1f !"#$%&\'()*+,-./0123456789:;<=>?'), tkeep=None, tid=29, tdest=None, tuser=None, sim_time_start=12100000, sim_time_end=None)
INFO cocotb:  12130.00ns INFO     cocotb.axi_dma.m_axi               Write burst awid: 0x0 awaddr: 0x0000f000 awlen: 15 awsize: 2 awprot: 2
INFO cocotb:  12370.00ns INFO     cocotb.axi_dma.m_axi               Read burst arid: 0x0 araddr: 0x00000000 arlen: 15 arsize: 2 arprot: 2
INFO cocotb:  12560.00ns INFO     cocotb.axi_dma.m_axis_read_data    RX frame: AxiStreamFrame(tdata=bytearray(b'\x00\x01\x02\x03\x04\x05\x06\x07\x08\t\n\x0b\x0c\r\x0e\x0f\x10\x11\x12\x13\x14\x15\x16\x17\x18\x19\x1a\x1b\x1c\x1d\x1e\x1f !"#$%&\'()*+,-./0123456789:;<=>?'), tkeep=[1, 1, 1, 1, 1, 1, 1, 1, 1, 1, 1, 1, 1, 1, 1, 1, 1, 1, 1, 1, 1, 1, 1, 1, 1, 1, 1, 1, 1, 1, 1, 1, 1, 1, 1, 1, 1, 1, 1, 1, 1, 1, 1, 1, 1, 1, 1, 1, 1, 1, 1, 1, 1, 1, 1, 1, 1, 1, 1, 1, 1, 1, 1, 1], tid=[0, 0, 0, 0, 0, 0, 0, 0, 0, 0, 0, 0, 0, 0, 0, 0, 0, 0, 0, 0, 0, 0, 0, 0, 0, 0, 0, 0, 0, 0, 0, 0, 0, 0, 0, 0, 0, 0, 0, 0, 0, 0, 0, 0, 0, 0, 0, 0, 0, 0, 0, 0, 0, 0, 0, 0, 0, 0, 0, 0, 0, 0, 0, 0], tdest=[0, 0, 0, 0, 0, 0, 0, 0, 0, 0, 0, 0, 0, 0, 0, 0, 0, 0, 0, 0, 0, 0, 0, 0, 0, 0, 0, 0, 0, 0, 0, 0, 0, 0, 0, 0, 0, 0, 0, 0, 0, 0, 0, 0, 0, 0, 0, 0, 0, 0, 0, 0, 0, 0, 0, 0, 0, 0, 0, 0, 0, 0, 0, 0], tuser=[0, 0, 0, 0, 0, 0, 0, 0, 0, 0, 0, 0, 0, 0, 0, 0, 0, 0, 0, 0, 0, 0, 0, 0, 0, 0, 0, 0, 0, 0, 0, 0, 0, 0, 0, 0, 0, 0, 0, 0, 0, 0, 0, 0, 0, 0, 0, 0, 0, 0, 0, 0, 0, 0, 0, 0, 0, 0, 0, 0, 0, 0, 0, 0], sim_time_start=12410000, sim_time_end=12560000)
INFO cocotb:  12570.00ns INFO     cocotb.axi_dma.s_axis_write_data   TX frame: AxiStreamFrame(tdata=bytearray(b'\x00\x01\x02\x03\x04\x05\x06\x07\x08\t\n\x0b\x0c\r\x0e\x0f\x10\x11\x12\x13\x14\x15\x16\x17\x18\x19\x1a\x1b\x1c\x1d\x1e\x1f !"#$%&\'()*+,-./0123456789:;<=>?'), tkeep=None, tid=30, tdest=None, tuser=None, sim_time_start=12570000, sim_time_end=None)
INFO cocotb:  12590.00ns INFO     cocotb.axi_dma.m_axi               Write burst awid: 0x0 awaddr: 0x00008000 awlen: 15 awsize: 2 awprot: 2
INFO cocotb:  12830.00ns INFO     cocotb.axi_dma.m_axi               Read burst arid: 0x0 araddr: 0x00000000 arlen: 15 arsize: 2 arprot: 2
INFO cocotb:  12970.00ns INFO     cocotb.axi_dma.m_axi               Read burst arid: 0x0 araddr: 0x00001000 arlen: 15 arsize: 2 arprot: 2
INFO cocotb:  13020.00ns INFO     cocotb.axi_dma.m_axis_read_data    RX frame: AxiStreamFrame(tdata=bytearray(b'\x00\x01\x02\x03\x04\x05\x06\x07\x08\t\n\x0b\x0c\r\x0e\x0f\x10\x11\x12\x13\x14\x15\x16\x17\x18\x19\x1a\x1b\x1c\x1d\x1e\x1f !"#$%&\'()*+,-./0123456789:;<=>?'), tkeep=[1, 1, 1, 1, 1, 1, 1, 1, 1, 1, 1, 1, 1, 1, 1, 1, 1, 1, 1, 1, 1, 1, 1, 1, 1, 1, 1, 1, 1, 1, 1, 1, 1, 1, 1, 1, 1, 1, 1, 1, 1, 1, 1, 1, 1, 1, 1, 1, 1, 1, 1, 1, 1, 1, 1, 1, 1, 1, 1, 1, 1, 1, 1, 1], tid=[0, 0, 0, 0, 0, 0, 0, 0, 0, 0, 0, 0, 0, 0, 0, 0, 0, 0, 0, 0, 0, 0, 0, 0, 0, 0, 0, 0, 0, 0, 0, 0, 0, 0, 0, 0, 0, 0, 0, 0, 0, 0, 0, 0, 0, 0, 0, 0, 0, 0, 0, 0, 0, 0, 0, 0, 0, 0, 0, 0, 0, 0, 0, 0], tdest=[0, 0, 0, 0, 0, 0, 0, 0, 0, 0, 0, 0, 0, 0, 0, 0, 0, 0, 0, 0, 0, 0, 0, 0, 0, 0, 0, 0, 0, 0, 0, 0, 0, 0, 0, 0, 0, 0, 0, 0, 0, 0, 0, 0, 0, 0, 0, 0, 0, 0, 0, 0, 0, 0, 0, 0, 0, 0, 0, 0, 0, 0, 0, 0], tuser=[0, 0, 0, 0, 0, 0, 0, 0, 0, 0, 0, 0, 0, 0, 0, 0, 0, 0, 0, 0, 0, 0, 0, 0, 0, 0, 0, 0, 0, 0, 0, 0, 0, 0, 0, 0, 0, 0, 0, 0, 0, 0, 0, 0, 0, 0, 0, 0, 0, 0, 0, 0, 0, 0, 0, 0, 0, 0, 0, 0, 0, 0, 0, 0], sim_time_start=12870000, sim_time_end=13020000)
INFO cocotb:  13030.00ns INFO     cocotb.axi_dma.s_axis_write_data   TX frame: AxiStreamFrame(tdata=bytearray(b'\x00\x01\x02\x03\x04\x05\x06\x07\x08\t\n\x0b\x0c\r\x0e\x0f\x10\x11\x12\x13\x14\x15\x16\x17\x18\x19\x1a\x1b\x1c\x1d\x1e\x1f !"#$%&\'()*+,-./0123456789:;<=>?'), tkeep=None, tid=31, tdest=None, tuser=None, sim_time_start=13030000, sim_time_end=None)
INFO cocotb:  13050.00ns INFO     cocotb.axi_dma.m_axi               Write burst awid: 0x0 awaddr: 0x00008000 awlen: 15 awsize: 2 awprot: 2
INFO cocotb:  13140.00ns INFO     cocotb.axi_dma.m_axi               Read burst arid: 0x0 araddr: 0x00002000 arlen: 15 arsize: 2 arprot: 2
INFO cocotb:  13190.00ns INFO     cocotb.axi_dma.m_axis_read_data    RX frame: AxiStreamFrame(tdata=bytearray(b'\x00\x01\x02\x03\x04\x05\x06\x07\x08\t\n\x0b\x0c\r\x0e\x0f\x10\x11\x12\x13\x14\x15\x16\x17\x18\x19\x1a\x1b\x1c\x1d\x1e\x1f !"#$%&\'()*+,-./0123456789:;<=>?'), tkeep=[1, 1, 1, 1, 1, 1, 1, 1, 1, 1, 1, 1, 1, 1, 1, 1, 1, 1, 1, 1, 1, 1, 1, 1, 1, 1, 1, 1, 1, 1, 1, 1, 1, 1, 1, 1, 1, 1, 1, 1, 1, 1, 1, 1, 1, 1, 1, 1, 1, 1, 1, 1, 1, 1, 1, 1, 1, 1, 1, 1, 1, 1, 1, 1], tid=[0, 0, 0, 0, 0, 0, 0, 0, 0, 0, 0, 0, 0, 0, 0, 0, 0, 0, 0, 0, 0, 0, 0, 0, 0, 0, 0, 0, 0, 0, 0, 0, 0, 0, 0, 0, 0, 0, 0, 0, 0, 0, 0, 0, 0, 0, 0, 0, 0, 0, 0, 0, 0, 0, 0, 0, 0, 0, 0, 0, 0, 0, 0, 0], tdest=[0, 0, 0, 0, 0, 0, 0, 0, 0, 0, 0, 0, 0, 0, 0, 0, 0, 0, 0, 0, 0, 0, 0, 0, 0, 0, 0, 0, 0, 0, 0, 0, 0, 0, 0, 0, 0, 0, 0, 0, 0, 0, 0, 0, 0, 0, 0, 0, 0, 0, 0, 0, 0, 0, 0, 0, 0, 0, 0, 0, 0, 0, 0, 0], tuser=[0, 0, 0, 0, 0, 0, 0, 0, 0, 0, 0, 0, 0, 0, 0, 0, 0, 0, 0, 0, 0, 0, 0, 0, 0, 0, 0, 0, 0, 0, 0, 0, 0, 0, 0, 0, 0, 0, 0, 0, 0, 0, 0, 0, 0, 0, 0, 0, 0, 0, 0, 0, 0, 0, 0, 0, 0, 0, 0, 0, 0, 0, 0, 0], sim_time_start=13040000, sim_time_end=13190000)
INFO cocotb:  13200.00ns INFO     cocotb.axi_dma.s_axis_write_data   TX frame: AxiStreamFrame(tdata=bytearray(b'\x00\x01\x02\x03\x04\x05\x06\x07\x08\t\n\x0b\x0c\r\x0e\x0f\x10\x11\x12\x13\x14\x15\x16\x17\x18\x19\x1a\x1b\x1c\x1d\x1e\x1f !"#$%&\'()*+,-./0123456789:;<=>?'), tkeep=None, tid=32, tdest=None, tuser=None, sim_time_start=13200000, sim_time_end=None)
INFO cocotb:  13230.00ns INFO     cocotb.axi_dma.m_axi               Write burst awid: 0x0 awaddr: 0x00009000 awlen: 15 awsize: 2 awprot: 2
INFO cocotb:  13310.00ns INFO     cocotb.axi_dma.m_axi               Read burst arid: 0x0 araddr: 0x00003000 arlen: 15 arsize: 2 arprot: 2
INFO cocotb:  13360.00ns INFO     cocotb.axi_dma.m_axis_read_data    RX frame: AxiStreamFrame(tdata=bytearray(b'\x00\x01\x02\x03\x04\x05\x06\x07\x08\t\n\x0b\x0c\r\x0e\x0f\x10\x11\x12\x13\x14\x15\x16\x17\x18\x19\x1a\x1b\x1c\x1d\x1e\x1f !"#$%&\'()*+,-./0123456789:;<=>?'), tkeep=[1, 1, 1, 1, 1, 1, 1, 1, 1, 1, 1, 1, 1, 1, 1, 1, 1, 1, 1, 1, 1, 1, 1, 1, 1, 1, 1, 1, 1, 1, 1, 1, 1, 1, 1, 1, 1, 1, 1, 1, 1, 1, 1, 1, 1, 1, 1, 1, 1, 1, 1, 1, 1, 1, 1, 1, 1, 1, 1, 1, 1, 1, 1, 1], tid=[0, 0, 0, 0, 0, 0, 0, 0, 0, 0, 0, 0, 0, 0, 0, 0, 0, 0, 0, 0, 0, 0, 0, 0, 0, 0, 0, 0, 0, 0, 0, 0, 0, 0, 0, 0, 0, 0, 0, 0, 0, 0, 0, 0, 0, 0, 0, 0, 0, 0, 0, 0, 0, 0, 0, 0, 0, 0, 0, 0, 0, 0, 0, 0], tdest=[0, 0, 0, 0, 0, 0, 0, 0, 0, 0, 0, 0, 0, 0, 0, 0, 0, 0, 0, 0, 0, 0, 0, 0, 0, 0, 0, 0, 0, 0, 0, 0, 0, 0, 0, 0, 0, 0, 0, 0, 0, 0, 0, 0, 0, 0, 0, 0, 0, 0, 0, 0, 0, 0, 0, 0, 0, 0, 0, 0, 0, 0, 0, 0], tuser=[0, 0, 0, 0, 0, 0, 0, 0, 0, 0, 0, 0, 0, 0, 0, 0, 0, 0, 0, 0, 0, 0, 0, 0, 0, 0, 0, 0, 0, 0, 0, 0, 0, 0, 0, 0, 0, 0, 0, 0, 0, 0, 0, 0, 0, 0, 0, 0, 0, 0, 0, 0, 0, 0, 0, 0, 0, 0, 0, 0, 0, 0, 0, 0], sim_time_start=13210000, sim_time_end=13360000)
INFO cocotb:  13380.00ns INFO     cocotb.axi_dma.s_axis_write_data   TX frame: AxiStreamFrame(tdata=bytearray(b'\x00\x01\x02\x03\x04\x05\x06\x07\x08\t\n\x0b\x0c\r\x0e\x0f\x10\x11\x12\x13\x14\x15\x16\x17\x18\x19\x1a\x1b\x1c\x1d\x1e\x1f !"#$%&\'()*+,-./0123456789:;<=>?'), tkeep=None, tid=33, tdest=None, tuser=None, sim_time_start=13380000, sim_time_end=None)
INFO cocotb:  13410.00ns INFO     cocotb.axi_dma.m_axi               Write burst awid: 0x0 awaddr: 0x0000a000 awlen: 15 awsize: 2 awprot: 2
INFO cocotb:  13530.00ns INFO     cocotb.axi_dma.m_axis_read_data    RX frame: AxiStreamFrame(tdata=bytearray(b'\x00\x01\x02\x03\x04\x05\x06\x07\x08\t\n\x0b\x0c\r\x0e\x0f\x10\x11\x12\x13\x14\x15\x16\x17\x18\x19\x1a\x1b\x1c\x1d\x1e\x1f !"#$%&\'()*+,-./0123456789:;<=>?'), tkeep=[1, 1, 1, 1, 1, 1, 1, 1, 1, 1, 1, 1, 1, 1, 1, 1, 1, 1, 1, 1, 1, 1, 1, 1, 1, 1, 1, 1, 1, 1, 1, 1, 1, 1, 1, 1, 1, 1, 1, 1, 1, 1, 1, 1, 1, 1, 1, 1, 1, 1, 1, 1, 1, 1, 1, 1, 1, 1, 1, 1, 1, 1, 1, 1], tid=[0, 0, 0, 0, 0, 0, 0, 0, 0, 0, 0, 0, 0, 0, 0, 0, 0, 0, 0, 0, 0, 0, 0, 0, 0, 0, 0, 0, 0, 0, 0, 0, 0, 0, 0, 0, 0, 0, 0, 0, 0, 0, 0, 0, 0, 0, 0, 0, 0, 0, 0, 0, 0, 0, 0, 0, 0, 0, 0, 0, 0, 0, 0, 0], tdest=[0, 0, 0, 0, 0, 0, 0, 0, 0, 0, 0, 0, 0, 0, 0, 0, 0, 0, 0, 0, 0, 0, 0, 0, 0, 0, 0, 0, 0, 0, 0, 0, 0, 0, 0, 0, 0, 0, 0, 0, 0, 0, 0, 0, 0, 0, 0, 0, 0, 0, 0, 0, 0, 0, 0, 0, 0, 0, 0, 0, 0, 0, 0, 0], tuser=[0, 0, 0, 0, 0, 0, 0, 0, 0, 0, 0, 0, 0, 0, 0, 0, 0, 0, 0, 0, 0, 0, 0, 0, 0, 0, 0, 0, 0, 0, 0, 0, 0, 0, 0, 0, 0, 0, 0, 0, 0, 0, 0, 0, 0, 0, 0, 0, 0, 0, 0, 0, 0, 0, 0, 0, 0, 0, 0, 0, 0, 0, 0, 0], sim_time_start=13380000, sim_time_end=13530000)
INFO cocotb:  13560.00ns INFO     cocotb.axi_dma.s_axis_write_data   TX frame: AxiStreamFrame(tdata=bytearray(b'\x00\x01\x02\x03\x04\x05\x06\x07\x08\t\n\x0b\x0c\r\x0e\x0f\x10\x11\x12\x13\x14\x15\x16\x17\x18\x19\x1a\x1b\x1c\x1d\x1e\x1f !"#$%&\'()*+,-./0123456789:;<=>?'), tkeep=None, tid=34, tdest=None, tuser=None, sim_time_start=13560000, sim_time_end=None)
INFO cocotb:  13590.00ns INFO     cocotb.axi_dma.m_axi               Write burst awid: 0x0 awaddr: 0x0000b000 awlen: 15 awsize: 2 awprot: 2
INFO cocotb:  13830.00ns INFO     cocotb.axi_dma.m_axi               Read burst arid: 0x0 araddr: 0x00000000 arlen: 15 arsize: 2 arprot: 2
INFO cocotb:  14020.00ns INFO     cocotb.axi_dma.m_axis_read_data    RX frame: AxiStreamFrame(tdata=bytearray(b'\x00\x01\x02\x03\x04\x05\x06\x07\x08\t\n\x0b\x0c\r\x0e\x0f\x10\x11\x12\x13\x14\x15\x16\x17\x18\x19\x1a\x1b\x1c\x1d\x1e\x1f !"#$%&\'()*+,-./0123456789:;<=>?'), tkeep=[1, 1, 1, 1, 1, 1, 1, 1, 1, 1, 1, 1, 1, 1, 1, 1, 1, 1, 1, 1, 1, 1, 1, 1, 1, 1, 1, 1, 1, 1, 1, 1, 1, 1, 1, 1, 1, 1, 1, 1, 1, 1, 1, 1, 1, 1, 1, 1, 1, 1, 1, 1, 1, 1, 1, 1, 1, 1, 1, 1, 1, 1, 1, 1], tid=[0, 0, 0, 0, 0, 0, 0, 0, 0, 0, 0, 0, 0, 0, 0, 0, 0, 0, 0, 0, 0, 0, 0, 0, 0, 0, 0, 0, 0, 0, 0, 0, 0, 0, 0, 0, 0, 0, 0, 0, 0, 0, 0, 0, 0, 0, 0, 0, 0, 0, 0, 0, 0, 0, 0, 0, 0, 0, 0, 0, 0, 0, 0, 0], tdest=[0, 0, 0, 0, 0, 0, 0, 0, 0, 0, 0, 0, 0, 0, 0, 0, 0, 0, 0, 0, 0, 0, 0, 0, 0, 0, 0, 0, 0, 0, 0, 0, 0, 0, 0, 0, 0, 0, 0, 0, 0, 0, 0, 0, 0, 0, 0, 0, 0, 0, 0, 0, 0, 0, 0, 0, 0, 0, 0, 0, 0, 0, 0, 0], tuser=[0, 0, 0, 0, 0, 0, 0, 0, 0, 0, 0, 0, 0, 0, 0, 0, 0, 0, 0, 0, 0, 0, 0, 0, 0, 0, 0, 0, 0, 0, 0, 0, 0, 0, 0, 0, 0, 0, 0, 0, 0, 0, 0, 0, 0, 0, 0, 0, 0, 0, 0, 0, 0, 0, 0, 0, 0, 0, 0, 0, 0, 0, 0, 0], sim_time_start=13870000, sim_time_end=14020000)
INFO cocotb:  14030.00ns INFO     cocotb.axi_dma.s_axis_write_data   TX frame: AxiStreamFrame(tdata=bytearray(b'\x00\x01\x02\x03\x04\x05\x06\x07\x08\t\n\x0b\x0c\r\x0e\x0f\x10\x11\x12\x13\x14\x15\x16\x17\x18\x19\x1a\x1b\x1c\x1d\x1e\x1f !"#$%&\'()*+,-./0123456789:;<=>?'), tkeep=None, tid=35, tdest=None, tuser=None, sim_time_start=14030000, sim_time_end=None)
INFO cocotb:  14050.00ns INFO     cocotb.axi_dma.m_axi               Write burst awid: 0x0 awaddr: 0x00008000 awlen: 15 awsize: 2 awprot: 2
INFO cocotb:  36190.00ns INFO     cocotb.axi_dma.m_axi               Read burst arid: 0x0 araddr: 0x00000000 arlen: 15 arsize: 2 arprot: 2
INFO cocotb:  36380.00ns INFO     cocotb.axi_dma.m_axis_read_data    RX frame: AxiStreamFrame(tdata=bytearray(b'\x00\x01\x02\x03\x04\x05\x06\x07\x08\t\n\x0b\x0c\r\x0e\x0f\x10\x11\x12\x13\x14\x15\x16\x17\x18\x19\x1a\x1b\x1c\x1d\x1e\x1f !"#$%&\'()*+,-./0123456789:;<=>?'), tkeep=[1, 1, 1, 1, 1, 1, 1, 1, 1, 1, 1, 1, 1, 1, 1, 1, 1, 1, 1, 1, 1, 1, 1, 1, 1, 1, 1, 1, 1, 1, 1, 1, 1, 1, 1, 1, 1, 1, 1, 1, 1, 1, 1, 1, 1, 1, 1, 1, 1, 1, 1, 1, 1, 1, 1, 1, 1, 1, 1, 1, 1, 1, 1, 1], tid=[0, 0, 0, 0, 0, 0, 0, 0, 0, 0, 0, 0, 0, 0, 0, 0, 0, 0, 0, 0, 0, 0, 0, 0, 0, 0, 0, 0, 0, 0, 0, 0, 0, 0, 0, 0, 0, 0, 0, 0, 0, 0, 0, 0, 0, 0, 0, 0, 0, 0, 0, 0, 0, 0, 0, 0, 0, 0, 0, 0, 0, 0, 0, 0], tdest=[0, 0, 0, 0, 0, 0, 0, 0, 0, 0, 0, 0, 0, 0, 0, 0, 0, 0, 0, 0, 0, 0, 0, 0, 0, 0, 0, 0, 0, 0, 0, 0, 0, 0, 0, 0, 0, 0, 0, 0, 0, 0, 0, 0, 0, 0, 0, 0, 0, 0, 0, 0, 0, 0, 0, 0, 0, 0, 0, 0, 0, 0, 0, 0], tuser=[0, 0, 0, 0, 0, 0, 0, 0, 0, 0, 0, 0, 0, 0, 0, 0, 0, 0, 0, 0, 0, 0, 0, 0, 0, 0, 0, 0, 0, 0, 0, 0, 0, 0, 0, 0, 0, 0, 0, 0, 0, 0, 0, 0, 0, 0, 0, 0, 0, 0, 0, 0, 0, 0, 0, 0, 0, 0, 0, 0, 0, 0, 0, 0], sim_time_start=36230000, sim_time_end=36380000)
INFO cocotb:  36390.00ns INFO     cocotb.axi_dma.s_axis_write_data   TX frame: AxiStreamFrame(tdata=bytearray(b'\x00\x01\x02\x03\x04\x05\x06\x07\x08\t\n\x0b\x0c\r\x0e\x0f\x10\x11\x12\x13\x14\x15\x16\x17\x18\x19\x1a\x1b\x1c\x1d\x1e\x1f !"#$%&\'()*+,-./0123456789:;<=>?'), tkeep=None, tid=36, tdest=None, tuser=None, sim_time_start=36390000, sim_time_end=None)
INFO cocotb:  36410.00ns INFO     cocotb.axi_dma.m_axi               Write burst awid: 0x0 awaddr: 0x00008000 awlen: 15 awsize: 2 awprot: 2
INFO cocotb:  44910.00ns INFO     cocotb.axi_dma.m_axi               Read burst arid: 0x0 araddr: 0x00000000 arlen: 15 arsize: 2 arprot: 2
INFO cocotb:  45050.00ns INFO     cocotb.axi_dma.m_axi               Read burst arid: 0x0 araddr: 0x00001000 arlen: 15 arsize: 2 arprot: 2
INFO cocotb:  45100.00ns INFO     cocotb.axi_dma.m_axis_read_data    RX frame: AxiStreamFrame(tdata=bytearray(b'\x00\x01\x02\x03\x04\x05\x06\x07\x08\t\n\x0b\x0c\r\x0e\x0f\x10\x11\x12\x13\x14\x15\x16\x17\x18\x19\x1a\x1b\x1c\x1d\x1e\x1f !"#$%&\'()*+,-./0123456789:;<=>?'), tkeep=[1, 1, 1, 1, 1, 1, 1, 1, 1, 1, 1, 1, 1, 1, 1, 1, 1, 1, 1, 1, 1, 1, 1, 1, 1, 1, 1, 1, 1, 1, 1, 1, 1, 1, 1, 1, 1, 1, 1, 1, 1, 1, 1, 1, 1, 1, 1, 1, 1, 1, 1, 1, 1, 1, 1, 1, 1, 1, 1, 1, 1, 1, 1, 1], tid=[0, 0, 0, 0, 0, 0, 0, 0, 0, 0, 0, 0, 0, 0, 0, 0, 0, 0, 0, 0, 0, 0, 0, 0, 0, 0, 0, 0, 0, 0, 0, 0, 0, 0, 0, 0, 0, 0, 0, 0, 0, 0, 0, 0, 0, 0, 0, 0, 0, 0, 0, 0, 0, 0, 0, 0, 0, 0, 0, 0, 0, 0, 0, 0], tdest=[0, 0, 0, 0, 0, 0, 0, 0, 0, 0, 0, 0, 0, 0, 0, 0, 0, 0, 0, 0, 0, 0, 0, 0, 0, 0, 0, 0, 0, 0, 0, 0, 0, 0, 0, 0, 0, 0, 0, 0, 0, 0, 0, 0, 0, 0, 0, 0, 0, 0, 0, 0, 0, 0, 0, 0, 0, 0, 0, 0, 0, 0, 0, 0], tuser=[0, 0, 0, 0, 0, 0, 0, 0, 0, 0, 0, 0, 0, 0, 0, 0, 0, 0, 0, 0, 0, 0, 0, 0, 0, 0, 0, 0, 0, 0, 0, 0, 0, 0, 0, 0, 0, 0, 0, 0, 0, 0, 0, 0, 0, 0, 0, 0, 0, 0, 0, 0, 0, 0, 0, 0, 0, 0, 0, 0, 0, 0, 0, 0], sim_time_start=44950000, sim_time_end=45100000)
INFO cocotb:  45110.00ns INFO     cocotb.axi_dma.s_axis_write_data   TX frame: AxiStreamFrame(tdata=bytearray(b'\x00\x01\x02\x03\x04\x05\x06\x07\x08\t\n\x0b\x0c\r\x0e\x0f\x10\x11\x12\x13\x14\x15\x16\x17\x18\x19\x1a\x1b\x1c\x1d\x1e\x1f !"#$%&\'()*+,-./0123456789:;<=>?'), tkeep=None, tid=37, tdest=None, tuser=None, sim_time_start=45110000, sim_time_end=None)
INFO cocotb:  45130.00ns INFO     cocotb.axi_dma.m_axi               Write burst awid: 0x0 awaddr: 0x00008000 awlen: 15 awsize: 2 awprot: 2
INFO cocotb:  45220.00ns INFO     cocotb.axi_dma.m_axi               Read burst arid: 0x0 araddr: 0x00002000 arlen: 15 arsize: 2 arprot: 2
INFO cocotb:  45270.00ns INFO     cocotb.axi_dma.m_axis_read_data    RX frame: AxiStreamFrame(tdata=bytearray(b'\x00\x01\x02\x03\x04\x05\x06\x07\x08\t\n\x0b\x0c\r\x0e\x0f\x10\x11\x12\x13\x14\x15\x16\x17\x18\x19\x1a\x1b\x1c\x1d\x1e\x1f !"#$%&\'()*+,-./0123456789:;<=>?'), tkeep=[1, 1, 1, 1, 1, 1, 1, 1, 1, 1, 1, 1, 1, 1, 1, 1, 1, 1, 1, 1, 1, 1, 1, 1, 1, 1, 1, 1, 1, 1, 1, 1, 1, 1, 1, 1, 1, 1, 1, 1, 1, 1, 1, 1, 1, 1, 1, 1, 1, 1, 1, 1, 1, 1, 1, 1, 1, 1, 1, 1, 1, 1, 1, 1], tid=[0, 0, 0, 0, 0, 0, 0, 0, 0, 0, 0, 0, 0, 0, 0, 0, 0, 0, 0, 0, 0, 0, 0, 0, 0, 0, 0, 0, 0, 0, 0, 0, 0, 0, 0, 0, 0, 0, 0, 0, 0, 0, 0, 0, 0, 0, 0, 0, 0, 0, 0, 0, 0, 0, 0, 0, 0, 0, 0, 0, 0, 0, 0, 0], tdest=[0, 0, 0, 0, 0, 0, 0, 0, 0, 0, 0, 0, 0, 0, 0, 0, 0, 0, 0, 0, 0, 0, 0, 0, 0, 0, 0, 0, 0, 0, 0, 0, 0, 0, 0, 0, 0, 0, 0, 0, 0, 0, 0, 0, 0, 0, 0, 0, 0, 0, 0, 0, 0, 0, 0, 0, 0, 0, 0, 0, 0, 0, 0, 0], tuser=[0, 0, 0, 0, 0, 0, 0, 0, 0, 0, 0, 0, 0, 0, 0, 0, 0, 0, 0, 0, 0, 0, 0, 0, 0, 0, 0, 0, 0, 0, 0, 0, 0, 0, 0, 0, 0, 0, 0, 0, 0, 0, 0, 0, 0, 0, 0, 0, 0, 0, 0, 0, 0, 0, 0, 0, 0, 0, 0, 0, 0, 0, 0, 0], sim_time_start=45120000, sim_time_end=45270000)
INFO cocotb:  45280.00ns INFO     cocotb.axi_dma.s_axis_write_data   TX frame: AxiStreamFrame(tdata=bytearray(b'\x00\x01\x02\x03\x04\x05\x06\x07\x08\t\n\x0b\x0c\r\x0e\x0f\x10\x11\x12\x13\x14\x15\x16\x17\x18\x19\x1a\x1b\x1c\x1d\x1e\x1f !"#$%&\'()*+,-./0123456789:;<=>?'), tkeep=None, tid=38, tdest=None, tuser=None, sim_time_start=45280000, sim_time_end=None)
INFO cocotb:  45310.00ns INFO     cocotb.axi_dma.m_axi               Write burst awid: 0x0 awaddr: 0x00009000 awlen: 15 awsize: 2 awprot: 2
INFO cocotb:  45390.00ns INFO     cocotb.axi_dma.m_axi               Read burst arid: 0x0 araddr: 0x00003000 arlen: 15 arsize: 2 arprot: 2
INFO cocotb:  45440.00ns INFO     cocotb.axi_dma.m_axis_read_data    RX frame: AxiStreamFrame(tdata=bytearray(b'\x00\x01\x02\x03\x04\x05\x06\x07\x08\t\n\x0b\x0c\r\x0e\x0f\x10\x11\x12\x13\x14\x15\x16\x17\x18\x19\x1a\x1b\x1c\x1d\x1e\x1f !"#$%&\'()*+,-./0123456789:;<=>?'), tkeep=[1, 1, 1, 1, 1, 1, 1, 1, 1, 1, 1, 1, 1, 1, 1, 1, 1, 1, 1, 1, 1, 1, 1, 1, 1, 1, 1, 1, 1, 1, 1, 1, 1, 1, 1, 1, 1, 1, 1, 1, 1, 1, 1, 1, 1, 1, 1, 1, 1, 1, 1, 1, 1, 1, 1, 1, 1, 1, 1, 1, 1, 1, 1, 1], tid=[0, 0, 0, 0, 0, 0, 0, 0, 0, 0, 0, 0, 0, 0, 0, 0, 0, 0, 0, 0, 0, 0, 0, 0, 0, 0, 0, 0, 0, 0, 0, 0, 0, 0, 0, 0, 0, 0, 0, 0, 0, 0, 0, 0, 0, 0, 0, 0, 0, 0, 0, 0, 0, 0, 0, 0, 0, 0, 0, 0, 0, 0, 0, 0], tdest=[0, 0, 0, 0, 0, 0, 0, 0, 0, 0, 0, 0, 0, 0, 0, 0, 0, 0, 0, 0, 0, 0, 0, 0, 0, 0, 0, 0, 0, 0, 0, 0, 0, 0, 0, 0, 0, 0, 0, 0, 0, 0, 0, 0, 0, 0, 0, 0, 0, 0, 0, 0, 0, 0, 0, 0, 0, 0, 0, 0, 0, 0, 0, 0], tuser=[0, 0, 0, 0, 0, 0, 0, 0, 0, 0, 0, 0, 0, 0, 0, 0, 0, 0, 0, 0, 0, 0, 0, 0, 0, 0, 0, 0, 0, 0, 0, 0, 0, 0, 0, 0, 0, 0, 0, 0, 0, 0, 0, 0, 0, 0, 0, 0, 0, 0, 0, 0, 0, 0, 0, 0, 0, 0, 0, 0, 0, 0, 0, 0], sim_time_start=45290000, sim_time_end=45440000)
INFO cocotb:  45460.00ns INFO     cocotb.axi_dma.s_axis_write_data   TX frame: AxiStreamFrame(tdata=bytearray(b'\x00\x01\x02\x03\x04\x05\x06\x07\x08\t\n\x0b\x0c\r\x0e\x0f\x10\x11\x12\x13\x14\x15\x16\x17\x18\x19\x1a\x1b\x1c\x1d\x1e\x1f !"#$%&\'()*+,-./0123456789:;<=>?'), tkeep=None, tid=39, tdest=None, tuser=None, sim_time_start=45460000, sim_time_end=None)
INFO cocotb:  45490.00ns INFO     cocotb.axi_dma.m_axi               Write burst awid: 0x0 awaddr: 0x0000a000 awlen: 15 awsize: 2 awprot: 2
INFO cocotb:  45560.00ns INFO     cocotb.axi_dma.m_axi               Read burst arid: 0x0 araddr: 0x00004000 arlen: 15 arsize: 2 arprot: 2
INFO cocotb:  45610.00ns INFO     cocotb.axi_dma.m_axis_read_data    RX frame: AxiStreamFrame(tdata=bytearray(b'\x00\x01\x02\x03\x04\x05\x06\x07\x08\t\n\x0b\x0c\r\x0e\x0f\x10\x11\x12\x13\x14\x15\x16\x17\x18\x19\x1a\x1b\x1c\x1d\x1e\x1f !"#$%&\'()*+,-./0123456789:;<=>?'), tkeep=[1, 1, 1, 1, 1, 1, 1, 1, 1, 1, 1, 1, 1, 1, 1, 1, 1, 1, 1, 1, 1, 1, 1, 1, 1, 1, 1, 1, 1, 1, 1, 1, 1, 1, 1, 1, 1, 1, 1, 1, 1, 1, 1, 1, 1, 1, 1, 1, 1, 1, 1, 1, 1, 1, 1, 1, 1, 1, 1, 1, 1, 1, 1, 1], tid=[0, 0, 0, 0, 0, 0, 0, 0, 0, 0, 0, 0, 0, 0, 0, 0, 0, 0, 0, 0, 0, 0, 0, 0, 0, 0, 0, 0, 0, 0, 0, 0, 0, 0, 0, 0, 0, 0, 0, 0, 0, 0, 0, 0, 0, 0, 0, 0, 0, 0, 0, 0, 0, 0, 0, 0, 0, 0, 0, 0, 0, 0, 0, 0], tdest=[0, 0, 0, 0, 0, 0, 0, 0, 0, 0, 0, 0, 0, 0, 0, 0, 0, 0, 0, 0, 0, 0, 0, 0, 0, 0, 0, 0, 0, 0, 0, 0, 0, 0, 0, 0, 0, 0, 0, 0, 0, 0, 0, 0, 0, 0, 0, 0, 0, 0, 0, 0, 0, 0, 0, 0, 0, 0, 0, 0, 0, 0, 0, 0], tuser=[0, 0, 0, 0, 0, 0, 0, 0, 0, 0, 0, 0, 0, 0, 0, 0, 0, 0, 0, 0, 0, 0, 0, 0, 0, 0, 0, 0, 0, 0, 0, 0, 0, 0, 0, 0, 0, 0, 0, 0, 0, 0, 0, 0, 0, 0, 0, 0, 0, 0, 0, 0, 0, 0, 0, 0, 0, 0, 0, 0, 0, 0, 0, 0], sim_time_start=45460000, sim_time_end=45610000)
INFO cocotb:  45640.00ns INFO     cocotb.axi_dma.s_axis_write_data   TX frame: AxiStreamFrame(tdata=bytearray(b'\x00\x01\x02\x03\x04\x05\x06\x07\x08\t\n\x0b\x0c\r\x0e\x0f\x10\x11\x12\x13\x14\x15\x16\x17\x18\x19\x1a\x1b\x1c\x1d\x1e\x1f !"#$%&\'()*+,-./0123456789:;<=>?'), tkeep=None, tid=40, tdest=None, tuser=None, sim_time_start=45640000, sim_time_end=None)
INFO cocotb:  45670.00ns INFO     cocotb.axi_dma.m_axi               Write burst awid: 0x0 awaddr: 0x0000b000 awlen: 15 awsize: 2 awprot: 2
INFO cocotb:  45730.00ns INFO     cocotb.axi_dma.m_axi               Read burst arid: 0x0 araddr: 0x00005000 arlen: 15 arsize: 2 arprot: 2
INFO cocotb:  45780.00ns INFO     cocotb.axi_dma.m_axis_read_data    RX frame: AxiStreamFrame(tdata=bytearray(b'\x00\x01\x02\x03\x04\x05\x06\x07\x08\t\n\x0b\x0c\r\x0e\x0f\x10\x11\x12\x13\x14\x15\x16\x17\x18\x19\x1a\x1b\x1c\x1d\x1e\x1f !"#$%&\'()*+,-./0123456789:;<=>?'), tkeep=[1, 1, 1, 1, 1, 1, 1, 1, 1, 1, 1, 1, 1, 1, 1, 1, 1, 1, 1, 1, 1, 1, 1, 1, 1, 1, 1, 1, 1, 1, 1, 1, 1, 1, 1, 1, 1, 1, 1, 1, 1, 1, 1, 1, 1, 1, 1, 1, 1, 1, 1, 1, 1, 1, 1, 1, 1, 1, 1, 1, 1, 1, 1, 1], tid=[0, 0, 0, 0, 0, 0, 0, 0, 0, 0, 0, 0, 0, 0, 0, 0, 0, 0, 0, 0, 0, 0, 0, 0, 0, 0, 0, 0, 0, 0, 0, 0, 0, 0, 0, 0, 0, 0, 0, 0, 0, 0, 0, 0, 0, 0, 0, 0, 0, 0, 0, 0, 0, 0, 0, 0, 0, 0, 0, 0, 0, 0, 0, 0], tdest=[0, 0, 0, 0, 0, 0, 0, 0, 0, 0, 0, 0, 0, 0, 0, 0, 0, 0, 0, 0, 0, 0, 0, 0, 0, 0, 0, 0, 0, 0, 0, 0, 0, 0, 0, 0, 0, 0, 0, 0, 0, 0, 0, 0, 0, 0, 0, 0, 0, 0, 0, 0, 0, 0, 0, 0, 0, 0, 0, 0, 0, 0, 0, 0], tuser=[0, 0, 0, 0, 0, 0, 0, 0, 0, 0, 0, 0, 0, 0, 0, 0, 0, 0, 0, 0, 0, 0, 0, 0, 0, 0, 0, 0, 0, 0, 0, 0, 0, 0, 0, 0, 0, 0, 0, 0, 0, 0, 0, 0, 0, 0, 0, 0, 0, 0, 0, 0, 0, 0, 0, 0, 0, 0, 0, 0, 0, 0, 0, 0], sim_time_start=45630000, sim_time_end=45780000)
INFO cocotb:  45820.00ns INFO     cocotb.axi_dma.s_axis_write_data   TX frame: AxiStreamFrame(tdata=bytearray(b'\x00\x01\x02\x03\x04\x05\x06\x07\x08\t\n\x0b\x0c\r\x0e\x0f\x10\x11\x12\x13\x14\x15\x16\x17\x18\x19\x1a\x1b\x1c\x1d\x1e\x1f !"#$%&\'()*+,-./0123456789:;<=>?'), tkeep=None, tid=41, tdest=None, tuser=None, sim_time_start=45820000, sim_time_end=None)
INFO cocotb:  45850.00ns INFO     cocotb.axi_dma.m_axi               Write burst awid: 0x0 awaddr: 0x0000c000 awlen: 15 awsize: 2 awprot: 2
INFO cocotb:  45900.00ns INFO     cocotb.axi_dma.m_axi               Read burst arid: 0x0 araddr: 0x00006000 arlen: 15 arsize: 2 arprot: 2
INFO cocotb:  45950.00ns INFO     cocotb.axi_dma.m_axis_read_data    RX frame: AxiStreamFrame(tdata=bytearray(b'\x00\x01\x02\x03\x04\x05\x06\x07\x08\t\n\x0b\x0c\r\x0e\x0f\x10\x11\x12\x13\x14\x15\x16\x17\x18\x19\x1a\x1b\x1c\x1d\x1e\x1f !"#$%&\'()*+,-./0123456789:;<=>?'), tkeep=[1, 1, 1, 1, 1, 1, 1, 1, 1, 1, 1, 1, 1, 1, 1, 1, 1, 1, 1, 1, 1, 1, 1, 1, 1, 1, 1, 1, 1, 1, 1, 1, 1, 1, 1, 1, 1, 1, 1, 1, 1, 1, 1, 1, 1, 1, 1, 1, 1, 1, 1, 1, 1, 1, 1, 1, 1, 1, 1, 1, 1, 1, 1, 1], tid=[0, 0, 0, 0, 0, 0, 0, 0, 0, 0, 0, 0, 0, 0, 0, 0, 0, 0, 0, 0, 0, 0, 0, 0, 0, 0, 0, 0, 0, 0, 0, 0, 0, 0, 0, 0, 0, 0, 0, 0, 0, 0, 0, 0, 0, 0, 0, 0, 0, 0, 0, 0, 0, 0, 0, 0, 0, 0, 0, 0, 0, 0, 0, 0], tdest=[0, 0, 0, 0, 0, 0, 0, 0, 0, 0, 0, 0, 0, 0, 0, 0, 0, 0, 0, 0, 0, 0, 0, 0, 0, 0, 0, 0, 0, 0, 0, 0, 0, 0, 0, 0, 0, 0, 0, 0, 0, 0, 0, 0, 0, 0, 0, 0, 0, 0, 0, 0, 0, 0, 0, 0, 0, 0, 0, 0, 0, 0, 0, 0], tuser=[0, 0, 0, 0, 0, 0, 0, 0, 0, 0, 0, 0, 0, 0, 0, 0, 0, 0, 0, 0, 0, 0, 0, 0, 0, 0, 0, 0, 0, 0, 0, 0, 0, 0, 0, 0, 0, 0, 0, 0, 0, 0, 0, 0, 0, 0, 0, 0, 0, 0, 0, 0, 0, 0, 0, 0, 0, 0, 0, 0, 0, 0, 0, 0], sim_time_start=45800000, sim_time_end=45950000)
INFO cocotb:  46000.00ns INFO     cocotb.axi_dma.s_axis_write_data   TX frame: AxiStreamFrame(tdata=bytearray(b'\x00\x01\x02\x03\x04\x05\x06\x07\x08\t\n\x0b\x0c\r\x0e\x0f\x10\x11\x12\x13\x14\x15\x16\x17\x18\x19\x1a\x1b\x1c\x1d\x1e\x1f !"#$%&\'()*+,-./0123456789:;<=>?'), tkeep=None, tid=42, tdest=None, tuser=None, sim_time_start=46000000, sim_time_end=None)
INFO cocotb:  46030.00ns INFO     cocotb.axi_dma.m_axi               Write burst awid: 0x0 awaddr: 0x0000d000 awlen: 15 awsize: 2 awprot: 2
INFO cocotb:  46070.00ns INFO     cocotb.axi_dma.m_axi               Read burst arid: 0x0 araddr: 0x00007000 arlen: 15 arsize: 2 arprot: 2
INFO cocotb:  46120.00ns INFO     cocotb.axi_dma.m_axis_read_data    RX frame: AxiStreamFrame(tdata=bytearray(b'\x00\x01\x02\x03\x04\x05\x06\x07\x08\t\n\x0b\x0c\r\x0e\x0f\x10\x11\x12\x13\x14\x15\x16\x17\x18\x19\x1a\x1b\x1c\x1d\x1e\x1f !"#$%&\'()*+,-./0123456789:;<=>?'), tkeep=[1, 1, 1, 1, 1, 1, 1, 1, 1, 1, 1, 1, 1, 1, 1, 1, 1, 1, 1, 1, 1, 1, 1, 1, 1, 1, 1, 1, 1, 1, 1, 1, 1, 1, 1, 1, 1, 1, 1, 1, 1, 1, 1, 1, 1, 1, 1, 1, 1, 1, 1, 1, 1, 1, 1, 1, 1, 1, 1, 1, 1, 1, 1, 1], tid=[0, 0, 0, 0, 0, 0, 0, 0, 0, 0, 0, 0, 0, 0, 0, 0, 0, 0, 0, 0, 0, 0, 0, 0, 0, 0, 0, 0, 0, 0, 0, 0, 0, 0, 0, 0, 0, 0, 0, 0, 0, 0, 0, 0, 0, 0, 0, 0, 0, 0, 0, 0, 0, 0, 0, 0, 0, 0, 0, 0, 0, 0, 0, 0], tdest=[0, 0, 0, 0, 0, 0, 0, 0, 0, 0, 0, 0, 0, 0, 0, 0, 0, 0, 0, 0, 0, 0, 0, 0, 0, 0, 0, 0, 0, 0, 0, 0, 0, 0, 0, 0, 0, 0, 0, 0, 0, 0, 0, 0, 0, 0, 0, 0, 0, 0, 0, 0, 0, 0, 0, 0, 0, 0, 0, 0, 0, 0, 0, 0], tuser=[0, 0, 0, 0, 0, 0, 0, 0, 0, 0, 0, 0, 0, 0, 0, 0, 0, 0, 0, 0, 0, 0, 0, 0, 0, 0, 0, 0, 0, 0, 0, 0, 0, 0, 0, 0, 0, 0, 0, 0, 0, 0, 0, 0, 0, 0, 0, 0, 0, 0, 0, 0, 0, 0, 0, 0, 0, 0, 0, 0, 0, 0, 0, 0], sim_time_start=45970000, sim_time_end=46120000)
INFO cocotb:  46180.00ns INFO     cocotb.axi_dma.s_axis_write_data   TX frame: AxiStreamFrame(tdata=bytearray(b'\x00\x01\x02\x03\x04\x05\x06\x07\x08\t\n\x0b\x0c\r\x0e\x0f\x10\x11\x12\x13\x14\x15\x16\x17\x18\x19\x1a\x1b\x1c\x1d\x1e\x1f !"#$%&\'()*+,-./0123456789:;<=>?'), tkeep=None, tid=43, tdest=None, tuser=None, sim_time_start=46180000, sim_time_end=None)
INFO cocotb:  46210.00ns INFO     cocotb.axi_dma.m_axi               Write burst awid: 0x0 awaddr: 0x0000e000 awlen: 15 awsize: 2 awprot: 2
INFO cocotb:  46290.00ns INFO     cocotb.axi_dma.m_axis_read_data    RX frame: AxiStreamFrame(tdata=bytearray(b'\x00\x01\x02\x03\x04\x05\x06\x07\x08\t\n\x0b\x0c\r\x0e\x0f\x10\x11\x12\x13\x14\x15\x16\x17\x18\x19\x1a\x1b\x1c\x1d\x1e\x1f !"#$%&\'()*+,-./0123456789:;<=>?'), tkeep=[1, 1, 1, 1, 1, 1, 1, 1, 1, 1, 1, 1, 1, 1, 1, 1, 1, 1, 1, 1, 1, 1, 1, 1, 1, 1, 1, 1, 1, 1, 1, 1, 1, 1, 1, 1, 1, 1, 1, 1, 1, 1, 1, 1, 1, 1, 1, 1, 1, 1, 1, 1, 1, 1, 1, 1, 1, 1, 1, 1, 1, 1, 1, 1], tid=[0, 0, 0, 0, 0, 0, 0, 0, 0, 0, 0, 0, 0, 0, 0, 0, 0, 0, 0, 0, 0, 0, 0, 0, 0, 0, 0, 0, 0, 0, 0, 0, 0, 0, 0, 0, 0, 0, 0, 0, 0, 0, 0, 0, 0, 0, 0, 0, 0, 0, 0, 0, 0, 0, 0, 0, 0, 0, 0, 0, 0, 0, 0, 0], tdest=[0, 0, 0, 0, 0, 0, 0, 0, 0, 0, 0, 0, 0, 0, 0, 0, 0, 0, 0, 0, 0, 0, 0, 0, 0, 0, 0, 0, 0, 0, 0, 0, 0, 0, 0, 0, 0, 0, 0, 0, 0, 0, 0, 0, 0, 0, 0, 0, 0, 0, 0, 0, 0, 0, 0, 0, 0, 0, 0, 0, 0, 0, 0, 0], tuser=[0, 0, 0, 0, 0, 0, 0, 0, 0, 0, 0, 0, 0, 0, 0, 0, 0, 0, 0, 0, 0, 0, 0, 0, 0, 0, 0, 0, 0, 0, 0, 0, 0, 0, 0, 0, 0, 0, 0, 0, 0, 0, 0, 0, 0, 0, 0, 0, 0, 0, 0, 0, 0, 0, 0, 0, 0, 0, 0, 0, 0, 0, 0, 0], sim_time_start=46140000, sim_time_end=46290000)
INFO cocotb:  46360.00ns INFO     cocotb.axi_dma.s_axis_write_data   TX frame: AxiStreamFrame(tdata=bytearray(b'\x00\x01\x02\x03\x04\x05\x06\x07\x08\t\n\x0b\x0c\r\x0e\x0f\x10\x11\x12\x13\x14\x15\x16\x17\x18\x19\x1a\x1b\x1c\x1d\x1e\x1f !"#$%&\'()*+,-./0123456789:;<=>?'), tkeep=None, tid=44, tdest=None, tuser=None, sim_time_start=46360000, sim_time_end=None)
INFO cocotb:  46390.00ns INFO     cocotb.axi_dma.m_axi               Write burst awid: 0x0 awaddr: 0x0000f000 awlen: 15 awsize: 2 awprot: 2
INFO cocotb:  46630.00ns INFO     cocotb.axi_dma.m_axi               Read burst arid: 0x0 araddr: 0x00000000 arlen: 15 arsize: 2 arprot: 2
INFO cocotb:  46770.00ns INFO     cocotb.axi_dma.m_axi               Read burst arid: 0x0 araddr: 0x00001000 arlen: 15 arsize: 2 arprot: 2
INFO cocotb:  46820.00ns INFO     cocotb.axi_dma.m_axis_read_data    RX frame: AxiStreamFrame(tdata=bytearray(b'\x00\x01\x02\x03\x04\x05\x06\x07\x08\t\n\x0b\x0c\r\x0e\x0f\x10\x11\x12\x13\x14\x15\x16\x17\x18\x19\x1a\x1b\x1c\x1d\x1e\x1f !"#$%&\'()*+,-./0123456789:;<=>?'), tkeep=[1, 1, 1, 1, 1, 1, 1, 1, 1, 1, 1, 1, 1, 1, 1, 1, 1, 1, 1, 1, 1, 1, 1, 1, 1, 1, 1, 1, 1, 1, 1, 1, 1, 1, 1, 1, 1, 1, 1, 1, 1, 1, 1, 1, 1, 1, 1, 1, 1, 1, 1, 1, 1, 1, 1, 1, 1, 1, 1, 1, 1, 1, 1, 1], tid=[0, 0, 0, 0, 0, 0, 0, 0, 0, 0, 0, 0, 0, 0, 0, 0, 0, 0, 0, 0, 0, 0, 0, 0, 0, 0, 0, 0, 0, 0, 0, 0, 0, 0, 0, 0, 0, 0, 0, 0, 0, 0, 0, 0, 0, 0, 0, 0, 0, 0, 0, 0, 0, 0, 0, 0, 0, 0, 0, 0, 0, 0, 0, 0], tdest=[0, 0, 0, 0, 0, 0, 0, 0, 0, 0, 0, 0, 0, 0, 0, 0, 0, 0, 0, 0, 0, 0, 0, 0, 0, 0, 0, 0, 0, 0, 0, 0, 0, 0, 0, 0, 0, 0, 0, 0, 0, 0, 0, 0, 0, 0, 0, 0, 0, 0, 0, 0, 0, 0, 0, 0, 0, 0, 0, 0, 0, 0, 0, 0], tuser=[0, 0, 0, 0, 0, 0, 0, 0, 0, 0, 0, 0, 0, 0, 0, 0, 0, 0, 0, 0, 0, 0, 0, 0, 0, 0, 0, 0, 0, 0, 0, 0, 0, 0, 0, 0, 0, 0, 0, 0, 0, 0, 0, 0, 0, 0, 0, 0, 0, 0, 0, 0, 0, 0, 0, 0, 0, 0, 0, 0, 0, 0, 0, 0], sim_time_start=46670000, sim_time_end=46820000)
INFO cocotb:  46830.00ns INFO     cocotb.axi_dma.s_axis_write_data   TX frame: AxiStreamFrame(tdata=bytearray(b'\x00\x01\x02\x03\x04\x05\x06\x07\x08\t\n\x0b\x0c\r\x0e\x0f\x10\x11\x12\x13\x14\x15\x16\x17\x18\x19\x1a\x1b\x1c\x1d\x1e\x1f !"#$%&\'()*+,-./0123456789:;<=>?'), tkeep=None, tid=45, tdest=None, tuser=None, sim_time_start=46830000, sim_time_end=None)
INFO cocotb:  46850.00ns INFO     cocotb.axi_dma.m_axi               Write burst awid: 0x0 awaddr: 0x00008000 awlen: 15 awsize: 2 awprot: 2
INFO cocotb:  46940.00ns INFO     cocotb.axi_dma.m_axi               Read burst arid: 0x0 araddr: 0x00002000 arlen: 15 arsize: 2 arprot: 2
INFO cocotb:  46990.00ns INFO     cocotb.axi_dma.m_axis_read_data    RX frame: AxiStreamFrame(tdata=bytearray(b'\x00\x01\x02\x03\x04\x05\x06\x07\x08\t\n\x0b\x0c\r\x0e\x0f\x10\x11\x12\x13\x14\x15\x16\x17\x18\x19\x1a\x1b\x1c\x1d\x1e\x1f !"#$%&\'()*+,-./0123456789:;<=>?'), tkeep=[1, 1, 1, 1, 1, 1, 1, 1, 1, 1, 1, 1, 1, 1, 1, 1, 1, 1, 1, 1, 1, 1, 1, 1, 1, 1, 1, 1, 1, 1, 1, 1, 1, 1, 1, 1, 1, 1, 1, 1, 1, 1, 1, 1, 1, 1, 1, 1, 1, 1, 1, 1, 1, 1, 1, 1, 1, 1, 1, 1, 1, 1, 1, 1], tid=[0, 0, 0, 0, 0, 0, 0, 0, 0, 0, 0, 0, 0, 0, 0, 0, 0, 0, 0, 0, 0, 0, 0, 0, 0, 0, 0, 0, 0, 0, 0, 0, 0, 0, 0, 0, 0, 0, 0, 0, 0, 0, 0, 0, 0, 0, 0, 0, 0, 0, 0, 0, 0, 0, 0, 0, 0, 0, 0, 0, 0, 0, 0, 0], tdest=[0, 0, 0, 0, 0, 0, 0, 0, 0, 0, 0, 0, 0, 0, 0, 0, 0, 0, 0, 0, 0, 0, 0, 0, 0, 0, 0, 0, 0, 0, 0, 0, 0, 0, 0, 0, 0, 0, 0, 0, 0, 0, 0, 0, 0, 0, 0, 0, 0, 0, 0, 0, 0, 0, 0, 0, 0, 0, 0, 0, 0, 0, 0, 0], tuser=[0, 0, 0, 0, 0, 0, 0, 0, 0, 0, 0, 0, 0, 0, 0, 0, 0, 0, 0, 0, 0, 0, 0, 0, 0, 0, 0, 0, 0, 0, 0, 0, 0, 0, 0, 0, 0, 0, 0, 0, 0, 0, 0, 0, 0, 0, 0, 0, 0, 0, 0, 0, 0, 0, 0, 0, 0, 0, 0, 0, 0, 0, 0, 0], sim_time_start=46840000, sim_time_end=46990000)
INFO cocotb:  47000.00ns INFO     cocotb.axi_dma.s_axis_write_data   TX frame: AxiStreamFrame(tdata=bytearray(b'\x00\x01\x02\x03\x04\x05\x06\x07\x08\t\n\x0b\x0c\r\x0e\x0f\x10\x11\x12\x13\x14\x15\x16\x17\x18\x19\x1a\x1b\x1c\x1d\x1e\x1f !"#$%&\'()*+,-./0123456789:;<=>?'), tkeep=None, tid=46, tdest=None, tuser=None, sim_time_start=47000000, sim_time_end=None)
INFO cocotb:  47030.00ns INFO     cocotb.axi_dma.m_axi               Write burst awid: 0x0 awaddr: 0x00009000 awlen: 15 awsize: 2 awprot: 2
INFO cocotb:  47110.00ns INFO     cocotb.axi_dma.m_axi               Read burst arid: 0x0 araddr: 0x00003000 arlen: 15 arsize: 2 arprot: 2
INFO cocotb:  47160.00ns INFO     cocotb.axi_dma.m_axis_read_data    RX frame: AxiStreamFrame(tdata=bytearray(b'\x00\x01\x02\x03\x04\x05\x06\x07\x08\t\n\x0b\x0c\r\x0e\x0f\x10\x11\x12\x13\x14\x15\x16\x17\x18\x19\x1a\x1b\x1c\x1d\x1e\x1f !"#$%&\'()*+,-./0123456789:;<=>?'), tkeep=[1, 1, 1, 1, 1, 1, 1, 1, 1, 1, 1, 1, 1, 1, 1, 1, 1, 1, 1, 1, 1, 1, 1, 1, 1, 1, 1, 1, 1, 1, 1, 1, 1, 1, 1, 1, 1, 1, 1, 1, 1, 1, 1, 1, 1, 1, 1, 1, 1, 1, 1, 1, 1, 1, 1, 1, 1, 1, 1, 1, 1, 1, 1, 1], tid=[0, 0, 0, 0, 0, 0, 0, 0, 0, 0, 0, 0, 0, 0, 0, 0, 0, 0, 0, 0, 0, 0, 0, 0, 0, 0, 0, 0, 0, 0, 0, 0, 0, 0, 0, 0, 0, 0, 0, 0, 0, 0, 0, 0, 0, 0, 0, 0, 0, 0, 0, 0, 0, 0, 0, 0, 0, 0, 0, 0, 0, 0, 0, 0], tdest=[0, 0, 0, 0, 0, 0, 0, 0, 0, 0, 0, 0, 0, 0, 0, 0, 0, 0, 0, 0, 0, 0, 0, 0, 0, 0, 0, 0, 0, 0, 0, 0, 0, 0, 0, 0, 0, 0, 0, 0, 0, 0, 0, 0, 0, 0, 0, 0, 0, 0, 0, 0, 0, 0, 0, 0, 0, 0, 0, 0, 0, 0, 0, 0], tuser=[0, 0, 0, 0, 0, 0, 0, 0, 0, 0, 0, 0, 0, 0, 0, 0, 0, 0, 0, 0, 0, 0, 0, 0, 0, 0, 0, 0, 0, 0, 0, 0, 0, 0, 0, 0, 0, 0, 0, 0, 0, 0, 0, 0, 0, 0, 0, 0, 0, 0, 0, 0, 0, 0, 0, 0, 0, 0, 0, 0, 0, 0, 0, 0], sim_time_start=47010000, sim_time_end=47160000)
INFO cocotb:  47180.00ns INFO     cocotb.axi_dma.s_axis_write_data   TX frame: AxiStreamFrame(tdata=bytearray(b'\x00\x01\x02\x03\x04\x05\x06\x07\x08\t\n\x0b\x0c\r\x0e\x0f\x10\x11\x12\x13\x14\x15\x16\x17\x18\x19\x1a\x1b\x1c\x1d\x1e\x1f !"#$%&\'()*+,-./0123456789:;<=>?'), tkeep=None, tid=47, tdest=None, tuser=None, sim_time_start=47180000, sim_time_end=None)
INFO cocotb:  47210.00ns INFO     cocotb.axi_dma.m_axi               Write burst awid: 0x0 awaddr: 0x0000a000 awlen: 15 awsize: 2 awprot: 2
INFO cocotb:  47280.00ns INFO     cocotb.axi_dma.m_axi               Read burst arid: 0x0 araddr: 0x00004000 arlen: 15 arsize: 2 arprot: 2
INFO cocotb:  47330.00ns INFO     cocotb.axi_dma.m_axis_read_data    RX frame: AxiStreamFrame(tdata=bytearray(b'\x00\x01\x02\x03\x04\x05\x06\x07\x08\t\n\x0b\x0c\r\x0e\x0f\x10\x11\x12\x13\x14\x15\x16\x17\x18\x19\x1a\x1b\x1c\x1d\x1e\x1f !"#$%&\'()*+,-./0123456789:;<=>?'), tkeep=[1, 1, 1, 1, 1, 1, 1, 1, 1, 1, 1, 1, 1, 1, 1, 1, 1, 1, 1, 1, 1, 1, 1, 1, 1, 1, 1, 1, 1, 1, 1, 1, 1, 1, 1, 1, 1, 1, 1, 1, 1, 1, 1, 1, 1, 1, 1, 1, 1, 1, 1, 1, 1, 1, 1, 1, 1, 1, 1, 1, 1, 1, 1, 1], tid=[0, 0, 0, 0, 0, 0, 0, 0, 0, 0, 0, 0, 0, 0, 0, 0, 0, 0, 0, 0, 0, 0, 0, 0, 0, 0, 0, 0, 0, 0, 0, 0, 0, 0, 0, 0, 0, 0, 0, 0, 0, 0, 0, 0, 0, 0, 0, 0, 0, 0, 0, 0, 0, 0, 0, 0, 0, 0, 0, 0, 0, 0, 0, 0], tdest=[0, 0, 0, 0, 0, 0, 0, 0, 0, 0, 0, 0, 0, 0, 0, 0, 0, 0, 0, 0, 0, 0, 0, 0, 0, 0, 0, 0, 0, 0, 0, 0, 0, 0, 0, 0, 0, 0, 0, 0, 0, 0, 0, 0, 0, 0, 0, 0, 0, 0, 0, 0, 0, 0, 0, 0, 0, 0, 0, 0, 0, 0, 0, 0], tuser=[0, 0, 0, 0, 0, 0, 0, 0, 0, 0, 0, 0, 0, 0, 0, 0, 0, 0, 0, 0, 0, 0, 0, 0, 0, 0, 0, 0, 0, 0, 0, 0, 0, 0, 0, 0, 0, 0, 0, 0, 0, 0, 0, 0, 0, 0, 0, 0, 0, 0, 0, 0, 0, 0, 0, 0, 0, 0, 0, 0, 0, 0, 0, 0], sim_time_start=47180000, sim_time_end=47330000)
INFO cocotb:  47360.00ns INFO     cocotb.axi_dma.s_axis_write_data   TX frame: AxiStreamFrame(tdata=bytearray(b'\x00\x01\x02\x03\x04\x05\x06\x07\x08\t\n\x0b\x0c\r\x0e\x0f\x10\x11\x12\x13\x14\x15\x16\x17\x18\x19\x1a\x1b\x1c\x1d\x1e\x1f !"#$%&\'()*+,-./0123456789:;<=>?'), tkeep=None, tid=48, tdest=None, tuser=None, sim_time_start=47360000, sim_time_end=None)
INFO cocotb:  47390.00ns INFO     cocotb.axi_dma.m_axi               Write burst awid: 0x0 awaddr: 0x0000b000 awlen: 15 awsize: 2 awprot: 2
INFO cocotb:  47500.00ns INFO     cocotb.axi_dma.m_axis_read_data    RX frame: AxiStreamFrame(tdata=bytearray(b'\x00\x01\x02\x03\x04\x05\x06\x07\x08\t\n\x0b\x0c\r\x0e\x0f\x10\x11\x12\x13\x14\x15\x16\x17\x18\x19\x1a\x1b\x1c\x1d\x1e\x1f !"#$%&\'()*+,-./0123456789:;<=>?'), tkeep=[1, 1, 1, 1, 1, 1, 1, 1, 1, 1, 1, 1, 1, 1, 1, 1, 1, 1, 1, 1, 1, 1, 1, 1, 1, 1, 1, 1, 1, 1, 1, 1, 1, 1, 1, 1, 1, 1, 1, 1, 1, 1, 1, 1, 1, 1, 1, 1, 1, 1, 1, 1, 1, 1, 1, 1, 1, 1, 1, 1, 1, 1, 1, 1], tid=[0, 0, 0, 0, 0, 0, 0, 0, 0, 0, 0, 0, 0, 0, 0, 0, 0, 0, 0, 0, 0, 0, 0, 0, 0, 0, 0, 0, 0, 0, 0, 0, 0, 0, 0, 0, 0, 0, 0, 0, 0, 0, 0, 0, 0, 0, 0, 0, 0, 0, 0, 0, 0, 0, 0, 0, 0, 0, 0, 0, 0, 0, 0, 0], tdest=[0, 0, 0, 0, 0, 0, 0, 0, 0, 0, 0, 0, 0, 0, 0, 0, 0, 0, 0, 0, 0, 0, 0, 0, 0, 0, 0, 0, 0, 0, 0, 0, 0, 0, 0, 0, 0, 0, 0, 0, 0, 0, 0, 0, 0, 0, 0, 0, 0, 0, 0, 0, 0, 0, 0, 0, 0, 0, 0, 0, 0, 0, 0, 0], tuser=[0, 0, 0, 0, 0, 0, 0, 0, 0, 0, 0, 0, 0, 0, 0, 0, 0, 0, 0, 0, 0, 0, 0, 0, 0, 0, 0, 0, 0, 0, 0, 0, 0, 0, 0, 0, 0, 0, 0, 0, 0, 0, 0, 0, 0, 0, 0, 0, 0, 0, 0, 0, 0, 0, 0, 0, 0, 0, 0, 0, 0, 0, 0, 0], sim_time_start=47350000, sim_time_end=47500000)
INFO cocotb:  47540.00ns INFO     cocotb.axi_dma.s_axis_write_data   TX frame: AxiStreamFrame(tdata=bytearray(b'\x00\x01\x02\x03\x04\x05\x06\x07\x08\t\n\x0b\x0c\r\x0e\x0f\x10\x11\x12\x13\x14\x15\x16\x17\x18\x19\x1a\x1b\x1c\x1d\x1e\x1f !"#$%&\'()*+,-./0123456789:;<=>?'), tkeep=None, tid=49, tdest=None, tuser=None, sim_time_start=47540000, sim_time_end=None)
INFO cocotb:  47570.00ns INFO     cocotb.axi_dma.m_axi               Write burst awid: 0x0 awaddr: 0x0000c000 awlen: 15 awsize: 2 awprot: 2
INFO cocotb:  47810.00ns INFO     cocotb.axi_dma.m_axi               Read burst arid: 0x0 araddr: 0x00000000 arlen: 15 arsize: 2 arprot: 2
INFO cocotb:  48000.00ns INFO     cocotb.axi_dma.m_axis_read_data    RX frame: AxiStreamFrame(tdata=bytearray(b'\x00\x01\x02\x03\x04\x05\x06\x07\x08\t\n\x0b\x0c\r\x0e\x0f\x10\x11\x12\x13\x14\x15\x16\x17\x18\x19\x1a\x1b\x1c\x1d\x1e\x1f !"#$%&\'()*+,-./0123456789:;<=>?'), tkeep=[1, 1, 1, 1, 1, 1, 1, 1, 1, 1, 1, 1, 1, 1, 1, 1, 1, 1, 1, 1, 1, 1, 1, 1, 1, 1, 1, 1, 1, 1, 1, 1, 1, 1, 1, 1, 1, 1, 1, 1, 1, 1, 1, 1, 1, 1, 1, 1, 1, 1, 1, 1, 1, 1, 1, 1, 1, 1, 1, 1, 1, 1, 1, 1], tid=[0, 0, 0, 0, 0, 0, 0, 0, 0, 0, 0, 0, 0, 0, 0, 0, 0, 0, 0, 0, 0, 0, 0, 0, 0, 0, 0, 0, 0, 0, 0, 0, 0, 0, 0, 0, 0, 0, 0, 0, 0, 0, 0, 0, 0, 0, 0, 0, 0, 0, 0, 0, 0, 0, 0, 0, 0, 0, 0, 0, 0, 0, 0, 0], tdest=[0, 0, 0, 0, 0, 0, 0, 0, 0, 0, 0, 0, 0, 0, 0, 0, 0, 0, 0, 0, 0, 0, 0, 0, 0, 0, 0, 0, 0, 0, 0, 0, 0, 0, 0, 0, 0, 0, 0, 0, 0, 0, 0, 0, 0, 0, 0, 0, 0, 0, 0, 0, 0, 0, 0, 0, 0, 0, 0, 0, 0, 0, 0, 0], tuser=[0, 0, 0, 0, 0, 0, 0, 0, 0, 0, 0, 0, 0, 0, 0, 0, 0, 0, 0, 0, 0, 0, 0, 0, 0, 0, 0, 0, 0, 0, 0, 0, 0, 0, 0, 0, 0, 0, 0, 0, 0, 0, 0, 0, 0, 0, 0, 0, 0, 0, 0, 0, 0, 0, 0, 0, 0, 0, 0, 0, 0, 0, 0, 0], sim_time_start=47850000, sim_time_end=48000000)
INFO cocotb:  48010.00ns INFO     cocotb.axi_dma.s_axis_write_data   TX frame: AxiStreamFrame(tdata=bytearray(b'\x00\x01\x02\x03\x04\x05\x06\x07\x08\t\n\x0b\x0c\r\x0e\x0f\x10\x11\x12\x13\x14\x15\x16\x17\x18\x19\x1a\x1b\x1c\x1d\x1e\x1f !"#$%&\'()*+,-./0123456789:;<=>?'), tkeep=None, tid=50, tdest=None, tuser=None, sim_time_start=48010000, sim_time_end=None)
INFO cocotb:  48030.00ns INFO     cocotb.axi_dma.m_axi               Write burst awid: 0x0 awaddr: 0x00008000 awlen: 15 awsize: 2 awprot: 2
INFO cocotb:  48270.00ns INFO     cocotb.axi_dma.m_axi               Read burst arid: 0x0 araddr: 0x00000000 arlen: 15 arsize: 2 arprot: 2
INFO cocotb:  48410.00ns INFO     cocotb.axi_dma.m_axi               Read burst arid: 0x0 araddr: 0x00001000 arlen: 15 arsize: 2 arprot: 2
INFO cocotb:  48460.00ns INFO     cocotb.axi_dma.m_axis_read_data    RX frame: AxiStreamFrame(tdata=bytearray(b'\x00\x01\x02\x03\x04\x05\x06\x07\x08\t\n\x0b\x0c\r\x0e\x0f\x10\x11\x12\x13\x14\x15\x16\x17\x18\x19\x1a\x1b\x1c\x1d\x1e\x1f !"#$%&\'()*+,-./0123456789:;<=>?'), tkeep=[1, 1, 1, 1, 1, 1, 1, 1, 1, 1, 1, 1, 1, 1, 1, 1, 1, 1, 1, 1, 1, 1, 1, 1, 1, 1, 1, 1, 1, 1, 1, 1, 1, 1, 1, 1, 1, 1, 1, 1, 1, 1, 1, 1, 1, 1, 1, 1, 1, 1, 1, 1, 1, 1, 1, 1, 1, 1, 1, 1, 1, 1, 1, 1], tid=[0, 0, 0, 0, 0, 0, 0, 0, 0, 0, 0, 0, 0, 0, 0, 0, 0, 0, 0, 0, 0, 0, 0, 0, 0, 0, 0, 0, 0, 0, 0, 0, 0, 0, 0, 0, 0, 0, 0, 0, 0, 0, 0, 0, 0, 0, 0, 0, 0, 0, 0, 0, 0, 0, 0, 0, 0, 0, 0, 0, 0, 0, 0, 0], tdest=[0, 0, 0, 0, 0, 0, 0, 0, 0, 0, 0, 0, 0, 0, 0, 0, 0, 0, 0, 0, 0, 0, 0, 0, 0, 0, 0, 0, 0, 0, 0, 0, 0, 0, 0, 0, 0, 0, 0, 0, 0, 0, 0, 0, 0, 0, 0, 0, 0, 0, 0, 0, 0, 0, 0, 0, 0, 0, 0, 0, 0, 0, 0, 0], tuser=[0, 0, 0, 0, 0, 0, 0, 0, 0, 0, 0, 0, 0, 0, 0, 0, 0, 0, 0, 0, 0, 0, 0, 0, 0, 0, 0, 0, 0, 0, 0, 0, 0, 0, 0, 0, 0, 0, 0, 0, 0, 0, 0, 0, 0, 0, 0, 0, 0, 0, 0, 0, 0, 0, 0, 0, 0, 0, 0, 0, 0, 0, 0, 0], sim_time_start=48310000, sim_time_end=48460000)
INFO cocotb:  48470.00ns INFO     cocotb.axi_dma.s_axis_write_data   TX frame: AxiStreamFrame(tdata=bytearray(b'\x00\x01\x02\x03\x04\x05\x06\x07\x08\t\n\x0b\x0c\r\x0e\x0f\x10\x11\x12\x13\x14\x15\x16\x17\x18\x19\x1a\x1b\x1c\x1d\x1e\x1f !"#$%&\'()*+,-./0123456789:;<=>?'), tkeep=None, tid=51, tdest=None, tuser=None, sim_time_start=48470000, sim_time_end=None)
INFO cocotb:  48490.00ns INFO     cocotb.axi_dma.m_axi               Write burst awid: 0x0 awaddr: 0x00008000 awlen: 15 awsize: 2 awprot: 2
INFO cocotb:  48580.00ns INFO     cocotb.axi_dma.m_axi               Read burst arid: 0x0 araddr: 0x00002000 arlen: 15 arsize: 2 arprot: 2
INFO cocotb:  48630.00ns INFO     cocotb.axi_dma.m_axis_read_data    RX frame: AxiStreamFrame(tdata=bytearray(b'\x00\x01\x02\x03\x04\x05\x06\x07\x08\t\n\x0b\x0c\r\x0e\x0f\x10\x11\x12\x13\x14\x15\x16\x17\x18\x19\x1a\x1b\x1c\x1d\x1e\x1f !"#$%&\'()*+,-./0123456789:;<=>?'), tkeep=[1, 1, 1, 1, 1, 1, 1, 1, 1, 1, 1, 1, 1, 1, 1, 1, 1, 1, 1, 1, 1, 1, 1, 1, 1, 1, 1, 1, 1, 1, 1, 1, 1, 1, 1, 1, 1, 1, 1, 1, 1, 1, 1, 1, 1, 1, 1, 1, 1, 1, 1, 1, 1, 1, 1, 1, 1, 1, 1, 1, 1, 1, 1, 1], tid=[0, 0, 0, 0, 0, 0, 0, 0, 0, 0, 0, 0, 0, 0, 0, 0, 0, 0, 0, 0, 0, 0, 0, 0, 0, 0, 0, 0, 0, 0, 0, 0, 0, 0, 0, 0, 0, 0, 0, 0, 0, 0, 0, 0, 0, 0, 0, 0, 0, 0, 0, 0, 0, 0, 0, 0, 0, 0, 0, 0, 0, 0, 0, 0], tdest=[0, 0, 0, 0, 0, 0, 0, 0, 0, 0, 0, 0, 0, 0, 0, 0, 0, 0, 0, 0, 0, 0, 0, 0, 0, 0, 0, 0, 0, 0, 0, 0, 0, 0, 0, 0, 0, 0, 0, 0, 0, 0, 0, 0, 0, 0, 0, 0, 0, 0, 0, 0, 0, 0, 0, 0, 0, 0, 0, 0, 0, 0, 0, 0], tuser=[0, 0, 0, 0, 0, 0, 0, 0, 0, 0, 0, 0, 0, 0, 0, 0, 0, 0, 0, 0, 0, 0, 0, 0, 0, 0, 0, 0, 0, 0, 0, 0, 0, 0, 0, 0, 0, 0, 0, 0, 0, 0, 0, 0, 0, 0, 0, 0, 0, 0, 0, 0, 0, 0, 0, 0, 0, 0, 0, 0, 0, 0, 0, 0], sim_time_start=48480000, sim_time_end=48630000)
INFO cocotb:  48640.00ns INFO     cocotb.axi_dma.s_axis_write_data   TX frame: AxiStreamFrame(tdata=bytearray(b'\x00\x01\x02\x03\x04\x05\x06\x07\x08\t\n\x0b\x0c\r\x0e\x0f\x10\x11\x12\x13\x14\x15\x16\x17\x18\x19\x1a\x1b\x1c\x1d\x1e\x1f !"#$%&\'()*+,-./0123456789:;<=>?'), tkeep=None, tid=52, tdest=None, tuser=None, sim_time_start=48640000, sim_time_end=None)
INFO cocotb:  48670.00ns INFO     cocotb.axi_dma.m_axi               Write burst awid: 0x0 awaddr: 0x00009000 awlen: 15 awsize: 2 awprot: 2
INFO cocotb:  48750.00ns INFO     cocotb.axi_dma.m_axi               Read burst arid: 0x0 araddr: 0x00003000 arlen: 15 arsize: 2 arprot: 2
INFO cocotb:  48800.00ns INFO     cocotb.axi_dma.m_axis_read_data    RX frame: AxiStreamFrame(tdata=bytearray(b'\x00\x01\x02\x03\x04\x05\x06\x07\x08\t\n\x0b\x0c\r\x0e\x0f\x10\x11\x12\x13\x14\x15\x16\x17\x18\x19\x1a\x1b\x1c\x1d\x1e\x1f !"#$%&\'()*+,-./0123456789:;<=>?'), tkeep=[1, 1, 1, 1, 1, 1, 1, 1, 1, 1, 1, 1, 1, 1, 1, 1, 1, 1, 1, 1, 1, 1, 1, 1, 1, 1, 1, 1, 1, 1, 1, 1, 1, 1, 1, 1, 1, 1, 1, 1, 1, 1, 1, 1, 1, 1, 1, 1, 1, 1, 1, 1, 1, 1, 1, 1, 1, 1, 1, 1, 1, 1, 1, 1], tid=[0, 0, 0, 0, 0, 0, 0, 0, 0, 0, 0, 0, 0, 0, 0, 0, 0, 0, 0, 0, 0, 0, 0, 0, 0, 0, 0, 0, 0, 0, 0, 0, 0, 0, 0, 0, 0, 0, 0, 0, 0, 0, 0, 0, 0, 0, 0, 0, 0, 0, 0, 0, 0, 0, 0, 0, 0, 0, 0, 0, 0, 0, 0, 0], tdest=[0, 0, 0, 0, 0, 0, 0, 0, 0, 0, 0, 0, 0, 0, 0, 0, 0, 0, 0, 0, 0, 0, 0, 0, 0, 0, 0, 0, 0, 0, 0, 0, 0, 0, 0, 0, 0, 0, 0, 0, 0, 0, 0, 0, 0, 0, 0, 0, 0, 0, 0, 0, 0, 0, 0, 0, 0, 0, 0, 0, 0, 0, 0, 0], tuser=[0, 0, 0, 0, 0, 0, 0, 0, 0, 0, 0, 0, 0, 0, 0, 0, 0, 0, 0, 0, 0, 0, 0, 0, 0, 0, 0, 0, 0, 0, 0, 0, 0, 0, 0, 0, 0, 0, 0, 0, 0, 0, 0, 0, 0, 0, 0, 0, 0, 0, 0, 0, 0, 0, 0, 0, 0, 0, 0, 0, 0, 0, 0, 0], sim_time_start=48650000, sim_time_end=48800000)
INFO cocotb:  48820.00ns INFO     cocotb.axi_dma.s_axis_write_data   TX frame: AxiStreamFrame(tdata=bytearray(b'\x00\x01\x02\x03\x04\x05\x06\x07\x08\t\n\x0b\x0c\r\x0e\x0f\x10\x11\x12\x13\x14\x15\x16\x17\x18\x19\x1a\x1b\x1c\x1d\x1e\x1f !"#$%&\'()*+,-./0123456789:;<=>?'), tkeep=None, tid=53, tdest=None, tuser=None, sim_time_start=48820000, sim_time_end=None)
INFO cocotb:  48850.00ns INFO     cocotb.axi_dma.m_axi               Write burst awid: 0x0 awaddr: 0x0000a000 awlen: 15 awsize: 2 awprot: 2
INFO cocotb:  48970.00ns INFO     cocotb.axi_dma.m_axis_read_data    RX frame: AxiStreamFrame(tdata=bytearray(b'\x00\x01\x02\x03\x04\x05\x06\x07\x08\t\n\x0b\x0c\r\x0e\x0f\x10\x11\x12\x13\x14\x15\x16\x17\x18\x19\x1a\x1b\x1c\x1d\x1e\x1f !"#$%&\'()*+,-./0123456789:;<=>?'), tkeep=[1, 1, 1, 1, 1, 1, 1, 1, 1, 1, 1, 1, 1, 1, 1, 1, 1, 1, 1, 1, 1, 1, 1, 1, 1, 1, 1, 1, 1, 1, 1, 1, 1, 1, 1, 1, 1, 1, 1, 1, 1, 1, 1, 1, 1, 1, 1, 1, 1, 1, 1, 1, 1, 1, 1, 1, 1, 1, 1, 1, 1, 1, 1, 1], tid=[0, 0, 0, 0, 0, 0, 0, 0, 0, 0, 0, 0, 0, 0, 0, 0, 0, 0, 0, 0, 0, 0, 0, 0, 0, 0, 0, 0, 0, 0, 0, 0, 0, 0, 0, 0, 0, 0, 0, 0, 0, 0, 0, 0, 0, 0, 0, 0, 0, 0, 0, 0, 0, 0, 0, 0, 0, 0, 0, 0, 0, 0, 0, 0], tdest=[0, 0, 0, 0, 0, 0, 0, 0, 0, 0, 0, 0, 0, 0, 0, 0, 0, 0, 0, 0, 0, 0, 0, 0, 0, 0, 0, 0, 0, 0, 0, 0, 0, 0, 0, 0, 0, 0, 0, 0, 0, 0, 0, 0, 0, 0, 0, 0, 0, 0, 0, 0, 0, 0, 0, 0, 0, 0, 0, 0, 0, 0, 0, 0], tuser=[0, 0, 0, 0, 0, 0, 0, 0, 0, 0, 0, 0, 0, 0, 0, 0, 0, 0, 0, 0, 0, 0, 0, 0, 0, 0, 0, 0, 0, 0, 0, 0, 0, 0, 0, 0, 0, 0, 0, 0, 0, 0, 0, 0, 0, 0, 0, 0, 0, 0, 0, 0, 0, 0, 0, 0, 0, 0, 0, 0, 0, 0, 0, 0], sim_time_start=48820000, sim_time_end=48970000)
INFO cocotb:  49000.00ns INFO     cocotb.axi_dma.s_axis_write_data   TX frame: AxiStreamFrame(tdata=bytearray(b'\x00\x01\x02\x03\x04\x05\x06\x07\x08\t\n\x0b\x0c\r\x0e\x0f\x10\x11\x12\x13\x14\x15\x16\x17\x18\x19\x1a\x1b\x1c\x1d\x1e\x1f !"#$%&\'()*+,-./0123456789:;<=>?'), tkeep=None, tid=54, tdest=None, tuser=None, sim_time_start=49000000, sim_time_end=None)
INFO cocotb:  49030.00ns INFO     cocotb.axi_dma.m_axi               Write burst awid: 0x0 awaddr: 0x0000b000 awlen: 15 awsize: 2 awprot: 2
INFO cocotb:  49270.00ns INFO     cocotb.axi_dma.m_axi               Read burst arid: 0x0 araddr: 0x00000000 arlen: 15 arsize: 2 arprot: 2
INFO cocotb:  49410.00ns INFO     cocotb.axi_dma.m_axi               Read burst arid: 0x0 araddr: 0x00001000 arlen: 15 arsize: 2 arprot: 2
INFO cocotb:  49460.00ns INFO     cocotb.axi_dma.m_axis_read_data    RX frame: AxiStreamFrame(tdata=bytearray(b'\x00\x01\x02\x03\x04\x05\x06\x07\x08\t\n\x0b\x0c\r\x0e\x0f\x10\x11\x12\x13\x14\x15\x16\x17\x18\x19\x1a\x1b\x1c\x1d\x1e\x1f !"#$%&\'()*+,-./0123456789:;<=>?'), tkeep=[1, 1, 1, 1, 1, 1, 1, 1, 1, 1, 1, 1, 1, 1, 1, 1, 1, 1, 1, 1, 1, 1, 1, 1, 1, 1, 1, 1, 1, 1, 1, 1, 1, 1, 1, 1, 1, 1, 1, 1, 1, 1, 1, 1, 1, 1, 1, 1, 1, 1, 1, 1, 1, 1, 1, 1, 1, 1, 1, 1, 1, 1, 1, 1], tid=[0, 0, 0, 0, 0, 0, 0, 0, 0, 0, 0, 0, 0, 0, 0, 0, 0, 0, 0, 0, 0, 0, 0, 0, 0, 0, 0, 0, 0, 0, 0, 0, 0, 0, 0, 0, 0, 0, 0, 0, 0, 0, 0, 0, 0, 0, 0, 0, 0, 0, 0, 0, 0, 0, 0, 0, 0, 0, 0, 0, 0, 0, 0, 0], tdest=[0, 0, 0, 0, 0, 0, 0, 0, 0, 0, 0, 0, 0, 0, 0, 0, 0, 0, 0, 0, 0, 0, 0, 0, 0, 0, 0, 0, 0, 0, 0, 0, 0, 0, 0, 0, 0, 0, 0, 0, 0, 0, 0, 0, 0, 0, 0, 0, 0, 0, 0, 0, 0, 0, 0, 0, 0, 0, 0, 0, 0, 0, 0, 0], tuser=[0, 0, 0, 0, 0, 0, 0, 0, 0, 0, 0, 0, 0, 0, 0, 0, 0, 0, 0, 0, 0, 0, 0, 0, 0, 0, 0, 0, 0, 0, 0, 0, 0, 0, 0, 0, 0, 0, 0, 0, 0, 0, 0, 0, 0, 0, 0, 0, 0, 0, 0, 0, 0, 0, 0, 0, 0, 0, 0, 0, 0, 0, 0, 0], sim_time_start=49310000, sim_time_end=49460000)
INFO cocotb:  49470.00ns INFO     cocotb.axi_dma.s_axis_write_data   TX frame: AxiStreamFrame(tdata=bytearray(b'\x00\x01\x02\x03\x04\x05\x06\x07\x08\t\n\x0b\x0c\r\x0e\x0f\x10\x11\x12\x13\x14\x15\x16\x17\x18\x19\x1a\x1b\x1c\x1d\x1e\x1f !"#$%&\'()*+,-./0123456789:;<=>?'), tkeep=None, tid=55, tdest=None, tuser=None, sim_time_start=49470000, sim_time_end=None)
INFO cocotb:  49490.00ns INFO     cocotb.axi_dma.m_axi               Write burst awid: 0x0 awaddr: 0x00008000 awlen: 15 awsize: 2 awprot: 2
INFO cocotb:  49630.00ns INFO     cocotb.axi_dma.m_axis_read_data    RX frame: AxiStreamFrame(tdata=bytearray(b'\x00\x01\x02\x03\x04\x05\x06\x07\x08\t\n\x0b\x0c\r\x0e\x0f\x10\x11\x12\x13\x14\x15\x16\x17\x18\x19\x1a\x1b\x1c\x1d\x1e\x1f !"#$%&\'()*+,-./0123456789:;<=>?'), tkeep=[1, 1, 1, 1, 1, 1, 1, 1, 1, 1, 1, 1, 1, 1, 1, 1, 1, 1, 1, 1, 1, 1, 1, 1, 1, 1, 1, 1, 1, 1, 1, 1, 1, 1, 1, 1, 1, 1, 1, 1, 1, 1, 1, 1, 1, 1, 1, 1, 1, 1, 1, 1, 1, 1, 1, 1, 1, 1, 1, 1, 1, 1, 1, 1], tid=[0, 0, 0, 0, 0, 0, 0, 0, 0, 0, 0, 0, 0, 0, 0, 0, 0, 0, 0, 0, 0, 0, 0, 0, 0, 0, 0, 0, 0, 0, 0, 0, 0, 0, 0, 0, 0, 0, 0, 0, 0, 0, 0, 0, 0, 0, 0, 0, 0, 0, 0, 0, 0, 0, 0, 0, 0, 0, 0, 0, 0, 0, 0, 0], tdest=[0, 0, 0, 0, 0, 0, 0, 0, 0, 0, 0, 0, 0, 0, 0, 0, 0, 0, 0, 0, 0, 0, 0, 0, 0, 0, 0, 0, 0, 0, 0, 0, 0, 0, 0, 0, 0, 0, 0, 0, 0, 0, 0, 0, 0, 0, 0, 0, 0, 0, 0, 0, 0, 0, 0, 0, 0, 0, 0, 0, 0, 0, 0, 0], tuser=[0, 0, 0, 0, 0, 0, 0, 0, 0, 0, 0, 0, 0, 0, 0, 0, 0, 0, 0, 0, 0, 0, 0, 0, 0, 0, 0, 0, 0, 0, 0, 0, 0, 0, 0, 0, 0, 0, 0, 0, 0, 0, 0, 0, 0, 0, 0, 0, 0, 0, 0, 0, 0, 0, 0, 0, 0, 0, 0, 0, 0, 0, 0, 0], sim_time_start=49480000, sim_time_end=49630000)
INFO cocotb:  49640.00ns INFO     cocotb.axi_dma.s_axis_write_data   TX frame: AxiStreamFrame(tdata=bytearray(b'\x00\x01\x02\x03\x04\x05\x06\x07\x08\t\n\x0b\x0c\r\x0e\x0f\x10\x11\x12\x13\x14\x15\x16\x17\x18\x19\x1a\x1b\x1c\x1d\x1e\x1f !"#$%&\'()*+,-./0123456789:;<=>?'), tkeep=None, tid=56, tdest=None, tuser=None, sim_time_start=49640000, sim_time_end=None)
INFO cocotb:  49670.00ns INFO     cocotb.axi_dma.m_axi               Write burst awid: 0x0 awaddr: 0x00009000 awlen: 15 awsize: 2 awprot: 2
INFO cocotb:  52570.00ns INFO     cocotb.axi_dma.m_axi               Read burst arid: 0x0 araddr: 0x00000000 arlen: 15 arsize: 2 arprot: 2
INFO cocotb:  52760.00ns INFO     cocotb.axi_dma.m_axis_read_data    RX frame: AxiStreamFrame(tdata=bytearray(b'\x00\x01\x02\x03\x04\x05\x06\x07\x08\t\n\x0b\x0c\r\x0e\x0f\x10\x11\x12\x13\x14\x15\x16\x17\x18\x19\x1a\x1b\x1c\x1d\x1e\x1f !"#$%&\'()*+,-./0123456789:;<=>?'), tkeep=[1, 1, 1, 1, 1, 1, 1, 1, 1, 1, 1, 1, 1, 1, 1, 1, 1, 1, 1, 1, 1, 1, 1, 1, 1, 1, 1, 1, 1, 1, 1, 1, 1, 1, 1, 1, 1, 1, 1, 1, 1, 1, 1, 1, 1, 1, 1, 1, 1, 1, 1, 1, 1, 1, 1, 1, 1, 1, 1, 1, 1, 1, 1, 1], tid=[0, 0, 0, 0, 0, 0, 0, 0, 0, 0, 0, 0, 0, 0, 0, 0, 0, 0, 0, 0, 0, 0, 0, 0, 0, 0, 0, 0, 0, 0, 0, 0, 0, 0, 0, 0, 0, 0, 0, 0, 0, 0, 0, 0, 0, 0, 0, 0, 0, 0, 0, 0, 0, 0, 0, 0, 0, 0, 0, 0, 0, 0, 0, 0], tdest=[0, 0, 0, 0, 0, 0, 0, 0, 0, 0, 0, 0, 0, 0, 0, 0, 0, 0, 0, 0, 0, 0, 0, 0, 0, 0, 0, 0, 0, 0, 0, 0, 0, 0, 0, 0, 0, 0, 0, 0, 0, 0, 0, 0, 0, 0, 0, 0, 0, 0, 0, 0, 0, 0, 0, 0, 0, 0, 0, 0, 0, 0, 0, 0], tuser=[0, 0, 0, 0, 0, 0, 0, 0, 0, 0, 0, 0, 0, 0, 0, 0, 0, 0, 0, 0, 0, 0, 0, 0, 0, 0, 0, 0, 0, 0, 0, 0, 0, 0, 0, 0, 0, 0, 0, 0, 0, 0, 0, 0, 0, 0, 0, 0, 0, 0, 0, 0, 0, 0, 0, 0, 0, 0, 0, 0, 0, 0, 0, 0], sim_time_start=52610000, sim_time_end=52760000)
INFO cocotb:  52770.00ns INFO     cocotb.axi_dma.s_axis_write_data   TX frame: AxiStreamFrame(tdata=bytearray(b'\x00\x01\x02\x03\x04\x05\x06\x07\x08\t\n\x0b\x0c\r\x0e\x0f\x10\x11\x12\x13\x14\x15\x16\x17\x18\x19\x1a\x1b\x1c\x1d\x1e\x1f !"#$%&\'()*+,-./0123456789:;<=>?'), tkeep=None, tid=57, tdest=None, tuser=None, sim_time_start=52770000, sim_time_end=None)
INFO cocotb:  52790.00ns INFO     cocotb.axi_dma.m_axi               Write burst awid: 0x0 awaddr: 0x00008000 awlen: 15 awsize: 2 awprot: 2
INFO cocotb:  56800.00ns INFO     cocotb.axi_dma.m_axi               Read burst arid: 0x0 araddr: 0x00000000 arlen: 15 arsize: 2 arprot: 2
INFO cocotb:  56940.00ns INFO     cocotb.axi_dma.m_axi               Read burst arid: 0x0 araddr: 0x00001000 arlen: 15 arsize: 2 arprot: 2
INFO cocotb:  56990.00ns INFO     cocotb.axi_dma.m_axis_read_data    RX frame: AxiStreamFrame(tdata=bytearray(b'\x00\x01\x02\x03\x04\x05\x06\x07\x08\t\n\x0b\x0c\r\x0e\x0f\x10\x11\x12\x13\x14\x15\x16\x17\x18\x19\x1a\x1b\x1c\x1d\x1e\x1f !"#$%&\'()*+,-./0123456789:;<=>?'), tkeep=[1, 1, 1, 1, 1, 1, 1, 1, 1, 1, 1, 1, 1, 1, 1, 1, 1, 1, 1, 1, 1, 1, 1, 1, 1, 1, 1, 1, 1, 1, 1, 1, 1, 1, 1, 1, 1, 1, 1, 1, 1, 1, 1, 1, 1, 1, 1, 1, 1, 1, 1, 1, 1, 1, 1, 1, 1, 1, 1, 1, 1, 1, 1, 1], tid=[0, 0, 0, 0, 0, 0, 0, 0, 0, 0, 0, 0, 0, 0, 0, 0, 0, 0, 0, 0, 0, 0, 0, 0, 0, 0, 0, 0, 0, 0, 0, 0, 0, 0, 0, 0, 0, 0, 0, 0, 0, 0, 0, 0, 0, 0, 0, 0, 0, 0, 0, 0, 0, 0, 0, 0, 0, 0, 0, 0, 0, 0, 0, 0], tdest=[0, 0, 0, 0, 0, 0, 0, 0, 0, 0, 0, 0, 0, 0, 0, 0, 0, 0, 0, 0, 0, 0, 0, 0, 0, 0, 0, 0, 0, 0, 0, 0, 0, 0, 0, 0, 0, 0, 0, 0, 0, 0, 0, 0, 0, 0, 0, 0, 0, 0, 0, 0, 0, 0, 0, 0, 0, 0, 0, 0, 0, 0, 0, 0], tuser=[0, 0, 0, 0, 0, 0, 0, 0, 0, 0, 0, 0, 0, 0, 0, 0, 0, 0, 0, 0, 0, 0, 0, 0, 0, 0, 0, 0, 0, 0, 0, 0, 0, 0, 0, 0, 0, 0, 0, 0, 0, 0, 0, 0, 0, 0, 0, 0, 0, 0, 0, 0, 0, 0, 0, 0, 0, 0, 0, 0, 0, 0, 0, 0], sim_time_start=56840000, sim_time_end=56990000)
INFO cocotb:  57000.00ns INFO     cocotb.axi_dma.s_axis_write_data   TX frame: AxiStreamFrame(tdata=bytearray(b'\x00\x01\x02\x03\x04\x05\x06\x07\x08\t\n\x0b\x0c\r\x0e\x0f\x10\x11\x12\x13\x14\x15\x16\x17\x18\x19\x1a\x1b\x1c\x1d\x1e\x1f !"#$%&\'()*+,-./0123456789:;<=>?'), tkeep=None, tid=58, tdest=None, tuser=None, sim_time_start=57000000, sim_time_end=None)
INFO cocotb:  57020.00ns INFO     cocotb.axi_dma.m_axi               Write burst awid: 0x0 awaddr: 0x00008000 awlen: 15 awsize: 2 awprot: 2
INFO cocotb:  57110.00ns INFO     cocotb.axi_dma.m_axi               Read burst arid: 0x0 araddr: 0x00002000 arlen: 15 arsize: 2 arprot: 2
INFO cocotb:  57160.00ns INFO     cocotb.axi_dma.m_axis_read_data    RX frame: AxiStreamFrame(tdata=bytearray(b'\x00\x01\x02\x03\x04\x05\x06\x07\x08\t\n\x0b\x0c\r\x0e\x0f\x10\x11\x12\x13\x14\x15\x16\x17\x18\x19\x1a\x1b\x1c\x1d\x1e\x1f !"#$%&\'()*+,-./0123456789:;<=>?'), tkeep=[1, 1, 1, 1, 1, 1, 1, 1, 1, 1, 1, 1, 1, 1, 1, 1, 1, 1, 1, 1, 1, 1, 1, 1, 1, 1, 1, 1, 1, 1, 1, 1, 1, 1, 1, 1, 1, 1, 1, 1, 1, 1, 1, 1, 1, 1, 1, 1, 1, 1, 1, 1, 1, 1, 1, 1, 1, 1, 1, 1, 1, 1, 1, 1], tid=[0, 0, 0, 0, 0, 0, 0, 0, 0, 0, 0, 0, 0, 0, 0, 0, 0, 0, 0, 0, 0, 0, 0, 0, 0, 0, 0, 0, 0, 0, 0, 0, 0, 0, 0, 0, 0, 0, 0, 0, 0, 0, 0, 0, 0, 0, 0, 0, 0, 0, 0, 0, 0, 0, 0, 0, 0, 0, 0, 0, 0, 0, 0, 0], tdest=[0, 0, 0, 0, 0, 0, 0, 0, 0, 0, 0, 0, 0, 0, 0, 0, 0, 0, 0, 0, 0, 0, 0, 0, 0, 0, 0, 0, 0, 0, 0, 0, 0, 0, 0, 0, 0, 0, 0, 0, 0, 0, 0, 0, 0, 0, 0, 0, 0, 0, 0, 0, 0, 0, 0, 0, 0, 0, 0, 0, 0, 0, 0, 0], tuser=[0, 0, 0, 0, 0, 0, 0, 0, 0, 0, 0, 0, 0, 0, 0, 0, 0, 0, 0, 0, 0, 0, 0, 0, 0, 0, 0, 0, 0, 0, 0, 0, 0, 0, 0, 0, 0, 0, 0, 0, 0, 0, 0, 0, 0, 0, 0, 0, 0, 0, 0, 0, 0, 0, 0, 0, 0, 0, 0, 0, 0, 0, 0, 0], sim_time_start=57010000, sim_time_end=57160000)
INFO cocotb:  57170.00ns INFO     cocotb.axi_dma.s_axis_write_data   TX frame: AxiStreamFrame(tdata=bytearray(b'\x00\x01\x02\x03\x04\x05\x06\x07\x08\t\n\x0b\x0c\r\x0e\x0f\x10\x11\x12\x13\x14\x15\x16\x17\x18\x19\x1a\x1b\x1c\x1d\x1e\x1f !"#$%&\'()*+,-./0123456789:;<=>?'), tkeep=None, tid=59, tdest=None, tuser=None, sim_time_start=57170000, sim_time_end=None)
INFO cocotb:  57200.00ns INFO     cocotb.axi_dma.m_axi               Write burst awid: 0x0 awaddr: 0x00009000 awlen: 15 awsize: 2 awprot: 2
INFO cocotb:  57280.00ns INFO     cocotb.axi_dma.m_axi               Read burst arid: 0x0 araddr: 0x00003000 arlen: 15 arsize: 2 arprot: 2
INFO cocotb:  57330.00ns INFO     cocotb.axi_dma.m_axis_read_data    RX frame: AxiStreamFrame(tdata=bytearray(b'\x00\x01\x02\x03\x04\x05\x06\x07\x08\t\n\x0b\x0c\r\x0e\x0f\x10\x11\x12\x13\x14\x15\x16\x17\x18\x19\x1a\x1b\x1c\x1d\x1e\x1f !"#$%&\'()*+,-./0123456789:;<=>?'), tkeep=[1, 1, 1, 1, 1, 1, 1, 1, 1, 1, 1, 1, 1, 1, 1, 1, 1, 1, 1, 1, 1, 1, 1, 1, 1, 1, 1, 1, 1, 1, 1, 1, 1, 1, 1, 1, 1, 1, 1, 1, 1, 1, 1, 1, 1, 1, 1, 1, 1, 1, 1, 1, 1, 1, 1, 1, 1, 1, 1, 1, 1, 1, 1, 1], tid=[0, 0, 0, 0, 0, 0, 0, 0, 0, 0, 0, 0, 0, 0, 0, 0, 0, 0, 0, 0, 0, 0, 0, 0, 0, 0, 0, 0, 0, 0, 0, 0, 0, 0, 0, 0, 0, 0, 0, 0, 0, 0, 0, 0, 0, 0, 0, 0, 0, 0, 0, 0, 0, 0, 0, 0, 0, 0, 0, 0, 0, 0, 0, 0], tdest=[0, 0, 0, 0, 0, 0, 0, 0, 0, 0, 0, 0, 0, 0, 0, 0, 0, 0, 0, 0, 0, 0, 0, 0, 0, 0, 0, 0, 0, 0, 0, 0, 0, 0, 0, 0, 0, 0, 0, 0, 0, 0, 0, 0, 0, 0, 0, 0, 0, 0, 0, 0, 0, 0, 0, 0, 0, 0, 0, 0, 0, 0, 0, 0], tuser=[0, 0, 0, 0, 0, 0, 0, 0, 0, 0, 0, 0, 0, 0, 0, 0, 0, 0, 0, 0, 0, 0, 0, 0, 0, 0, 0, 0, 0, 0, 0, 0, 0, 0, 0, 0, 0, 0, 0, 0, 0, 0, 0, 0, 0, 0, 0, 0, 0, 0, 0, 0, 0, 0, 0, 0, 0, 0, 0, 0, 0, 0, 0, 0], sim_time_start=57180000, sim_time_end=57330000)
INFO cocotb:  57350.00ns INFO     cocotb.axi_dma.s_axis_write_data   TX frame: AxiStreamFrame(tdata=bytearray(b'\x00\x01\x02\x03\x04\x05\x06\x07\x08\t\n\x0b\x0c\r\x0e\x0f\x10\x11\x12\x13\x14\x15\x16\x17\x18\x19\x1a\x1b\x1c\x1d\x1e\x1f !"#$%&\'()*+,-./0123456789:;<=>?'), tkeep=None, tid=60, tdest=None, tuser=None, sim_time_start=57350000, sim_time_end=None)
INFO cocotb:  57380.00ns INFO     cocotb.axi_dma.m_axi               Write burst awid: 0x0 awaddr: 0x0000a000 awlen: 15 awsize: 2 awprot: 2
INFO cocotb:  57450.00ns INFO     cocotb.axi_dma.m_axi               Read burst arid: 0x0 araddr: 0x00004000 arlen: 15 arsize: 2 arprot: 2
INFO cocotb:  57500.00ns INFO     cocotb.axi_dma.m_axis_read_data    RX frame: AxiStreamFrame(tdata=bytearray(b'\x00\x01\x02\x03\x04\x05\x06\x07\x08\t\n\x0b\x0c\r\x0e\x0f\x10\x11\x12\x13\x14\x15\x16\x17\x18\x19\x1a\x1b\x1c\x1d\x1e\x1f !"#$%&\'()*+,-./0123456789:;<=>?'), tkeep=[1, 1, 1, 1, 1, 1, 1, 1, 1, 1, 1, 1, 1, 1, 1, 1, 1, 1, 1, 1, 1, 1, 1, 1, 1, 1, 1, 1, 1, 1, 1, 1, 1, 1, 1, 1, 1, 1, 1, 1, 1, 1, 1, 1, 1, 1, 1, 1, 1, 1, 1, 1, 1, 1, 1, 1, 1, 1, 1, 1, 1, 1, 1, 1], tid=[0, 0, 0, 0, 0, 0, 0, 0, 0, 0, 0, 0, 0, 0, 0, 0, 0, 0, 0, 0, 0, 0, 0, 0, 0, 0, 0, 0, 0, 0, 0, 0, 0, 0, 0, 0, 0, 0, 0, 0, 0, 0, 0, 0, 0, 0, 0, 0, 0, 0, 0, 0, 0, 0, 0, 0, 0, 0, 0, 0, 0, 0, 0, 0], tdest=[0, 0, 0, 0, 0, 0, 0, 0, 0, 0, 0, 0, 0, 0, 0, 0, 0, 0, 0, 0, 0, 0, 0, 0, 0, 0, 0, 0, 0, 0, 0, 0, 0, 0, 0, 0, 0, 0, 0, 0, 0, 0, 0, 0, 0, 0, 0, 0, 0, 0, 0, 0, 0, 0, 0, 0, 0, 0, 0, 0, 0, 0, 0, 0], tuser=[0, 0, 0, 0, 0, 0, 0, 0, 0, 0, 0, 0, 0, 0, 0, 0, 0, 0, 0, 0, 0, 0, 0, 0, 0, 0, 0, 0, 0, 0, 0, 0, 0, 0, 0, 0, 0, 0, 0, 0, 0, 0, 0, 0, 0, 0, 0, 0, 0, 0, 0, 0, 0, 0, 0, 0, 0, 0, 0, 0, 0, 0, 0, 0], sim_time_start=57350000, sim_time_end=57500000)
INFO cocotb:  57530.00ns INFO     cocotb.axi_dma.s_axis_write_data   TX frame: AxiStreamFrame(tdata=bytearray(b'\x00\x01\x02\x03\x04\x05\x06\x07\x08\t\n\x0b\x0c\r\x0e\x0f\x10\x11\x12\x13\x14\x15\x16\x17\x18\x19\x1a\x1b\x1c\x1d\x1e\x1f !"#$%&\'()*+,-./0123456789:;<=>?'), tkeep=None, tid=61, tdest=None, tuser=None, sim_time_start=57530000, sim_time_end=None)
INFO cocotb:  57560.00ns INFO     cocotb.axi_dma.m_axi               Write burst awid: 0x0 awaddr: 0x0000b000 awlen: 15 awsize: 2 awprot: 2
INFO cocotb:  57620.00ns INFO     cocotb.axi_dma.m_axi               Read burst arid: 0x0 araddr: 0x00005000 arlen: 15 arsize: 2 arprot: 2
INFO cocotb:  57670.00ns INFO     cocotb.axi_dma.m_axis_read_data    RX frame: AxiStreamFrame(tdata=bytearray(b'\x00\x01\x02\x03\x04\x05\x06\x07\x08\t\n\x0b\x0c\r\x0e\x0f\x10\x11\x12\x13\x14\x15\x16\x17\x18\x19\x1a\x1b\x1c\x1d\x1e\x1f !"#$%&\'()*+,-./0123456789:;<=>?'), tkeep=[1, 1, 1, 1, 1, 1, 1, 1, 1, 1, 1, 1, 1, 1, 1, 1, 1, 1, 1, 1, 1, 1, 1, 1, 1, 1, 1, 1, 1, 1, 1, 1, 1, 1, 1, 1, 1, 1, 1, 1, 1, 1, 1, 1, 1, 1, 1, 1, 1, 1, 1, 1, 1, 1, 1, 1, 1, 1, 1, 1, 1, 1, 1, 1], tid=[0, 0, 0, 0, 0, 0, 0, 0, 0, 0, 0, 0, 0, 0, 0, 0, 0, 0, 0, 0, 0, 0, 0, 0, 0, 0, 0, 0, 0, 0, 0, 0, 0, 0, 0, 0, 0, 0, 0, 0, 0, 0, 0, 0, 0, 0, 0, 0, 0, 0, 0, 0, 0, 0, 0, 0, 0, 0, 0, 0, 0, 0, 0, 0], tdest=[0, 0, 0, 0, 0, 0, 0, 0, 0, 0, 0, 0, 0, 0, 0, 0, 0, 0, 0, 0, 0, 0, 0, 0, 0, 0, 0, 0, 0, 0, 0, 0, 0, 0, 0, 0, 0, 0, 0, 0, 0, 0, 0, 0, 0, 0, 0, 0, 0, 0, 0, 0, 0, 0, 0, 0, 0, 0, 0, 0, 0, 0, 0, 0], tuser=[0, 0, 0, 0, 0, 0, 0, 0, 0, 0, 0, 0, 0, 0, 0, 0, 0, 0, 0, 0, 0, 0, 0, 0, 0, 0, 0, 0, 0, 0, 0, 0, 0, 0, 0, 0, 0, 0, 0, 0, 0, 0, 0, 0, 0, 0, 0, 0, 0, 0, 0, 0, 0, 0, 0, 0, 0, 0, 0, 0, 0, 0, 0, 0], sim_time_start=57520000, sim_time_end=57670000)
INFO cocotb:  57710.00ns INFO     cocotb.axi_dma.s_axis_write_data   TX frame: AxiStreamFrame(tdata=bytearray(b'\x00\x01\x02\x03\x04\x05\x06\x07\x08\t\n\x0b\x0c\r\x0e\x0f\x10\x11\x12\x13\x14\x15\x16\x17\x18\x19\x1a\x1b\x1c\x1d\x1e\x1f !"#$%&\'()*+,-./0123456789:;<=>?'), tkeep=None, tid=62, tdest=None, tuser=None, sim_time_start=57710000, sim_time_end=None)
INFO cocotb:  57740.00ns INFO     cocotb.axi_dma.m_axi               Write burst awid: 0x0 awaddr: 0x0000c000 awlen: 15 awsize: 2 awprot: 2
INFO cocotb:  57790.00ns INFO     cocotb.axi_dma.m_axi               Read burst arid: 0x0 araddr: 0x00006000 arlen: 15 arsize: 2 arprot: 2
INFO cocotb:  57840.00ns INFO     cocotb.axi_dma.m_axis_read_data    RX frame: AxiStreamFrame(tdata=bytearray(b'\x00\x01\x02\x03\x04\x05\x06\x07\x08\t\n\x0b\x0c\r\x0e\x0f\x10\x11\x12\x13\x14\x15\x16\x17\x18\x19\x1a\x1b\x1c\x1d\x1e\x1f !"#$%&\'()*+,-./0123456789:;<=>?'), tkeep=[1, 1, 1, 1, 1, 1, 1, 1, 1, 1, 1, 1, 1, 1, 1, 1, 1, 1, 1, 1, 1, 1, 1, 1, 1, 1, 1, 1, 1, 1, 1, 1, 1, 1, 1, 1, 1, 1, 1, 1, 1, 1, 1, 1, 1, 1, 1, 1, 1, 1, 1, 1, 1, 1, 1, 1, 1, 1, 1, 1, 1, 1, 1, 1], tid=[0, 0, 0, 0, 0, 0, 0, 0, 0, 0, 0, 0, 0, 0, 0, 0, 0, 0, 0, 0, 0, 0, 0, 0, 0, 0, 0, 0, 0, 0, 0, 0, 0, 0, 0, 0, 0, 0, 0, 0, 0, 0, 0, 0, 0, 0, 0, 0, 0, 0, 0, 0, 0, 0, 0, 0, 0, 0, 0, 0, 0, 0, 0, 0], tdest=[0, 0, 0, 0, 0, 0, 0, 0, 0, 0, 0, 0, 0, 0, 0, 0, 0, 0, 0, 0, 0, 0, 0, 0, 0, 0, 0, 0, 0, 0, 0, 0, 0, 0, 0, 0, 0, 0, 0, 0, 0, 0, 0, 0, 0, 0, 0, 0, 0, 0, 0, 0, 0, 0, 0, 0, 0, 0, 0, 0, 0, 0, 0, 0], tuser=[0, 0, 0, 0, 0, 0, 0, 0, 0, 0, 0, 0, 0, 0, 0, 0, 0, 0, 0, 0, 0, 0, 0, 0, 0, 0, 0, 0, 0, 0, 0, 0, 0, 0, 0, 0, 0, 0, 0, 0, 0, 0, 0, 0, 0, 0, 0, 0, 0, 0, 0, 0, 0, 0, 0, 0, 0, 0, 0, 0, 0, 0, 0, 0], sim_time_start=57690000, sim_time_end=57840000)
INFO cocotb:  57890.00ns INFO     cocotb.axi_dma.s_axis_write_data   TX frame: AxiStreamFrame(tdata=bytearray(b'\x00\x01\x02\x03\x04\x05\x06\x07\x08\t\n\x0b\x0c\r\x0e\x0f\x10\x11\x12\x13\x14\x15\x16\x17\x18\x19\x1a\x1b\x1c\x1d\x1e\x1f !"#$%&\'()*+,-./0123456789:;<=>?'), tkeep=None, tid=63, tdest=None, tuser=None, sim_time_start=57890000, sim_time_end=None)
INFO cocotb:  57920.00ns INFO     cocotb.axi_dma.m_axi               Write burst awid: 0x0 awaddr: 0x0000d000 awlen: 15 awsize: 2 awprot: 2
INFO cocotb:  58010.00ns INFO     cocotb.axi_dma.m_axis_read_data    RX frame: AxiStreamFrame(tdata=bytearray(b'\x00\x01\x02\x03\x04\x05\x06\x07\x08\t\n\x0b\x0c\r\x0e\x0f\x10\x11\x12\x13\x14\x15\x16\x17\x18\x19\x1a\x1b\x1c\x1d\x1e\x1f !"#$%&\'()*+,-./0123456789:;<=>?'), tkeep=[1, 1, 1, 1, 1, 1, 1, 1, 1, 1, 1, 1, 1, 1, 1, 1, 1, 1, 1, 1, 1, 1, 1, 1, 1, 1, 1, 1, 1, 1, 1, 1, 1, 1, 1, 1, 1, 1, 1, 1, 1, 1, 1, 1, 1, 1, 1, 1, 1, 1, 1, 1, 1, 1, 1, 1, 1, 1, 1, 1, 1, 1, 1, 1], tid=[0, 0, 0, 0, 0, 0, 0, 0, 0, 0, 0, 0, 0, 0, 0, 0, 0, 0, 0, 0, 0, 0, 0, 0, 0, 0, 0, 0, 0, 0, 0, 0, 0, 0, 0, 0, 0, 0, 0, 0, 0, 0, 0, 0, 0, 0, 0, 0, 0, 0, 0, 0, 0, 0, 0, 0, 0, 0, 0, 0, 0, 0, 0, 0], tdest=[0, 0, 0, 0, 0, 0, 0, 0, 0, 0, 0, 0, 0, 0, 0, 0, 0, 0, 0, 0, 0, 0, 0, 0, 0, 0, 0, 0, 0, 0, 0, 0, 0, 0, 0, 0, 0, 0, 0, 0, 0, 0, 0, 0, 0, 0, 0, 0, 0, 0, 0, 0, 0, 0, 0, 0, 0, 0, 0, 0, 0, 0, 0, 0], tuser=[0, 0, 0, 0, 0, 0, 0, 0, 0, 0, 0, 0, 0, 0, 0, 0, 0, 0, 0, 0, 0, 0, 0, 0, 0, 0, 0, 0, 0, 0, 0, 0, 0, 0, 0, 0, 0, 0, 0, 0, 0, 0, 0, 0, 0, 0, 0, 0, 0, 0, 0, 0, 0, 0, 0, 0, 0, 0, 0, 0, 0, 0, 0, 0], sim_time_start=57860000, sim_time_end=58010000)
INFO cocotb:  58070.00ns INFO     cocotb.axi_dma.s_axis_write_data   TX frame: AxiStreamFrame(tdata=bytearray(b'\x00\x01\x02\x03\x04\x05\x06\x07\x08\t\n\x0b\x0c\r\x0e\x0f\x10\x11\x12\x13\x14\x15\x16\x17\x18\x19\x1a\x1b\x1c\x1d\x1e\x1f !"#$%&\'()*+,-./0123456789:;<=>?'), tkeep=None, tid=64, tdest=None, tuser=None, sim_time_start=58070000, sim_time_end=None)
INFO cocotb:  58100.00ns INFO     cocotb.axi_dma.m_axi               Write burst awid: 0x0 awaddr: 0x0000e000 awlen: 15 awsize: 2 awprot: 2
ERROR cocotb: /home/aman/agcws/third_party/harnesses/axi_dma_pipelined_tb.py:110: FutureWarning: Calling this method will cause a CancelledError to be thrown in the Task sometime in the future.
ERROR cocotb:   watcher.cancel()
INFO cocotb: 120005.00ns INFO     cocotb.axi_dma                     AGCWS_AXI_DMA_PIPELINED_OK transfers=64 max_inflight=4
INFO cocotb: 120005.00ns INFO     cocotb.regression                  run_workload passed
INFO cocotb: 120005.00ns INFO     cocotb.regression                  *******************************************************************************************
INFO cocotb:                                                         ** TEST                               STATUS  SIM TIME (ns)  REAL TIME (s)  RATIO (ns/s) **
INFO cocotb:                                                         *******************************************************************************************
INFO cocotb:                                                         ** axi_dma_pipelined_tb.run_workload   PASS      120005.00          15.12       7938.68  **
INFO cocotb:                                                         *******************************************************************************************
INFO cocotb:                                                         ** TESTS=1 PASS=1 FAIL=0 SKIP=0                  120005.00          15.49       7746.87  **
INFO cocotb:                                                         *******************************************************************************************
INFO cocotb: 
INFO cocotb: FST info: dumpfile axi_dma.fst opened for output.
INFO cocotb: Results file: /home/aman/agcws/out/window-power-v1/references/dma/random_301/gls/sim_build/dmmaaz4y_results.xml
