INFO cocotb: Running command: iverilog -o /home/aman/agcws/out/window-power-v1/references/dma/random_300/gls/sim_build/axi_dma.vvp -D COCOTB_SIM=1 -g2012 -s axi_dma -DFUNCTIONAL -DUNIT_DELAY= -s iverilog_dump /home/aman/agcws/out/axi-dma-synthesis-gls3/mapped.v /opt/eda/ChipSTA/examples/sky130_hd.v /opt/eda/ChipSTA/examples/sky130_hd_primitives.v /home/aman/agcws/out/window-power-v1/references/dma/random_300/gls/sim_build/iverilog_dump.v
INFO cocotb: Running command: vvp -M /home/aman/agcws/.venv/lib/python3.12/site-packages/cocotb/libs -m libcocotbvpi_icarus /home/aman/agcws/out/window-power-v1/references/dma/random_300/gls/sim_build/axi_dma.vvp -fst
INFO cocotb:      -.--ns INFO     gpi                                ..mbed/gpi_embed.cpp:79   in set_program_name_in_venv        Did not detect Python virtual environment. Using system-wide Python interpreter
INFO cocotb:      -.--ns INFO     gpi                                ../gpi/GpiCommon.cpp:101  in gpi_print_registered_impl       VPI registered
INFO cocotb:      0.00ns INFO     cocotb                             Running on Icarus Verilog version 12.0 (stable)
INFO cocotb:      0.00ns INFO     cocotb                             Running tests with cocotb v1.9.2 from /home/aman/agcws/.venv/lib/python3.12/site-packages/cocotb
INFO cocotb:      0.00ns INFO     cocotb                             Seeding Python random module with 1788725384
INFO cocotb:      0.00ns INFO     cocotb.regression                  Found test axi_dma_pipelined_tb.run_workload
INFO cocotb:      0.00ns INFO     cocotb.regression                  running run_workload (1/1)
INFO cocotb:      0.00ns INFO     cocotb.axi_dma.s_axis_read_desc    Reset de-asserted
INFO cocotb:      0.00ns INFO     cocotb.axi_dma.s_axis_write_desc   Reset de-asserted
INFO cocotb:      0.00ns INFO     ...axi_dma.m_axis_read_desc_status Reset de-asserted
INFO cocotb:      0.00ns INFO     ..axi_dma.m_axis_write_desc_status Reset de-asserted
INFO cocotb:      0.00ns INFO     cocotb.axi_dma.m_axis_read_data    AXI stream sink
INFO cocotb:      0.00ns INFO     cocotb.axi_dma.m_axis_read_data    cocotbext-axi version 0.1.28
INFO cocotb:      0.00ns INFO     cocotb.axi_dma.m_axis_read_data    Copyright (c) 2020-2025 Alex Forencich
INFO cocotb:      0.00ns INFO     cocotb.axi_dma.m_axis_read_data    https://github.com/alexforencich/cocotbext-axi
INFO cocotb:      0.00ns INFO     cocotb.axi_dma.m_axis_read_data    AXI stream sink configuration:
INFO cocotb:      0.00ns INFO     cocotb.axi_dma.m_axis_read_data      Byte size: 8 bits
INFO cocotb:      0.00ns INFO     cocotb.axi_dma.m_axis_read_data      Data width: 32 bits (4 bytes)
INFO cocotb:      0.00ns INFO     cocotb.axi_dma.m_axis_read_data    AXI stream sink signals:
INFO cocotb:      0.00ns INFO     cocotb.axi_dma.m_axis_read_data      tdata width: 32 bits
INFO cocotb:      0.00ns INFO     cocotb.axi_dma.m_axis_read_data      tdest width: 8 bits
INFO cocotb:      0.00ns INFO     cocotb.axi_dma.m_axis_read_data      tid width: 8 bits
INFO cocotb:      0.00ns INFO     cocotb.axi_dma.m_axis_read_data      tkeep width: 4 bits
INFO cocotb:      0.00ns INFO     cocotb.axi_dma.m_axis_read_data      tlast width: 1 bits
INFO cocotb:      0.00ns INFO     cocotb.axi_dma.m_axis_read_data      tready width: 1 bits
INFO cocotb:      0.00ns INFO     cocotb.axi_dma.m_axis_read_data      tuser width: 1 bits
INFO cocotb:      0.00ns INFO     cocotb.axi_dma.m_axis_read_data      tvalid width: 1 bits
INFO cocotb:      0.00ns INFO     cocotb.axi_dma.m_axis_read_data    Reset de-asserted
INFO cocotb:      0.00ns INFO     cocotb.axi_dma.s_axis_write_data   AXI stream source
INFO cocotb:      0.00ns INFO     cocotb.axi_dma.s_axis_write_data   cocotbext-axi version 0.1.28
INFO cocotb:      0.00ns INFO     cocotb.axi_dma.s_axis_write_data   Copyright (c) 2020-2025 Alex Forencich
INFO cocotb:      0.00ns INFO     cocotb.axi_dma.s_axis_write_data   https://github.com/alexforencich/cocotbext-axi
INFO cocotb:      0.00ns INFO     cocotb.axi_dma.s_axis_write_data   AXI stream source configuration:
INFO cocotb:      0.00ns INFO     cocotb.axi_dma.s_axis_write_data     Byte size: 8 bits
INFO cocotb:      0.00ns INFO     cocotb.axi_dma.s_axis_write_data     Data width: 32 bits (4 bytes)
INFO cocotb:      0.00ns INFO     cocotb.axi_dma.s_axis_write_data   AXI stream source signals:
INFO cocotb:      0.00ns INFO     cocotb.axi_dma.s_axis_write_data     tdata width: 32 bits
INFO cocotb:      0.00ns INFO     cocotb.axi_dma.s_axis_write_data     tdest width: 8 bits
INFO cocotb:      0.00ns INFO     cocotb.axi_dma.s_axis_write_data     tid width: 8 bits
INFO cocotb:      0.00ns INFO     cocotb.axi_dma.s_axis_write_data     tkeep width: 4 bits
INFO cocotb:      0.00ns INFO     cocotb.axi_dma.s_axis_write_data     tlast width: 1 bits
INFO cocotb:      0.00ns INFO     cocotb.axi_dma.s_axis_write_data     tready width: 1 bits
INFO cocotb:      0.00ns INFO     cocotb.axi_dma.s_axis_write_data     tuser width: 1 bits
INFO cocotb:      0.00ns INFO     cocotb.axi_dma.s_axis_write_data     tvalid width: 1 bits
INFO cocotb:      0.00ns INFO     cocotb.axi_dma.s_axis_write_data   Reset de-asserted
INFO cocotb:      0.00ns INFO     cocotb.axi_dma.m_axi               AXI slave model (write)
INFO cocotb:      0.00ns INFO     cocotb.axi_dma.m_axi               cocotbext-axi version 0.1.28
INFO cocotb:      0.00ns INFO     cocotb.axi_dma.m_axi               Copyright (c) 2021-2025 Alex Forencich
INFO cocotb:      0.00ns INFO     cocotb.axi_dma.m_axi               https://github.com/alexforencich/cocotbext-axi
INFO cocotb:      0.00ns INFO     cocotb.axi_dma.m_axi               Reset de-asserted
INFO cocotb:      0.00ns INFO     cocotb.axi_dma.m_axi               Reset de-asserted
INFO cocotb:      0.00ns INFO     cocotb.axi_dma.m_axi               Reset de-asserted
INFO cocotb:      0.00ns INFO     cocotb.axi_dma.m_axi               AXI slave model configuration:
INFO cocotb:      0.00ns INFO     cocotb.axi_dma.m_axi                 Address width: 16 bits
INFO cocotb:      0.00ns INFO     cocotb.axi_dma.m_axi                 ID width: 8 bits
INFO cocotb:      0.00ns INFO     cocotb.axi_dma.m_axi                 Byte size: 8 bits
INFO cocotb:      0.00ns INFO     cocotb.axi_dma.m_axi                 Data width: 32 bits (4 bytes)
INFO cocotb:      0.00ns INFO     cocotb.axi_dma.m_axi               AXI slave model signals:
INFO cocotb:      0.00ns INFO     cocotb.axi_dma.m_axi                 awaddr width: 16 bits
INFO cocotb:      0.00ns INFO     cocotb.axi_dma.m_axi                 awburst width: 2 bits
INFO cocotb:      0.00ns INFO     cocotb.axi_dma.m_axi                 awcache width: 4 bits
INFO cocotb:      0.00ns INFO     cocotb.axi_dma.m_axi                 awid width: 8 bits
INFO cocotb:      0.00ns INFO     cocotb.axi_dma.m_axi                 awlen width: 8 bits
INFO cocotb:      0.00ns INFO     cocotb.axi_dma.m_axi                 awlock width: 1 bits
INFO cocotb:      0.00ns INFO     cocotb.axi_dma.m_axi                 awprot width: 3 bits
INFO cocotb:      0.00ns INFO     cocotb.axi_dma.m_axi                 awqos: not present
INFO cocotb:      0.00ns INFO     cocotb.axi_dma.m_axi                 awready width: 1 bits
INFO cocotb:      0.00ns INFO     cocotb.axi_dma.m_axi                 awregion: not present
INFO cocotb:      0.00ns INFO     cocotb.axi_dma.m_axi                 awsize width: 3 bits
INFO cocotb:      0.00ns INFO     cocotb.axi_dma.m_axi                 awuser: not present
INFO cocotb:      0.00ns INFO     cocotb.axi_dma.m_axi                 awvalid width: 1 bits
INFO cocotb:      0.00ns INFO     cocotb.axi_dma.m_axi                 wdata width: 32 bits
INFO cocotb:      0.00ns INFO     cocotb.axi_dma.m_axi                 wlast width: 1 bits
INFO cocotb:      0.00ns INFO     cocotb.axi_dma.m_axi                 wready width: 1 bits
INFO cocotb:      0.00ns INFO     cocotb.axi_dma.m_axi                 wstrb width: 4 bits
INFO cocotb:      0.00ns INFO     cocotb.axi_dma.m_axi                 wuser: not present
INFO cocotb:      0.00ns INFO     cocotb.axi_dma.m_axi                 wvalid width: 1 bits
INFO cocotb:      0.00ns INFO     cocotb.axi_dma.m_axi                 bid width: 8 bits
INFO cocotb:      0.00ns INFO     cocotb.axi_dma.m_axi                 bready width: 1 bits
INFO cocotb:      0.00ns INFO     cocotb.axi_dma.m_axi                 bresp width: 2 bits
INFO cocotb:      0.00ns INFO     cocotb.axi_dma.m_axi                 buser: not present
INFO cocotb:      0.00ns INFO     cocotb.axi_dma.m_axi                 bvalid width: 1 bits
INFO cocotb:      0.00ns INFO     cocotb.axi_dma.m_axi               Reset de-asserted
INFO cocotb:      0.00ns INFO     cocotb.axi_dma.m_axi               AXI slave model (read)
INFO cocotb:      0.00ns INFO     cocotb.axi_dma.m_axi               cocotbext-axi version 0.1.28
INFO cocotb:      0.00ns INFO     cocotb.axi_dma.m_axi               Copyright (c) 2021-2025 Alex Forencich
INFO cocotb:      0.00ns INFO     cocotb.axi_dma.m_axi               https://github.com/alexforencich/cocotbext-axi
INFO cocotb:      0.00ns INFO     cocotb.axi_dma.m_axi               Reset de-asserted
INFO cocotb:      0.00ns INFO     cocotb.axi_dma.m_axi               Reset de-asserted
INFO cocotb:      0.00ns INFO     cocotb.axi_dma.m_axi               AXI slave model configuration:
INFO cocotb:      0.00ns INFO     cocotb.axi_dma.m_axi                 Address width: 16 bits
INFO cocotb:      0.00ns INFO     cocotb.axi_dma.m_axi                 ID width: 8 bits
INFO cocotb:      0.00ns INFO     cocotb.axi_dma.m_axi                 Byte size: 8 bits
INFO cocotb:      0.00ns INFO     cocotb.axi_dma.m_axi                 Data width: 32 bits (4 bytes)
INFO cocotb:      0.00ns INFO     cocotb.axi_dma.m_axi               AXI slave model signals:
INFO cocotb:      0.00ns INFO     cocotb.axi_dma.m_axi                 araddr width: 16 bits
INFO cocotb:      0.00ns INFO     cocotb.axi_dma.m_axi                 arburst width: 2 bits
INFO cocotb:      0.00ns INFO     cocotb.axi_dma.m_axi                 arcache width: 4 bits
INFO cocotb:      0.00ns INFO     cocotb.axi_dma.m_axi                 arid width: 8 bits
INFO cocotb:      0.00ns INFO     cocotb.axi_dma.m_axi                 arlen width: 8 bits
INFO cocotb:      0.00ns INFO     cocotb.axi_dma.m_axi                 arlock width: 1 bits
INFO cocotb:      0.00ns INFO     cocotb.axi_dma.m_axi                 arprot width: 3 bits
INFO cocotb:      0.00ns INFO     cocotb.axi_dma.m_axi                 arqos: not present
INFO cocotb:      0.00ns INFO     cocotb.axi_dma.m_axi                 arready width: 1 bits
INFO cocotb:      0.00ns INFO     cocotb.axi_dma.m_axi                 arregion: not present
INFO cocotb:      0.00ns INFO     cocotb.axi_dma.m_axi                 arsize width: 3 bits
INFO cocotb:      0.00ns INFO     cocotb.axi_dma.m_axi                 aruser: not present
INFO cocotb:      0.00ns INFO     cocotb.axi_dma.m_axi                 arvalid width: 1 bits
INFO cocotb:      0.00ns INFO     cocotb.axi_dma.m_axi                 rdata width: 32 bits
INFO cocotb:      0.00ns INFO     cocotb.axi_dma.m_axi                 rid width: 8 bits
INFO cocotb:      0.00ns INFO     cocotb.axi_dma.m_axi                 rlast width: 1 bits
INFO cocotb:      0.00ns INFO     cocotb.axi_dma.m_axi                 rready width: 1 bits
INFO cocotb:      0.00ns INFO     cocotb.axi_dma.m_axi                 rresp width: 2 bits
INFO cocotb:      0.00ns INFO     cocotb.axi_dma.m_axi                 ruser: not present
INFO cocotb:      0.00ns INFO     cocotb.axi_dma.m_axi                 rvalid width: 1 bits
INFO cocotb:      0.00ns INFO     cocotb.axi_dma.m_axi               Reset de-asserted
INFO cocotb:      0.00ns INFO     cocotb.axi_dma.s_axis_read_desc    Reset asserted
INFO cocotb:      0.00ns INFO     cocotb.axi_dma.s_axis_write_desc   Reset asserted
INFO cocotb:      0.00ns INFO     ...axi_dma.m_axis_read_desc_status Reset asserted
INFO cocotb:      0.00ns INFO     ..axi_dma.m_axis_write_desc_status Reset asserted
INFO cocotb:      0.00ns INFO     cocotb.axi_dma.m_axis_read_data    Reset asserted
INFO cocotb:      0.00ns INFO     cocotb.axi_dma.s_axis_write_data   Reset asserted
INFO cocotb:      0.00ns INFO     cocotb.axi_dma.m_axi               Reset asserted
INFO cocotb:      0.00ns INFO     cocotb.axi_dma.m_axi               Reset asserted
INFO cocotb:      0.00ns INFO     cocotb.axi_dma.m_axi               Reset asserted
INFO cocotb:      0.00ns INFO     cocotb.axi_dma.m_axi               Reset asserted
INFO cocotb:      0.00ns INFO     cocotb.axi_dma.m_axi               Reset asserted
INFO cocotb:      0.00ns INFO     cocotb.axi_dma.m_axi               Reset asserted
INFO cocotb:      0.00ns INFO     cocotb.axi_dma.m_axi               Reset asserted
INFO cocotb:     10.00ns INFO     cocotb.axi_dma.s_axis_read_desc    Reset de-asserted
INFO cocotb:     10.00ns INFO     cocotb.axi_dma.s_axis_write_desc   Reset de-asserted
INFO cocotb:     10.00ns INFO     ...axi_dma.m_axis_read_desc_status Reset de-asserted
INFO cocotb:     10.00ns INFO     ..axi_dma.m_axis_write_desc_status Reset de-asserted
INFO cocotb:     10.00ns INFO     cocotb.axi_dma.m_axis_read_data    Reset de-asserted
INFO cocotb:     10.00ns INFO     cocotb.axi_dma.s_axis_write_data   Reset de-asserted
INFO cocotb:     10.00ns INFO     cocotb.axi_dma.m_axi               Reset de-asserted
INFO cocotb:     10.00ns INFO     cocotb.axi_dma.m_axi               Reset de-asserted
INFO cocotb:     10.00ns INFO     cocotb.axi_dma.m_axi               Reset de-asserted
INFO cocotb:     10.00ns INFO     cocotb.axi_dma.m_axi               Reset de-asserted
INFO cocotb:     10.00ns INFO     cocotb.axi_dma.m_axi               Reset de-asserted
INFO cocotb:     10.00ns INFO     cocotb.axi_dma.m_axi               Reset de-asserted
INFO cocotb:     10.00ns INFO     cocotb.axi_dma.m_axi               Reset de-asserted
INFO cocotb:     60.00ns INFO     cocotb.axi_dma.m_axi               Read burst arid: 0x0 araddr: 0x00000000 arlen: 15 arsize: 2 arprot: 2
INFO cocotb:    250.00ns INFO     cocotb.axi_dma.m_axis_read_data    RX frame: AxiStreamFrame(tdata=bytearray(b'\x00\x01\x02\x03\x04\x05\x06\x07\x08\t\n\x0b\x0c\r\x0e\x0f\x10\x11\x12\x13\x14\x15\x16\x17\x18\x19\x1a\x1b\x1c\x1d\x1e\x1f !"#$%&\'()*+,-./0123456789:;<=>?'), tkeep=[1, 1, 1, 1, 1, 1, 1, 1, 1, 1, 1, 1, 1, 1, 1, 1, 1, 1, 1, 1, 1, 1, 1, 1, 1, 1, 1, 1, 1, 1, 1, 1, 1, 1, 1, 1, 1, 1, 1, 1, 1, 1, 1, 1, 1, 1, 1, 1, 1, 1, 1, 1, 1, 1, 1, 1, 1, 1, 1, 1, 1, 1, 1, 1], tid=[0, 0, 0, 0, 0, 0, 0, 0, 0, 0, 0, 0, 0, 0, 0, 0, 0, 0, 0, 0, 0, 0, 0, 0, 0, 0, 0, 0, 0, 0, 0, 0, 0, 0, 0, 0, 0, 0, 0, 0, 0, 0, 0, 0, 0, 0, 0, 0, 0, 0, 0, 0, 0, 0, 0, 0, 0, 0, 0, 0, 0, 0, 0, 0], tdest=[0, 0, 0, 0, 0, 0, 0, 0, 0, 0, 0, 0, 0, 0, 0, 0, 0, 0, 0, 0, 0, 0, 0, 0, 0, 0, 0, 0, 0, 0, 0, 0, 0, 0, 0, 0, 0, 0, 0, 0, 0, 0, 0, 0, 0, 0, 0, 0, 0, 0, 0, 0, 0, 0, 0, 0, 0, 0, 0, 0, 0, 0, 0, 0], tuser=[0, 0, 0, 0, 0, 0, 0, 0, 0, 0, 0, 0, 0, 0, 0, 0, 0, 0, 0, 0, 0, 0, 0, 0, 0, 0, 0, 0, 0, 0, 0, 0, 0, 0, 0, 0, 0, 0, 0, 0, 0, 0, 0, 0, 0, 0, 0, 0, 0, 0, 0, 0, 0, 0, 0, 0, 0, 0, 0, 0, 0, 0, 0, 0], sim_time_start=100000, sim_time_end=250000)
INFO cocotb:    260.00ns INFO     cocotb.axi_dma.s_axis_write_data   TX frame: AxiStreamFrame(tdata=bytearray(b'\x00\x01\x02\x03\x04\x05\x06\x07\x08\t\n\x0b\x0c\r\x0e\x0f\x10\x11\x12\x13\x14\x15\x16\x17\x18\x19\x1a\x1b\x1c\x1d\x1e\x1f !"#$%&\'()*+,-./0123456789:;<=>?'), tkeep=None, tid=1, tdest=None, tuser=None, sim_time_start=260000, sim_time_end=None)
INFO cocotb:    280.00ns INFO     cocotb.axi_dma.m_axi               Write burst awid: 0x0 awaddr: 0x00008000 awlen: 15 awsize: 2 awprot: 2
INFO cocotb:  11620.00ns INFO     cocotb.axi_dma.m_axi               Read burst arid: 0x0 araddr: 0x00000000 arlen: 15 arsize: 2 arprot: 2
INFO cocotb:  11760.00ns INFO     cocotb.axi_dma.m_axi               Read burst arid: 0x0 araddr: 0x00001000 arlen: 15 arsize: 2 arprot: 2
INFO cocotb:  11810.00ns INFO     cocotb.axi_dma.m_axis_read_data    RX frame: AxiStreamFrame(tdata=bytearray(b'\x00\x01\x02\x03\x04\x05\x06\x07\x08\t\n\x0b\x0c\r\x0e\x0f\x10\x11\x12\x13\x14\x15\x16\x17\x18\x19\x1a\x1b\x1c\x1d\x1e\x1f !"#$%&\'()*+,-./0123456789:;<=>?'), tkeep=[1, 1, 1, 1, 1, 1, 1, 1, 1, 1, 1, 1, 1, 1, 1, 1, 1, 1, 1, 1, 1, 1, 1, 1, 1, 1, 1, 1, 1, 1, 1, 1, 1, 1, 1, 1, 1, 1, 1, 1, 1, 1, 1, 1, 1, 1, 1, 1, 1, 1, 1, 1, 1, 1, 1, 1, 1, 1, 1, 1, 1, 1, 1, 1], tid=[0, 0, 0, 0, 0, 0, 0, 0, 0, 0, 0, 0, 0, 0, 0, 0, 0, 0, 0, 0, 0, 0, 0, 0, 0, 0, 0, 0, 0, 0, 0, 0, 0, 0, 0, 0, 0, 0, 0, 0, 0, 0, 0, 0, 0, 0, 0, 0, 0, 0, 0, 0, 0, 0, 0, 0, 0, 0, 0, 0, 0, 0, 0, 0], tdest=[0, 0, 0, 0, 0, 0, 0, 0, 0, 0, 0, 0, 0, 0, 0, 0, 0, 0, 0, 0, 0, 0, 0, 0, 0, 0, 0, 0, 0, 0, 0, 0, 0, 0, 0, 0, 0, 0, 0, 0, 0, 0, 0, 0, 0, 0, 0, 0, 0, 0, 0, 0, 0, 0, 0, 0, 0, 0, 0, 0, 0, 0, 0, 0], tuser=[0, 0, 0, 0, 0, 0, 0, 0, 0, 0, 0, 0, 0, 0, 0, 0, 0, 0, 0, 0, 0, 0, 0, 0, 0, 0, 0, 0, 0, 0, 0, 0, 0, 0, 0, 0, 0, 0, 0, 0, 0, 0, 0, 0, 0, 0, 0, 0, 0, 0, 0, 0, 0, 0, 0, 0, 0, 0, 0, 0, 0, 0, 0, 0], sim_time_start=11660000, sim_time_end=11810000)
INFO cocotb:  11820.00ns INFO     cocotb.axi_dma.s_axis_write_data   TX frame: AxiStreamFrame(tdata=bytearray(b'\x00\x01\x02\x03\x04\x05\x06\x07\x08\t\n\x0b\x0c\r\x0e\x0f\x10\x11\x12\x13\x14\x15\x16\x17\x18\x19\x1a\x1b\x1c\x1d\x1e\x1f !"#$%&\'()*+,-./0123456789:;<=>?'), tkeep=None, tid=2, tdest=None, tuser=None, sim_time_start=11820000, sim_time_end=None)
INFO cocotb:  11840.00ns INFO     cocotb.axi_dma.m_axi               Write burst awid: 0x0 awaddr: 0x00008000 awlen: 15 awsize: 2 awprot: 2
INFO cocotb:  11930.00ns INFO     cocotb.axi_dma.m_axi               Read burst arid: 0x0 araddr: 0x00002000 arlen: 15 arsize: 2 arprot: 2
INFO cocotb:  11980.00ns INFO     cocotb.axi_dma.m_axis_read_data    RX frame: AxiStreamFrame(tdata=bytearray(b'\x00\x01\x02\x03\x04\x05\x06\x07\x08\t\n\x0b\x0c\r\x0e\x0f\x10\x11\x12\x13\x14\x15\x16\x17\x18\x19\x1a\x1b\x1c\x1d\x1e\x1f !"#$%&\'()*+,-./0123456789:;<=>?'), tkeep=[1, 1, 1, 1, 1, 1, 1, 1, 1, 1, 1, 1, 1, 1, 1, 1, 1, 1, 1, 1, 1, 1, 1, 1, 1, 1, 1, 1, 1, 1, 1, 1, 1, 1, 1, 1, 1, 1, 1, 1, 1, 1, 1, 1, 1, 1, 1, 1, 1, 1, 1, 1, 1, 1, 1, 1, 1, 1, 1, 1, 1, 1, 1, 1], tid=[0, 0, 0, 0, 0, 0, 0, 0, 0, 0, 0, 0, 0, 0, 0, 0, 0, 0, 0, 0, 0, 0, 0, 0, 0, 0, 0, 0, 0, 0, 0, 0, 0, 0, 0, 0, 0, 0, 0, 0, 0, 0, 0, 0, 0, 0, 0, 0, 0, 0, 0, 0, 0, 0, 0, 0, 0, 0, 0, 0, 0, 0, 0, 0], tdest=[0, 0, 0, 0, 0, 0, 0, 0, 0, 0, 0, 0, 0, 0, 0, 0, 0, 0, 0, 0, 0, 0, 0, 0, 0, 0, 0, 0, 0, 0, 0, 0, 0, 0, 0, 0, 0, 0, 0, 0, 0, 0, 0, 0, 0, 0, 0, 0, 0, 0, 0, 0, 0, 0, 0, 0, 0, 0, 0, 0, 0, 0, 0, 0], tuser=[0, 0, 0, 0, 0, 0, 0, 0, 0, 0, 0, 0, 0, 0, 0, 0, 0, 0, 0, 0, 0, 0, 0, 0, 0, 0, 0, 0, 0, 0, 0, 0, 0, 0, 0, 0, 0, 0, 0, 0, 0, 0, 0, 0, 0, 0, 0, 0, 0, 0, 0, 0, 0, 0, 0, 0, 0, 0, 0, 0, 0, 0, 0, 0], sim_time_start=11830000, sim_time_end=11980000)
INFO cocotb:  11990.00ns INFO     cocotb.axi_dma.s_axis_write_data   TX frame: AxiStreamFrame(tdata=bytearray(b'\x00\x01\x02\x03\x04\x05\x06\x07\x08\t\n\x0b\x0c\r\x0e\x0f\x10\x11\x12\x13\x14\x15\x16\x17\x18\x19\x1a\x1b\x1c\x1d\x1e\x1f !"#$%&\'()*+,-./0123456789:;<=>?'), tkeep=None, tid=3, tdest=None, tuser=None, sim_time_start=11990000, sim_time_end=None)
INFO cocotb:  12020.00ns INFO     cocotb.axi_dma.m_axi               Write burst awid: 0x0 awaddr: 0x00009000 awlen: 15 awsize: 2 awprot: 2
INFO cocotb:  12100.00ns INFO     cocotb.axi_dma.m_axi               Read burst arid: 0x0 araddr: 0x00003000 arlen: 15 arsize: 2 arprot: 2
INFO cocotb:  12150.00ns INFO     cocotb.axi_dma.m_axis_read_data    RX frame: AxiStreamFrame(tdata=bytearray(b'\x00\x01\x02\x03\x04\x05\x06\x07\x08\t\n\x0b\x0c\r\x0e\x0f\x10\x11\x12\x13\x14\x15\x16\x17\x18\x19\x1a\x1b\x1c\x1d\x1e\x1f !"#$%&\'()*+,-./0123456789:;<=>?'), tkeep=[1, 1, 1, 1, 1, 1, 1, 1, 1, 1, 1, 1, 1, 1, 1, 1, 1, 1, 1, 1, 1, 1, 1, 1, 1, 1, 1, 1, 1, 1, 1, 1, 1, 1, 1, 1, 1, 1, 1, 1, 1, 1, 1, 1, 1, 1, 1, 1, 1, 1, 1, 1, 1, 1, 1, 1, 1, 1, 1, 1, 1, 1, 1, 1], tid=[0, 0, 0, 0, 0, 0, 0, 0, 0, 0, 0, 0, 0, 0, 0, 0, 0, 0, 0, 0, 0, 0, 0, 0, 0, 0, 0, 0, 0, 0, 0, 0, 0, 0, 0, 0, 0, 0, 0, 0, 0, 0, 0, 0, 0, 0, 0, 0, 0, 0, 0, 0, 0, 0, 0, 0, 0, 0, 0, 0, 0, 0, 0, 0], tdest=[0, 0, 0, 0, 0, 0, 0, 0, 0, 0, 0, 0, 0, 0, 0, 0, 0, 0, 0, 0, 0, 0, 0, 0, 0, 0, 0, 0, 0, 0, 0, 0, 0, 0, 0, 0, 0, 0, 0, 0, 0, 0, 0, 0, 0, 0, 0, 0, 0, 0, 0, 0, 0, 0, 0, 0, 0, 0, 0, 0, 0, 0, 0, 0], tuser=[0, 0, 0, 0, 0, 0, 0, 0, 0, 0, 0, 0, 0, 0, 0, 0, 0, 0, 0, 0, 0, 0, 0, 0, 0, 0, 0, 0, 0, 0, 0, 0, 0, 0, 0, 0, 0, 0, 0, 0, 0, 0, 0, 0, 0, 0, 0, 0, 0, 0, 0, 0, 0, 0, 0, 0, 0, 0, 0, 0, 0, 0, 0, 0], sim_time_start=12000000, sim_time_end=12150000)
INFO cocotb:  12170.00ns INFO     cocotb.axi_dma.s_axis_write_data   TX frame: AxiStreamFrame(tdata=bytearray(b'\x00\x01\x02\x03\x04\x05\x06\x07\x08\t\n\x0b\x0c\r\x0e\x0f\x10\x11\x12\x13\x14\x15\x16\x17\x18\x19\x1a\x1b\x1c\x1d\x1e\x1f !"#$%&\'()*+,-./0123456789:;<=>?'), tkeep=None, tid=4, tdest=None, tuser=None, sim_time_start=12170000, sim_time_end=None)
INFO cocotb:  12200.00ns INFO     cocotb.axi_dma.m_axi               Write burst awid: 0x0 awaddr: 0x0000a000 awlen: 15 awsize: 2 awprot: 2
INFO cocotb:  12270.00ns INFO     cocotb.axi_dma.m_axi               Read burst arid: 0x0 araddr: 0x00004000 arlen: 15 arsize: 2 arprot: 2
INFO cocotb:  12320.00ns INFO     cocotb.axi_dma.m_axis_read_data    RX frame: AxiStreamFrame(tdata=bytearray(b'\x00\x01\x02\x03\x04\x05\x06\x07\x08\t\n\x0b\x0c\r\x0e\x0f\x10\x11\x12\x13\x14\x15\x16\x17\x18\x19\x1a\x1b\x1c\x1d\x1e\x1f !"#$%&\'()*+,-./0123456789:;<=>?'), tkeep=[1, 1, 1, 1, 1, 1, 1, 1, 1, 1, 1, 1, 1, 1, 1, 1, 1, 1, 1, 1, 1, 1, 1, 1, 1, 1, 1, 1, 1, 1, 1, 1, 1, 1, 1, 1, 1, 1, 1, 1, 1, 1, 1, 1, 1, 1, 1, 1, 1, 1, 1, 1, 1, 1, 1, 1, 1, 1, 1, 1, 1, 1, 1, 1], tid=[0, 0, 0, 0, 0, 0, 0, 0, 0, 0, 0, 0, 0, 0, 0, 0, 0, 0, 0, 0, 0, 0, 0, 0, 0, 0, 0, 0, 0, 0, 0, 0, 0, 0, 0, 0, 0, 0, 0, 0, 0, 0, 0, 0, 0, 0, 0, 0, 0, 0, 0, 0, 0, 0, 0, 0, 0, 0, 0, 0, 0, 0, 0, 0], tdest=[0, 0, 0, 0, 0, 0, 0, 0, 0, 0, 0, 0, 0, 0, 0, 0, 0, 0, 0, 0, 0, 0, 0, 0, 0, 0, 0, 0, 0, 0, 0, 0, 0, 0, 0, 0, 0, 0, 0, 0, 0, 0, 0, 0, 0, 0, 0, 0, 0, 0, 0, 0, 0, 0, 0, 0, 0, 0, 0, 0, 0, 0, 0, 0], tuser=[0, 0, 0, 0, 0, 0, 0, 0, 0, 0, 0, 0, 0, 0, 0, 0, 0, 0, 0, 0, 0, 0, 0, 0, 0, 0, 0, 0, 0, 0, 0, 0, 0, 0, 0, 0, 0, 0, 0, 0, 0, 0, 0, 0, 0, 0, 0, 0, 0, 0, 0, 0, 0, 0, 0, 0, 0, 0, 0, 0, 0, 0, 0, 0], sim_time_start=12170000, sim_time_end=12320000)
INFO cocotb:  12350.00ns INFO     cocotb.axi_dma.s_axis_write_data   TX frame: AxiStreamFrame(tdata=bytearray(b'\x00\x01\x02\x03\x04\x05\x06\x07\x08\t\n\x0b\x0c\r\x0e\x0f\x10\x11\x12\x13\x14\x15\x16\x17\x18\x19\x1a\x1b\x1c\x1d\x1e\x1f !"#$%&\'()*+,-./0123456789:;<=>?'), tkeep=None, tid=5, tdest=None, tuser=None, sim_time_start=12350000, sim_time_end=None)
INFO cocotb:  12380.00ns INFO     cocotb.axi_dma.m_axi               Write burst awid: 0x0 awaddr: 0x0000b000 awlen: 15 awsize: 2 awprot: 2
INFO cocotb:  12440.00ns INFO     cocotb.axi_dma.m_axi               Read burst arid: 0x0 araddr: 0x00005000 arlen: 15 arsize: 2 arprot: 2
INFO cocotb:  12490.00ns INFO     cocotb.axi_dma.m_axis_read_data    RX frame: AxiStreamFrame(tdata=bytearray(b'\x00\x01\x02\x03\x04\x05\x06\x07\x08\t\n\x0b\x0c\r\x0e\x0f\x10\x11\x12\x13\x14\x15\x16\x17\x18\x19\x1a\x1b\x1c\x1d\x1e\x1f !"#$%&\'()*+,-./0123456789:;<=>?'), tkeep=[1, 1, 1, 1, 1, 1, 1, 1, 1, 1, 1, 1, 1, 1, 1, 1, 1, 1, 1, 1, 1, 1, 1, 1, 1, 1, 1, 1, 1, 1, 1, 1, 1, 1, 1, 1, 1, 1, 1, 1, 1, 1, 1, 1, 1, 1, 1, 1, 1, 1, 1, 1, 1, 1, 1, 1, 1, 1, 1, 1, 1, 1, 1, 1], tid=[0, 0, 0, 0, 0, 0, 0, 0, 0, 0, 0, 0, 0, 0, 0, 0, 0, 0, 0, 0, 0, 0, 0, 0, 0, 0, 0, 0, 0, 0, 0, 0, 0, 0, 0, 0, 0, 0, 0, 0, 0, 0, 0, 0, 0, 0, 0, 0, 0, 0, 0, 0, 0, 0, 0, 0, 0, 0, 0, 0, 0, 0, 0, 0], tdest=[0, 0, 0, 0, 0, 0, 0, 0, 0, 0, 0, 0, 0, 0, 0, 0, 0, 0, 0, 0, 0, 0, 0, 0, 0, 0, 0, 0, 0, 0, 0, 0, 0, 0, 0, 0, 0, 0, 0, 0, 0, 0, 0, 0, 0, 0, 0, 0, 0, 0, 0, 0, 0, 0, 0, 0, 0, 0, 0, 0, 0, 0, 0, 0], tuser=[0, 0, 0, 0, 0, 0, 0, 0, 0, 0, 0, 0, 0, 0, 0, 0, 0, 0, 0, 0, 0, 0, 0, 0, 0, 0, 0, 0, 0, 0, 0, 0, 0, 0, 0, 0, 0, 0, 0, 0, 0, 0, 0, 0, 0, 0, 0, 0, 0, 0, 0, 0, 0, 0, 0, 0, 0, 0, 0, 0, 0, 0, 0, 0], sim_time_start=12340000, sim_time_end=12490000)
INFO cocotb:  12530.00ns INFO     cocotb.axi_dma.s_axis_write_data   TX frame: AxiStreamFrame(tdata=bytearray(b'\x00\x01\x02\x03\x04\x05\x06\x07\x08\t\n\x0b\x0c\r\x0e\x0f\x10\x11\x12\x13\x14\x15\x16\x17\x18\x19\x1a\x1b\x1c\x1d\x1e\x1f !"#$%&\'()*+,-./0123456789:;<=>?'), tkeep=None, tid=6, tdest=None, tuser=None, sim_time_start=12530000, sim_time_end=None)
INFO cocotb:  12560.00ns INFO     cocotb.axi_dma.m_axi               Write burst awid: 0x0 awaddr: 0x0000c000 awlen: 15 awsize: 2 awprot: 2
INFO cocotb:  12610.00ns INFO     cocotb.axi_dma.m_axi               Read burst arid: 0x0 araddr: 0x00006000 arlen: 15 arsize: 2 arprot: 2
INFO cocotb:  12660.00ns INFO     cocotb.axi_dma.m_axis_read_data    RX frame: AxiStreamFrame(tdata=bytearray(b'\x00\x01\x02\x03\x04\x05\x06\x07\x08\t\n\x0b\x0c\r\x0e\x0f\x10\x11\x12\x13\x14\x15\x16\x17\x18\x19\x1a\x1b\x1c\x1d\x1e\x1f !"#$%&\'()*+,-./0123456789:;<=>?'), tkeep=[1, 1, 1, 1, 1, 1, 1, 1, 1, 1, 1, 1, 1, 1, 1, 1, 1, 1, 1, 1, 1, 1, 1, 1, 1, 1, 1, 1, 1, 1, 1, 1, 1, 1, 1, 1, 1, 1, 1, 1, 1, 1, 1, 1, 1, 1, 1, 1, 1, 1, 1, 1, 1, 1, 1, 1, 1, 1, 1, 1, 1, 1, 1, 1], tid=[0, 0, 0, 0, 0, 0, 0, 0, 0, 0, 0, 0, 0, 0, 0, 0, 0, 0, 0, 0, 0, 0, 0, 0, 0, 0, 0, 0, 0, 0, 0, 0, 0, 0, 0, 0, 0, 0, 0, 0, 0, 0, 0, 0, 0, 0, 0, 0, 0, 0, 0, 0, 0, 0, 0, 0, 0, 0, 0, 0, 0, 0, 0, 0], tdest=[0, 0, 0, 0, 0, 0, 0, 0, 0, 0, 0, 0, 0, 0, 0, 0, 0, 0, 0, 0, 0, 0, 0, 0, 0, 0, 0, 0, 0, 0, 0, 0, 0, 0, 0, 0, 0, 0, 0, 0, 0, 0, 0, 0, 0, 0, 0, 0, 0, 0, 0, 0, 0, 0, 0, 0, 0, 0, 0, 0, 0, 0, 0, 0], tuser=[0, 0, 0, 0, 0, 0, 0, 0, 0, 0, 0, 0, 0, 0, 0, 0, 0, 0, 0, 0, 0, 0, 0, 0, 0, 0, 0, 0, 0, 0, 0, 0, 0, 0, 0, 0, 0, 0, 0, 0, 0, 0, 0, 0, 0, 0, 0, 0, 0, 0, 0, 0, 0, 0, 0, 0, 0, 0, 0, 0, 0, 0, 0, 0], sim_time_start=12510000, sim_time_end=12660000)
INFO cocotb:  12710.00ns INFO     cocotb.axi_dma.s_axis_write_data   TX frame: AxiStreamFrame(tdata=bytearray(b'\x00\x01\x02\x03\x04\x05\x06\x07\x08\t\n\x0b\x0c\r\x0e\x0f\x10\x11\x12\x13\x14\x15\x16\x17\x18\x19\x1a\x1b\x1c\x1d\x1e\x1f !"#$%&\'()*+,-./0123456789:;<=>?'), tkeep=None, tid=7, tdest=None, tuser=None, sim_time_start=12710000, sim_time_end=None)
INFO cocotb:  12740.00ns INFO     cocotb.axi_dma.m_axi               Write burst awid: 0x0 awaddr: 0x0000d000 awlen: 15 awsize: 2 awprot: 2
INFO cocotb:  12780.00ns INFO     cocotb.axi_dma.m_axi               Read burst arid: 0x0 araddr: 0x00007000 arlen: 15 arsize: 2 arprot: 2
INFO cocotb:  12830.00ns INFO     cocotb.axi_dma.m_axis_read_data    RX frame: AxiStreamFrame(tdata=bytearray(b'\x00\x01\x02\x03\x04\x05\x06\x07\x08\t\n\x0b\x0c\r\x0e\x0f\x10\x11\x12\x13\x14\x15\x16\x17\x18\x19\x1a\x1b\x1c\x1d\x1e\x1f !"#$%&\'()*+,-./0123456789:;<=>?'), tkeep=[1, 1, 1, 1, 1, 1, 1, 1, 1, 1, 1, 1, 1, 1, 1, 1, 1, 1, 1, 1, 1, 1, 1, 1, 1, 1, 1, 1, 1, 1, 1, 1, 1, 1, 1, 1, 1, 1, 1, 1, 1, 1, 1, 1, 1, 1, 1, 1, 1, 1, 1, 1, 1, 1, 1, 1, 1, 1, 1, 1, 1, 1, 1, 1], tid=[0, 0, 0, 0, 0, 0, 0, 0, 0, 0, 0, 0, 0, 0, 0, 0, 0, 0, 0, 0, 0, 0, 0, 0, 0, 0, 0, 0, 0, 0, 0, 0, 0, 0, 0, 0, 0, 0, 0, 0, 0, 0, 0, 0, 0, 0, 0, 0, 0, 0, 0, 0, 0, 0, 0, 0, 0, 0, 0, 0, 0, 0, 0, 0], tdest=[0, 0, 0, 0, 0, 0, 0, 0, 0, 0, 0, 0, 0, 0, 0, 0, 0, 0, 0, 0, 0, 0, 0, 0, 0, 0, 0, 0, 0, 0, 0, 0, 0, 0, 0, 0, 0, 0, 0, 0, 0, 0, 0, 0, 0, 0, 0, 0, 0, 0, 0, 0, 0, 0, 0, 0, 0, 0, 0, 0, 0, 0, 0, 0], tuser=[0, 0, 0, 0, 0, 0, 0, 0, 0, 0, 0, 0, 0, 0, 0, 0, 0, 0, 0, 0, 0, 0, 0, 0, 0, 0, 0, 0, 0, 0, 0, 0, 0, 0, 0, 0, 0, 0, 0, 0, 0, 0, 0, 0, 0, 0, 0, 0, 0, 0, 0, 0, 0, 0, 0, 0, 0, 0, 0, 0, 0, 0, 0, 0], sim_time_start=12680000, sim_time_end=12830000)
INFO cocotb:  12890.00ns INFO     cocotb.axi_dma.s_axis_write_data   TX frame: AxiStreamFrame(tdata=bytearray(b'\x00\x01\x02\x03\x04\x05\x06\x07\x08\t\n\x0b\x0c\r\x0e\x0f\x10\x11\x12\x13\x14\x15\x16\x17\x18\x19\x1a\x1b\x1c\x1d\x1e\x1f !"#$%&\'()*+,-./0123456789:;<=>?'), tkeep=None, tid=8, tdest=None, tuser=None, sim_time_start=12890000, sim_time_end=None)
INFO cocotb:  12920.00ns INFO     cocotb.axi_dma.m_axi               Write burst awid: 0x0 awaddr: 0x0000e000 awlen: 15 awsize: 2 awprot: 2
INFO cocotb:  13000.00ns INFO     cocotb.axi_dma.m_axis_read_data    RX frame: AxiStreamFrame(tdata=bytearray(b'\x00\x01\x02\x03\x04\x05\x06\x07\x08\t\n\x0b\x0c\r\x0e\x0f\x10\x11\x12\x13\x14\x15\x16\x17\x18\x19\x1a\x1b\x1c\x1d\x1e\x1f !"#$%&\'()*+,-./0123456789:;<=>?'), tkeep=[1, 1, 1, 1, 1, 1, 1, 1, 1, 1, 1, 1, 1, 1, 1, 1, 1, 1, 1, 1, 1, 1, 1, 1, 1, 1, 1, 1, 1, 1, 1, 1, 1, 1, 1, 1, 1, 1, 1, 1, 1, 1, 1, 1, 1, 1, 1, 1, 1, 1, 1, 1, 1, 1, 1, 1, 1, 1, 1, 1, 1, 1, 1, 1], tid=[0, 0, 0, 0, 0, 0, 0, 0, 0, 0, 0, 0, 0, 0, 0, 0, 0, 0, 0, 0, 0, 0, 0, 0, 0, 0, 0, 0, 0, 0, 0, 0, 0, 0, 0, 0, 0, 0, 0, 0, 0, 0, 0, 0, 0, 0, 0, 0, 0, 0, 0, 0, 0, 0, 0, 0, 0, 0, 0, 0, 0, 0, 0, 0], tdest=[0, 0, 0, 0, 0, 0, 0, 0, 0, 0, 0, 0, 0, 0, 0, 0, 0, 0, 0, 0, 0, 0, 0, 0, 0, 0, 0, 0, 0, 0, 0, 0, 0, 0, 0, 0, 0, 0, 0, 0, 0, 0, 0, 0, 0, 0, 0, 0, 0, 0, 0, 0, 0, 0, 0, 0, 0, 0, 0, 0, 0, 0, 0, 0], tuser=[0, 0, 0, 0, 0, 0, 0, 0, 0, 0, 0, 0, 0, 0, 0, 0, 0, 0, 0, 0, 0, 0, 0, 0, 0, 0, 0, 0, 0, 0, 0, 0, 0, 0, 0, 0, 0, 0, 0, 0, 0, 0, 0, 0, 0, 0, 0, 0, 0, 0, 0, 0, 0, 0, 0, 0, 0, 0, 0, 0, 0, 0, 0, 0], sim_time_start=12850000, sim_time_end=13000000)
INFO cocotb:  13070.00ns INFO     cocotb.axi_dma.s_axis_write_data   TX frame: AxiStreamFrame(tdata=bytearray(b'\x00\x01\x02\x03\x04\x05\x06\x07\x08\t\n\x0b\x0c\r\x0e\x0f\x10\x11\x12\x13\x14\x15\x16\x17\x18\x19\x1a\x1b\x1c\x1d\x1e\x1f !"#$%&\'()*+,-./0123456789:;<=>?'), tkeep=None, tid=9, tdest=None, tuser=None, sim_time_start=13070000, sim_time_end=None)
INFO cocotb:  13100.00ns INFO     cocotb.axi_dma.m_axi               Write burst awid: 0x0 awaddr: 0x0000f000 awlen: 15 awsize: 2 awprot: 2
INFO cocotb:  13340.00ns INFO     cocotb.axi_dma.m_axi               Read burst arid: 0x0 araddr: 0x00000000 arlen: 15 arsize: 2 arprot: 2
INFO cocotb:  13480.00ns INFO     cocotb.axi_dma.m_axi               Read burst arid: 0x0 araddr: 0x00001000 arlen: 15 arsize: 2 arprot: 2
INFO cocotb:  13530.00ns INFO     cocotb.axi_dma.m_axis_read_data    RX frame: AxiStreamFrame(tdata=bytearray(b'\x00\x01\x02\x03\x04\x05\x06\x07\x08\t\n\x0b\x0c\r\x0e\x0f\x10\x11\x12\x13\x14\x15\x16\x17\x18\x19\x1a\x1b\x1c\x1d\x1e\x1f !"#$%&\'()*+,-./0123456789:;<=>?'), tkeep=[1, 1, 1, 1, 1, 1, 1, 1, 1, 1, 1, 1, 1, 1, 1, 1, 1, 1, 1, 1, 1, 1, 1, 1, 1, 1, 1, 1, 1, 1, 1, 1, 1, 1, 1, 1, 1, 1, 1, 1, 1, 1, 1, 1, 1, 1, 1, 1, 1, 1, 1, 1, 1, 1, 1, 1, 1, 1, 1, 1, 1, 1, 1, 1], tid=[0, 0, 0, 0, 0, 0, 0, 0, 0, 0, 0, 0, 0, 0, 0, 0, 0, 0, 0, 0, 0, 0, 0, 0, 0, 0, 0, 0, 0, 0, 0, 0, 0, 0, 0, 0, 0, 0, 0, 0, 0, 0, 0, 0, 0, 0, 0, 0, 0, 0, 0, 0, 0, 0, 0, 0, 0, 0, 0, 0, 0, 0, 0, 0], tdest=[0, 0, 0, 0, 0, 0, 0, 0, 0, 0, 0, 0, 0, 0, 0, 0, 0, 0, 0, 0, 0, 0, 0, 0, 0, 0, 0, 0, 0, 0, 0, 0, 0, 0, 0, 0, 0, 0, 0, 0, 0, 0, 0, 0, 0, 0, 0, 0, 0, 0, 0, 0, 0, 0, 0, 0, 0, 0, 0, 0, 0, 0, 0, 0], tuser=[0, 0, 0, 0, 0, 0, 0, 0, 0, 0, 0, 0, 0, 0, 0, 0, 0, 0, 0, 0, 0, 0, 0, 0, 0, 0, 0, 0, 0, 0, 0, 0, 0, 0, 0, 0, 0, 0, 0, 0, 0, 0, 0, 0, 0, 0, 0, 0, 0, 0, 0, 0, 0, 0, 0, 0, 0, 0, 0, 0, 0, 0, 0, 0], sim_time_start=13380000, sim_time_end=13530000)
INFO cocotb:  13540.00ns INFO     cocotb.axi_dma.s_axis_write_data   TX frame: AxiStreamFrame(tdata=bytearray(b'\x00\x01\x02\x03\x04\x05\x06\x07\x08\t\n\x0b\x0c\r\x0e\x0f\x10\x11\x12\x13\x14\x15\x16\x17\x18\x19\x1a\x1b\x1c\x1d\x1e\x1f !"#$%&\'()*+,-./0123456789:;<=>?'), tkeep=None, tid=10, tdest=None, tuser=None, sim_time_start=13540000, sim_time_end=None)
INFO cocotb:  13560.00ns INFO     cocotb.axi_dma.m_axi               Write burst awid: 0x0 awaddr: 0x00008000 awlen: 15 awsize: 2 awprot: 2
INFO cocotb:  13650.00ns INFO     cocotb.axi_dma.m_axi               Read burst arid: 0x0 araddr: 0x00002000 arlen: 15 arsize: 2 arprot: 2
INFO cocotb:  13700.00ns INFO     cocotb.axi_dma.m_axis_read_data    RX frame: AxiStreamFrame(tdata=bytearray(b'\x00\x01\x02\x03\x04\x05\x06\x07\x08\t\n\x0b\x0c\r\x0e\x0f\x10\x11\x12\x13\x14\x15\x16\x17\x18\x19\x1a\x1b\x1c\x1d\x1e\x1f !"#$%&\'()*+,-./0123456789:;<=>?'), tkeep=[1, 1, 1, 1, 1, 1, 1, 1, 1, 1, 1, 1, 1, 1, 1, 1, 1, 1, 1, 1, 1, 1, 1, 1, 1, 1, 1, 1, 1, 1, 1, 1, 1, 1, 1, 1, 1, 1, 1, 1, 1, 1, 1, 1, 1, 1, 1, 1, 1, 1, 1, 1, 1, 1, 1, 1, 1, 1, 1, 1, 1, 1, 1, 1], tid=[0, 0, 0, 0, 0, 0, 0, 0, 0, 0, 0, 0, 0, 0, 0, 0, 0, 0, 0, 0, 0, 0, 0, 0, 0, 0, 0, 0, 0, 0, 0, 0, 0, 0, 0, 0, 0, 0, 0, 0, 0, 0, 0, 0, 0, 0, 0, 0, 0, 0, 0, 0, 0, 0, 0, 0, 0, 0, 0, 0, 0, 0, 0, 0], tdest=[0, 0, 0, 0, 0, 0, 0, 0, 0, 0, 0, 0, 0, 0, 0, 0, 0, 0, 0, 0, 0, 0, 0, 0, 0, 0, 0, 0, 0, 0, 0, 0, 0, 0, 0, 0, 0, 0, 0, 0, 0, 0, 0, 0, 0, 0, 0, 0, 0, 0, 0, 0, 0, 0, 0, 0, 0, 0, 0, 0, 0, 0, 0, 0], tuser=[0, 0, 0, 0, 0, 0, 0, 0, 0, 0, 0, 0, 0, 0, 0, 0, 0, 0, 0, 0, 0, 0, 0, 0, 0, 0, 0, 0, 0, 0, 0, 0, 0, 0, 0, 0, 0, 0, 0, 0, 0, 0, 0, 0, 0, 0, 0, 0, 0, 0, 0, 0, 0, 0, 0, 0, 0, 0, 0, 0, 0, 0, 0, 0], sim_time_start=13550000, sim_time_end=13700000)
INFO cocotb:  13710.00ns INFO     cocotb.axi_dma.s_axis_write_data   TX frame: AxiStreamFrame(tdata=bytearray(b'\x00\x01\x02\x03\x04\x05\x06\x07\x08\t\n\x0b\x0c\r\x0e\x0f\x10\x11\x12\x13\x14\x15\x16\x17\x18\x19\x1a\x1b\x1c\x1d\x1e\x1f !"#$%&\'()*+,-./0123456789:;<=>?'), tkeep=None, tid=11, tdest=None, tuser=None, sim_time_start=13710000, sim_time_end=None)
INFO cocotb:  13740.00ns INFO     cocotb.axi_dma.m_axi               Write burst awid: 0x0 awaddr: 0x00009000 awlen: 15 awsize: 2 awprot: 2
INFO cocotb:  13820.00ns INFO     cocotb.axi_dma.m_axi               Read burst arid: 0x0 araddr: 0x00003000 arlen: 15 arsize: 2 arprot: 2
INFO cocotb:  13870.00ns INFO     cocotb.axi_dma.m_axis_read_data    RX frame: AxiStreamFrame(tdata=bytearray(b'\x00\x01\x02\x03\x04\x05\x06\x07\x08\t\n\x0b\x0c\r\x0e\x0f\x10\x11\x12\x13\x14\x15\x16\x17\x18\x19\x1a\x1b\x1c\x1d\x1e\x1f !"#$%&\'()*+,-./0123456789:;<=>?'), tkeep=[1, 1, 1, 1, 1, 1, 1, 1, 1, 1, 1, 1, 1, 1, 1, 1, 1, 1, 1, 1, 1, 1, 1, 1, 1, 1, 1, 1, 1, 1, 1, 1, 1, 1, 1, 1, 1, 1, 1, 1, 1, 1, 1, 1, 1, 1, 1, 1, 1, 1, 1, 1, 1, 1, 1, 1, 1, 1, 1, 1, 1, 1, 1, 1], tid=[0, 0, 0, 0, 0, 0, 0, 0, 0, 0, 0, 0, 0, 0, 0, 0, 0, 0, 0, 0, 0, 0, 0, 0, 0, 0, 0, 0, 0, 0, 0, 0, 0, 0, 0, 0, 0, 0, 0, 0, 0, 0, 0, 0, 0, 0, 0, 0, 0, 0, 0, 0, 0, 0, 0, 0, 0, 0, 0, 0, 0, 0, 0, 0], tdest=[0, 0, 0, 0, 0, 0, 0, 0, 0, 0, 0, 0, 0, 0, 0, 0, 0, 0, 0, 0, 0, 0, 0, 0, 0, 0, 0, 0, 0, 0, 0, 0, 0, 0, 0, 0, 0, 0, 0, 0, 0, 0, 0, 0, 0, 0, 0, 0, 0, 0, 0, 0, 0, 0, 0, 0, 0, 0, 0, 0, 0, 0, 0, 0], tuser=[0, 0, 0, 0, 0, 0, 0, 0, 0, 0, 0, 0, 0, 0, 0, 0, 0, 0, 0, 0, 0, 0, 0, 0, 0, 0, 0, 0, 0, 0, 0, 0, 0, 0, 0, 0, 0, 0, 0, 0, 0, 0, 0, 0, 0, 0, 0, 0, 0, 0, 0, 0, 0, 0, 0, 0, 0, 0, 0, 0, 0, 0, 0, 0], sim_time_start=13720000, sim_time_end=13870000)
INFO cocotb:  13890.00ns INFO     cocotb.axi_dma.s_axis_write_data   TX frame: AxiStreamFrame(tdata=bytearray(b'\x00\x01\x02\x03\x04\x05\x06\x07\x08\t\n\x0b\x0c\r\x0e\x0f\x10\x11\x12\x13\x14\x15\x16\x17\x18\x19\x1a\x1b\x1c\x1d\x1e\x1f !"#$%&\'()*+,-./0123456789:;<=>?'), tkeep=None, tid=12, tdest=None, tuser=None, sim_time_start=13890000, sim_time_end=None)
INFO cocotb:  13920.00ns INFO     cocotb.axi_dma.m_axi               Write burst awid: 0x0 awaddr: 0x0000a000 awlen: 15 awsize: 2 awprot: 2
INFO cocotb:  14040.00ns INFO     cocotb.axi_dma.m_axis_read_data    RX frame: AxiStreamFrame(tdata=bytearray(b'\x00\x01\x02\x03\x04\x05\x06\x07\x08\t\n\x0b\x0c\r\x0e\x0f\x10\x11\x12\x13\x14\x15\x16\x17\x18\x19\x1a\x1b\x1c\x1d\x1e\x1f !"#$%&\'()*+,-./0123456789:;<=>?'), tkeep=[1, 1, 1, 1, 1, 1, 1, 1, 1, 1, 1, 1, 1, 1, 1, 1, 1, 1, 1, 1, 1, 1, 1, 1, 1, 1, 1, 1, 1, 1, 1, 1, 1, 1, 1, 1, 1, 1, 1, 1, 1, 1, 1, 1, 1, 1, 1, 1, 1, 1, 1, 1, 1, 1, 1, 1, 1, 1, 1, 1, 1, 1, 1, 1], tid=[0, 0, 0, 0, 0, 0, 0, 0, 0, 0, 0, 0, 0, 0, 0, 0, 0, 0, 0, 0, 0, 0, 0, 0, 0, 0, 0, 0, 0, 0, 0, 0, 0, 0, 0, 0, 0, 0, 0, 0, 0, 0, 0, 0, 0, 0, 0, 0, 0, 0, 0, 0, 0, 0, 0, 0, 0, 0, 0, 0, 0, 0, 0, 0], tdest=[0, 0, 0, 0, 0, 0, 0, 0, 0, 0, 0, 0, 0, 0, 0, 0, 0, 0, 0, 0, 0, 0, 0, 0, 0, 0, 0, 0, 0, 0, 0, 0, 0, 0, 0, 0, 0, 0, 0, 0, 0, 0, 0, 0, 0, 0, 0, 0, 0, 0, 0, 0, 0, 0, 0, 0, 0, 0, 0, 0, 0, 0, 0, 0], tuser=[0, 0, 0, 0, 0, 0, 0, 0, 0, 0, 0, 0, 0, 0, 0, 0, 0, 0, 0, 0, 0, 0, 0, 0, 0, 0, 0, 0, 0, 0, 0, 0, 0, 0, 0, 0, 0, 0, 0, 0, 0, 0, 0, 0, 0, 0, 0, 0, 0, 0, 0, 0, 0, 0, 0, 0, 0, 0, 0, 0, 0, 0, 0, 0], sim_time_start=13890000, sim_time_end=14040000)
INFO cocotb:  14070.00ns INFO     cocotb.axi_dma.s_axis_write_data   TX frame: AxiStreamFrame(tdata=bytearray(b'\x00\x01\x02\x03\x04\x05\x06\x07\x08\t\n\x0b\x0c\r\x0e\x0f\x10\x11\x12\x13\x14\x15\x16\x17\x18\x19\x1a\x1b\x1c\x1d\x1e\x1f !"#$%&\'()*+,-./0123456789:;<=>?'), tkeep=None, tid=13, tdest=None, tuser=None, sim_time_start=14070000, sim_time_end=None)
INFO cocotb:  14100.00ns INFO     cocotb.axi_dma.m_axi               Write burst awid: 0x0 awaddr: 0x0000b000 awlen: 15 awsize: 2 awprot: 2
INFO cocotb:  26940.00ns INFO     cocotb.axi_dma.m_axi               Read burst arid: 0x0 araddr: 0x00000000 arlen: 15 arsize: 2 arprot: 2
INFO cocotb:  27080.00ns INFO     cocotb.axi_dma.m_axi               Read burst arid: 0x0 araddr: 0x00001000 arlen: 15 arsize: 2 arprot: 2
INFO cocotb:  27130.00ns INFO     cocotb.axi_dma.m_axis_read_data    RX frame: AxiStreamFrame(tdata=bytearray(b'\x00\x01\x02\x03\x04\x05\x06\x07\x08\t\n\x0b\x0c\r\x0e\x0f\x10\x11\x12\x13\x14\x15\x16\x17\x18\x19\x1a\x1b\x1c\x1d\x1e\x1f !"#$%&\'()*+,-./0123456789:;<=>?'), tkeep=[1, 1, 1, 1, 1, 1, 1, 1, 1, 1, 1, 1, 1, 1, 1, 1, 1, 1, 1, 1, 1, 1, 1, 1, 1, 1, 1, 1, 1, 1, 1, 1, 1, 1, 1, 1, 1, 1, 1, 1, 1, 1, 1, 1, 1, 1, 1, 1, 1, 1, 1, 1, 1, 1, 1, 1, 1, 1, 1, 1, 1, 1, 1, 1], tid=[0, 0, 0, 0, 0, 0, 0, 0, 0, 0, 0, 0, 0, 0, 0, 0, 0, 0, 0, 0, 0, 0, 0, 0, 0, 0, 0, 0, 0, 0, 0, 0, 0, 0, 0, 0, 0, 0, 0, 0, 0, 0, 0, 0, 0, 0, 0, 0, 0, 0, 0, 0, 0, 0, 0, 0, 0, 0, 0, 0, 0, 0, 0, 0], tdest=[0, 0, 0, 0, 0, 0, 0, 0, 0, 0, 0, 0, 0, 0, 0, 0, 0, 0, 0, 0, 0, 0, 0, 0, 0, 0, 0, 0, 0, 0, 0, 0, 0, 0, 0, 0, 0, 0, 0, 0, 0, 0, 0, 0, 0, 0, 0, 0, 0, 0, 0, 0, 0, 0, 0, 0, 0, 0, 0, 0, 0, 0, 0, 0], tuser=[0, 0, 0, 0, 0, 0, 0, 0, 0, 0, 0, 0, 0, 0, 0, 0, 0, 0, 0, 0, 0, 0, 0, 0, 0, 0, 0, 0, 0, 0, 0, 0, 0, 0, 0, 0, 0, 0, 0, 0, 0, 0, 0, 0, 0, 0, 0, 0, 0, 0, 0, 0, 0, 0, 0, 0, 0, 0, 0, 0, 0, 0, 0, 0], sim_time_start=26980000, sim_time_end=27130000)
INFO cocotb:  27140.00ns INFO     cocotb.axi_dma.s_axis_write_data   TX frame: AxiStreamFrame(tdata=bytearray(b'\x00\x01\x02\x03\x04\x05\x06\x07\x08\t\n\x0b\x0c\r\x0e\x0f\x10\x11\x12\x13\x14\x15\x16\x17\x18\x19\x1a\x1b\x1c\x1d\x1e\x1f !"#$%&\'()*+,-./0123456789:;<=>?'), tkeep=None, tid=14, tdest=None, tuser=None, sim_time_start=27140000, sim_time_end=None)
INFO cocotb:  27160.00ns INFO     cocotb.axi_dma.m_axi               Write burst awid: 0x0 awaddr: 0x00008000 awlen: 15 awsize: 2 awprot: 2
INFO cocotb:  27250.00ns INFO     cocotb.axi_dma.m_axi               Read burst arid: 0x0 araddr: 0x00002000 arlen: 15 arsize: 2 arprot: 2
INFO cocotb:  27300.00ns INFO     cocotb.axi_dma.m_axis_read_data    RX frame: AxiStreamFrame(tdata=bytearray(b'\x00\x01\x02\x03\x04\x05\x06\x07\x08\t\n\x0b\x0c\r\x0e\x0f\x10\x11\x12\x13\x14\x15\x16\x17\x18\x19\x1a\x1b\x1c\x1d\x1e\x1f !"#$%&\'()*+,-./0123456789:;<=>?'), tkeep=[1, 1, 1, 1, 1, 1, 1, 1, 1, 1, 1, 1, 1, 1, 1, 1, 1, 1, 1, 1, 1, 1, 1, 1, 1, 1, 1, 1, 1, 1, 1, 1, 1, 1, 1, 1, 1, 1, 1, 1, 1, 1, 1, 1, 1, 1, 1, 1, 1, 1, 1, 1, 1, 1, 1, 1, 1, 1, 1, 1, 1, 1, 1, 1], tid=[0, 0, 0, 0, 0, 0, 0, 0, 0, 0, 0, 0, 0, 0, 0, 0, 0, 0, 0, 0, 0, 0, 0, 0, 0, 0, 0, 0, 0, 0, 0, 0, 0, 0, 0, 0, 0, 0, 0, 0, 0, 0, 0, 0, 0, 0, 0, 0, 0, 0, 0, 0, 0, 0, 0, 0, 0, 0, 0, 0, 0, 0, 0, 0], tdest=[0, 0, 0, 0, 0, 0, 0, 0, 0, 0, 0, 0, 0, 0, 0, 0, 0, 0, 0, 0, 0, 0, 0, 0, 0, 0, 0, 0, 0, 0, 0, 0, 0, 0, 0, 0, 0, 0, 0, 0, 0, 0, 0, 0, 0, 0, 0, 0, 0, 0, 0, 0, 0, 0, 0, 0, 0, 0, 0, 0, 0, 0, 0, 0], tuser=[0, 0, 0, 0, 0, 0, 0, 0, 0, 0, 0, 0, 0, 0, 0, 0, 0, 0, 0, 0, 0, 0, 0, 0, 0, 0, 0, 0, 0, 0, 0, 0, 0, 0, 0, 0, 0, 0, 0, 0, 0, 0, 0, 0, 0, 0, 0, 0, 0, 0, 0, 0, 0, 0, 0, 0, 0, 0, 0, 0, 0, 0, 0, 0], sim_time_start=27150000, sim_time_end=27300000)
INFO cocotb:  27310.00ns INFO     cocotb.axi_dma.s_axis_write_data   TX frame: AxiStreamFrame(tdata=bytearray(b'\x00\x01\x02\x03\x04\x05\x06\x07\x08\t\n\x0b\x0c\r\x0e\x0f\x10\x11\x12\x13\x14\x15\x16\x17\x18\x19\x1a\x1b\x1c\x1d\x1e\x1f !"#$%&\'()*+,-./0123456789:;<=>?'), tkeep=None, tid=15, tdest=None, tuser=None, sim_time_start=27310000, sim_time_end=None)
INFO cocotb:  27340.00ns INFO     cocotb.axi_dma.m_axi               Write burst awid: 0x0 awaddr: 0x00009000 awlen: 15 awsize: 2 awprot: 2
INFO cocotb:  27470.00ns INFO     cocotb.axi_dma.m_axis_read_data    RX frame: AxiStreamFrame(tdata=bytearray(b'\x00\x01\x02\x03\x04\x05\x06\x07\x08\t\n\x0b\x0c\r\x0e\x0f\x10\x11\x12\x13\x14\x15\x16\x17\x18\x19\x1a\x1b\x1c\x1d\x1e\x1f !"#$%&\'()*+,-./0123456789:;<=>?'), tkeep=[1, 1, 1, 1, 1, 1, 1, 1, 1, 1, 1, 1, 1, 1, 1, 1, 1, 1, 1, 1, 1, 1, 1, 1, 1, 1, 1, 1, 1, 1, 1, 1, 1, 1, 1, 1, 1, 1, 1, 1, 1, 1, 1, 1, 1, 1, 1, 1, 1, 1, 1, 1, 1, 1, 1, 1, 1, 1, 1, 1, 1, 1, 1, 1], tid=[0, 0, 0, 0, 0, 0, 0, 0, 0, 0, 0, 0, 0, 0, 0, 0, 0, 0, 0, 0, 0, 0, 0, 0, 0, 0, 0, 0, 0, 0, 0, 0, 0, 0, 0, 0, 0, 0, 0, 0, 0, 0, 0, 0, 0, 0, 0, 0, 0, 0, 0, 0, 0, 0, 0, 0, 0, 0, 0, 0, 0, 0, 0, 0], tdest=[0, 0, 0, 0, 0, 0, 0, 0, 0, 0, 0, 0, 0, 0, 0, 0, 0, 0, 0, 0, 0, 0, 0, 0, 0, 0, 0, 0, 0, 0, 0, 0, 0, 0, 0, 0, 0, 0, 0, 0, 0, 0, 0, 0, 0, 0, 0, 0, 0, 0, 0, 0, 0, 0, 0, 0, 0, 0, 0, 0, 0, 0, 0, 0], tuser=[0, 0, 0, 0, 0, 0, 0, 0, 0, 0, 0, 0, 0, 0, 0, 0, 0, 0, 0, 0, 0, 0, 0, 0, 0, 0, 0, 0, 0, 0, 0, 0, 0, 0, 0, 0, 0, 0, 0, 0, 0, 0, 0, 0, 0, 0, 0, 0, 0, 0, 0, 0, 0, 0, 0, 0, 0, 0, 0, 0, 0, 0, 0, 0], sim_time_start=27320000, sim_time_end=27470000)
INFO cocotb:  27490.00ns INFO     cocotb.axi_dma.s_axis_write_data   TX frame: AxiStreamFrame(tdata=bytearray(b'\x00\x01\x02\x03\x04\x05\x06\x07\x08\t\n\x0b\x0c\r\x0e\x0f\x10\x11\x12\x13\x14\x15\x16\x17\x18\x19\x1a\x1b\x1c\x1d\x1e\x1f !"#$%&\'()*+,-./0123456789:;<=>?'), tkeep=None, tid=16, tdest=None, tuser=None, sim_time_start=27490000, sim_time_end=None)
INFO cocotb:  27520.00ns INFO     cocotb.axi_dma.m_axi               Write burst awid: 0x0 awaddr: 0x0000a000 awlen: 15 awsize: 2 awprot: 2
INFO cocotb:  27760.00ns INFO     cocotb.axi_dma.m_axi               Read burst arid: 0x0 araddr: 0x00000000 arlen: 15 arsize: 2 arprot: 2
INFO cocotb:  27900.00ns INFO     cocotb.axi_dma.m_axi               Read burst arid: 0x0 araddr: 0x00001000 arlen: 15 arsize: 2 arprot: 2
INFO cocotb:  27950.00ns INFO     cocotb.axi_dma.m_axis_read_data    RX frame: AxiStreamFrame(tdata=bytearray(b'\x00\x01\x02\x03\x04\x05\x06\x07\x08\t\n\x0b\x0c\r\x0e\x0f\x10\x11\x12\x13\x14\x15\x16\x17\x18\x19\x1a\x1b\x1c\x1d\x1e\x1f !"#$%&\'()*+,-./0123456789:;<=>?'), tkeep=[1, 1, 1, 1, 1, 1, 1, 1, 1, 1, 1, 1, 1, 1, 1, 1, 1, 1, 1, 1, 1, 1, 1, 1, 1, 1, 1, 1, 1, 1, 1, 1, 1, 1, 1, 1, 1, 1, 1, 1, 1, 1, 1, 1, 1, 1, 1, 1, 1, 1, 1, 1, 1, 1, 1, 1, 1, 1, 1, 1, 1, 1, 1, 1], tid=[0, 0, 0, 0, 0, 0, 0, 0, 0, 0, 0, 0, 0, 0, 0, 0, 0, 0, 0, 0, 0, 0, 0, 0, 0, 0, 0, 0, 0, 0, 0, 0, 0, 0, 0, 0, 0, 0, 0, 0, 0, 0, 0, 0, 0, 0, 0, 0, 0, 0, 0, 0, 0, 0, 0, 0, 0, 0, 0, 0, 0, 0, 0, 0], tdest=[0, 0, 0, 0, 0, 0, 0, 0, 0, 0, 0, 0, 0, 0, 0, 0, 0, 0, 0, 0, 0, 0, 0, 0, 0, 0, 0, 0, 0, 0, 0, 0, 0, 0, 0, 0, 0, 0, 0, 0, 0, 0, 0, 0, 0, 0, 0, 0, 0, 0, 0, 0, 0, 0, 0, 0, 0, 0, 0, 0, 0, 0, 0, 0], tuser=[0, 0, 0, 0, 0, 0, 0, 0, 0, 0, 0, 0, 0, 0, 0, 0, 0, 0, 0, 0, 0, 0, 0, 0, 0, 0, 0, 0, 0, 0, 0, 0, 0, 0, 0, 0, 0, 0, 0, 0, 0, 0, 0, 0, 0, 0, 0, 0, 0, 0, 0, 0, 0, 0, 0, 0, 0, 0, 0, 0, 0, 0, 0, 0], sim_time_start=27800000, sim_time_end=27950000)
INFO cocotb:  27960.00ns INFO     cocotb.axi_dma.s_axis_write_data   TX frame: AxiStreamFrame(tdata=bytearray(b'\x00\x01\x02\x03\x04\x05\x06\x07\x08\t\n\x0b\x0c\r\x0e\x0f\x10\x11\x12\x13\x14\x15\x16\x17\x18\x19\x1a\x1b\x1c\x1d\x1e\x1f !"#$%&\'()*+,-./0123456789:;<=>?'), tkeep=None, tid=17, tdest=None, tuser=None, sim_time_start=27960000, sim_time_end=None)
INFO cocotb:  27980.00ns INFO     cocotb.axi_dma.m_axi               Write burst awid: 0x0 awaddr: 0x00008000 awlen: 15 awsize: 2 awprot: 2
INFO cocotb:  28070.00ns INFO     cocotb.axi_dma.m_axi               Read burst arid: 0x0 araddr: 0x00002000 arlen: 15 arsize: 2 arprot: 2
INFO cocotb:  28120.00ns INFO     cocotb.axi_dma.m_axis_read_data    RX frame: AxiStreamFrame(tdata=bytearray(b'\x00\x01\x02\x03\x04\x05\x06\x07\x08\t\n\x0b\x0c\r\x0e\x0f\x10\x11\x12\x13\x14\x15\x16\x17\x18\x19\x1a\x1b\x1c\x1d\x1e\x1f !"#$%&\'()*+,-./0123456789:;<=>?'), tkeep=[1, 1, 1, 1, 1, 1, 1, 1, 1, 1, 1, 1, 1, 1, 1, 1, 1, 1, 1, 1, 1, 1, 1, 1, 1, 1, 1, 1, 1, 1, 1, 1, 1, 1, 1, 1, 1, 1, 1, 1, 1, 1, 1, 1, 1, 1, 1, 1, 1, 1, 1, 1, 1, 1, 1, 1, 1, 1, 1, 1, 1, 1, 1, 1], tid=[0, 0, 0, 0, 0, 0, 0, 0, 0, 0, 0, 0, 0, 0, 0, 0, 0, 0, 0, 0, 0, 0, 0, 0, 0, 0, 0, 0, 0, 0, 0, 0, 0, 0, 0, 0, 0, 0, 0, 0, 0, 0, 0, 0, 0, 0, 0, 0, 0, 0, 0, 0, 0, 0, 0, 0, 0, 0, 0, 0, 0, 0, 0, 0], tdest=[0, 0, 0, 0, 0, 0, 0, 0, 0, 0, 0, 0, 0, 0, 0, 0, 0, 0, 0, 0, 0, 0, 0, 0, 0, 0, 0, 0, 0, 0, 0, 0, 0, 0, 0, 0, 0, 0, 0, 0, 0, 0, 0, 0, 0, 0, 0, 0, 0, 0, 0, 0, 0, 0, 0, 0, 0, 0, 0, 0, 0, 0, 0, 0], tuser=[0, 0, 0, 0, 0, 0, 0, 0, 0, 0, 0, 0, 0, 0, 0, 0, 0, 0, 0, 0, 0, 0, 0, 0, 0, 0, 0, 0, 0, 0, 0, 0, 0, 0, 0, 0, 0, 0, 0, 0, 0, 0, 0, 0, 0, 0, 0, 0, 0, 0, 0, 0, 0, 0, 0, 0, 0, 0, 0, 0, 0, 0, 0, 0], sim_time_start=27970000, sim_time_end=28120000)
INFO cocotb:  28130.00ns INFO     cocotb.axi_dma.s_axis_write_data   TX frame: AxiStreamFrame(tdata=bytearray(b'\x00\x01\x02\x03\x04\x05\x06\x07\x08\t\n\x0b\x0c\r\x0e\x0f\x10\x11\x12\x13\x14\x15\x16\x17\x18\x19\x1a\x1b\x1c\x1d\x1e\x1f !"#$%&\'()*+,-./0123456789:;<=>?'), tkeep=None, tid=18, tdest=None, tuser=None, sim_time_start=28130000, sim_time_end=None)
INFO cocotb:  28160.00ns INFO     cocotb.axi_dma.m_axi               Write burst awid: 0x0 awaddr: 0x00009000 awlen: 15 awsize: 2 awprot: 2
INFO cocotb:  28240.00ns INFO     cocotb.axi_dma.m_axi               Read burst arid: 0x0 araddr: 0x00003000 arlen: 15 arsize: 2 arprot: 2
INFO cocotb:  28290.00ns INFO     cocotb.axi_dma.m_axis_read_data    RX frame: AxiStreamFrame(tdata=bytearray(b'\x00\x01\x02\x03\x04\x05\x06\x07\x08\t\n\x0b\x0c\r\x0e\x0f\x10\x11\x12\x13\x14\x15\x16\x17\x18\x19\x1a\x1b\x1c\x1d\x1e\x1f !"#$%&\'()*+,-./0123456789:;<=>?'), tkeep=[1, 1, 1, 1, 1, 1, 1, 1, 1, 1, 1, 1, 1, 1, 1, 1, 1, 1, 1, 1, 1, 1, 1, 1, 1, 1, 1, 1, 1, 1, 1, 1, 1, 1, 1, 1, 1, 1, 1, 1, 1, 1, 1, 1, 1, 1, 1, 1, 1, 1, 1, 1, 1, 1, 1, 1, 1, 1, 1, 1, 1, 1, 1, 1], tid=[0, 0, 0, 0, 0, 0, 0, 0, 0, 0, 0, 0, 0, 0, 0, 0, 0, 0, 0, 0, 0, 0, 0, 0, 0, 0, 0, 0, 0, 0, 0, 0, 0, 0, 0, 0, 0, 0, 0, 0, 0, 0, 0, 0, 0, 0, 0, 0, 0, 0, 0, 0, 0, 0, 0, 0, 0, 0, 0, 0, 0, 0, 0, 0], tdest=[0, 0, 0, 0, 0, 0, 0, 0, 0, 0, 0, 0, 0, 0, 0, 0, 0, 0, 0, 0, 0, 0, 0, 0, 0, 0, 0, 0, 0, 0, 0, 0, 0, 0, 0, 0, 0, 0, 0, 0, 0, 0, 0, 0, 0, 0, 0, 0, 0, 0, 0, 0, 0, 0, 0, 0, 0, 0, 0, 0, 0, 0, 0, 0], tuser=[0, 0, 0, 0, 0, 0, 0, 0, 0, 0, 0, 0, 0, 0, 0, 0, 0, 0, 0, 0, 0, 0, 0, 0, 0, 0, 0, 0, 0, 0, 0, 0, 0, 0, 0, 0, 0, 0, 0, 0, 0, 0, 0, 0, 0, 0, 0, 0, 0, 0, 0, 0, 0, 0, 0, 0, 0, 0, 0, 0, 0, 0, 0, 0], sim_time_start=28140000, sim_time_end=28290000)
INFO cocotb:  28310.00ns INFO     cocotb.axi_dma.s_axis_write_data   TX frame: AxiStreamFrame(tdata=bytearray(b'\x00\x01\x02\x03\x04\x05\x06\x07\x08\t\n\x0b\x0c\r\x0e\x0f\x10\x11\x12\x13\x14\x15\x16\x17\x18\x19\x1a\x1b\x1c\x1d\x1e\x1f !"#$%&\'()*+,-./0123456789:;<=>?'), tkeep=None, tid=19, tdest=None, tuser=None, sim_time_start=28310000, sim_time_end=None)
INFO cocotb:  28340.00ns INFO     cocotb.axi_dma.m_axi               Write burst awid: 0x0 awaddr: 0x0000a000 awlen: 15 awsize: 2 awprot: 2
INFO cocotb:  28410.00ns INFO     cocotb.axi_dma.m_axi               Read burst arid: 0x0 araddr: 0x00004000 arlen: 15 arsize: 2 arprot: 2
INFO cocotb:  28460.00ns INFO     cocotb.axi_dma.m_axis_read_data    RX frame: AxiStreamFrame(tdata=bytearray(b'\x00\x01\x02\x03\x04\x05\x06\x07\x08\t\n\x0b\x0c\r\x0e\x0f\x10\x11\x12\x13\x14\x15\x16\x17\x18\x19\x1a\x1b\x1c\x1d\x1e\x1f !"#$%&\'()*+,-./0123456789:;<=>?'), tkeep=[1, 1, 1, 1, 1, 1, 1, 1, 1, 1, 1, 1, 1, 1, 1, 1, 1, 1, 1, 1, 1, 1, 1, 1, 1, 1, 1, 1, 1, 1, 1, 1, 1, 1, 1, 1, 1, 1, 1, 1, 1, 1, 1, 1, 1, 1, 1, 1, 1, 1, 1, 1, 1, 1, 1, 1, 1, 1, 1, 1, 1, 1, 1, 1], tid=[0, 0, 0, 0, 0, 0, 0, 0, 0, 0, 0, 0, 0, 0, 0, 0, 0, 0, 0, 0, 0, 0, 0, 0, 0, 0, 0, 0, 0, 0, 0, 0, 0, 0, 0, 0, 0, 0, 0, 0, 0, 0, 0, 0, 0, 0, 0, 0, 0, 0, 0, 0, 0, 0, 0, 0, 0, 0, 0, 0, 0, 0, 0, 0], tdest=[0, 0, 0, 0, 0, 0, 0, 0, 0, 0, 0, 0, 0, 0, 0, 0, 0, 0, 0, 0, 0, 0, 0, 0, 0, 0, 0, 0, 0, 0, 0, 0, 0, 0, 0, 0, 0, 0, 0, 0, 0, 0, 0, 0, 0, 0, 0, 0, 0, 0, 0, 0, 0, 0, 0, 0, 0, 0, 0, 0, 0, 0, 0, 0], tuser=[0, 0, 0, 0, 0, 0, 0, 0, 0, 0, 0, 0, 0, 0, 0, 0, 0, 0, 0, 0, 0, 0, 0, 0, 0, 0, 0, 0, 0, 0, 0, 0, 0, 0, 0, 0, 0, 0, 0, 0, 0, 0, 0, 0, 0, 0, 0, 0, 0, 0, 0, 0, 0, 0, 0, 0, 0, 0, 0, 0, 0, 0, 0, 0], sim_time_start=28310000, sim_time_end=28460000)
INFO cocotb:  28490.00ns INFO     cocotb.axi_dma.s_axis_write_data   TX frame: AxiStreamFrame(tdata=bytearray(b'\x00\x01\x02\x03\x04\x05\x06\x07\x08\t\n\x0b\x0c\r\x0e\x0f\x10\x11\x12\x13\x14\x15\x16\x17\x18\x19\x1a\x1b\x1c\x1d\x1e\x1f !"#$%&\'()*+,-./0123456789:;<=>?'), tkeep=None, tid=20, tdest=None, tuser=None, sim_time_start=28490000, sim_time_end=None)
INFO cocotb:  28520.00ns INFO     cocotb.axi_dma.m_axi               Write burst awid: 0x0 awaddr: 0x0000b000 awlen: 15 awsize: 2 awprot: 2
INFO cocotb:  28630.00ns INFO     cocotb.axi_dma.m_axis_read_data    RX frame: AxiStreamFrame(tdata=bytearray(b'\x00\x01\x02\x03\x04\x05\x06\x07\x08\t\n\x0b\x0c\r\x0e\x0f\x10\x11\x12\x13\x14\x15\x16\x17\x18\x19\x1a\x1b\x1c\x1d\x1e\x1f !"#$%&\'()*+,-./0123456789:;<=>?'), tkeep=[1, 1, 1, 1, 1, 1, 1, 1, 1, 1, 1, 1, 1, 1, 1, 1, 1, 1, 1, 1, 1, 1, 1, 1, 1, 1, 1, 1, 1, 1, 1, 1, 1, 1, 1, 1, 1, 1, 1, 1, 1, 1, 1, 1, 1, 1, 1, 1, 1, 1, 1, 1, 1, 1, 1, 1, 1, 1, 1, 1, 1, 1, 1, 1], tid=[0, 0, 0, 0, 0, 0, 0, 0, 0, 0, 0, 0, 0, 0, 0, 0, 0, 0, 0, 0, 0, 0, 0, 0, 0, 0, 0, 0, 0, 0, 0, 0, 0, 0, 0, 0, 0, 0, 0, 0, 0, 0, 0, 0, 0, 0, 0, 0, 0, 0, 0, 0, 0, 0, 0, 0, 0, 0, 0, 0, 0, 0, 0, 0], tdest=[0, 0, 0, 0, 0, 0, 0, 0, 0, 0, 0, 0, 0, 0, 0, 0, 0, 0, 0, 0, 0, 0, 0, 0, 0, 0, 0, 0, 0, 0, 0, 0, 0, 0, 0, 0, 0, 0, 0, 0, 0, 0, 0, 0, 0, 0, 0, 0, 0, 0, 0, 0, 0, 0, 0, 0, 0, 0, 0, 0, 0, 0, 0, 0], tuser=[0, 0, 0, 0, 0, 0, 0, 0, 0, 0, 0, 0, 0, 0, 0, 0, 0, 0, 0, 0, 0, 0, 0, 0, 0, 0, 0, 0, 0, 0, 0, 0, 0, 0, 0, 0, 0, 0, 0, 0, 0, 0, 0, 0, 0, 0, 0, 0, 0, 0, 0, 0, 0, 0, 0, 0, 0, 0, 0, 0, 0, 0, 0, 0], sim_time_start=28480000, sim_time_end=28630000)
INFO cocotb:  28670.00ns INFO     cocotb.axi_dma.s_axis_write_data   TX frame: AxiStreamFrame(tdata=bytearray(b'\x00\x01\x02\x03\x04\x05\x06\x07\x08\t\n\x0b\x0c\r\x0e\x0f\x10\x11\x12\x13\x14\x15\x16\x17\x18\x19\x1a\x1b\x1c\x1d\x1e\x1f !"#$%&\'()*+,-./0123456789:;<=>?'), tkeep=None, tid=21, tdest=None, tuser=None, sim_time_start=28670000, sim_time_end=None)
INFO cocotb:  28700.00ns INFO     cocotb.axi_dma.m_axi               Write burst awid: 0x0 awaddr: 0x0000c000 awlen: 15 awsize: 2 awprot: 2
INFO cocotb:  30300.00ns INFO     cocotb.axi_dma.m_axi               Read burst arid: 0x0 araddr: 0x00000000 arlen: 15 arsize: 2 arprot: 2
INFO cocotb:  30440.00ns INFO     cocotb.axi_dma.m_axi               Read burst arid: 0x0 araddr: 0x00001000 arlen: 15 arsize: 2 arprot: 2
INFO cocotb:  30490.00ns INFO     cocotb.axi_dma.m_axis_read_data    RX frame: AxiStreamFrame(tdata=bytearray(b'\x00\x01\x02\x03\x04\x05\x06\x07\x08\t\n\x0b\x0c\r\x0e\x0f\x10\x11\x12\x13\x14\x15\x16\x17\x18\x19\x1a\x1b\x1c\x1d\x1e\x1f !"#$%&\'()*+,-./0123456789:;<=>?'), tkeep=[1, 1, 1, 1, 1, 1, 1, 1, 1, 1, 1, 1, 1, 1, 1, 1, 1, 1, 1, 1, 1, 1, 1, 1, 1, 1, 1, 1, 1, 1, 1, 1, 1, 1, 1, 1, 1, 1, 1, 1, 1, 1, 1, 1, 1, 1, 1, 1, 1, 1, 1, 1, 1, 1, 1, 1, 1, 1, 1, 1, 1, 1, 1, 1], tid=[0, 0, 0, 0, 0, 0, 0, 0, 0, 0, 0, 0, 0, 0, 0, 0, 0, 0, 0, 0, 0, 0, 0, 0, 0, 0, 0, 0, 0, 0, 0, 0, 0, 0, 0, 0, 0, 0, 0, 0, 0, 0, 0, 0, 0, 0, 0, 0, 0, 0, 0, 0, 0, 0, 0, 0, 0, 0, 0, 0, 0, 0, 0, 0], tdest=[0, 0, 0, 0, 0, 0, 0, 0, 0, 0, 0, 0, 0, 0, 0, 0, 0, 0, 0, 0, 0, 0, 0, 0, 0, 0, 0, 0, 0, 0, 0, 0, 0, 0, 0, 0, 0, 0, 0, 0, 0, 0, 0, 0, 0, 0, 0, 0, 0, 0, 0, 0, 0, 0, 0, 0, 0, 0, 0, 0, 0, 0, 0, 0], tuser=[0, 0, 0, 0, 0, 0, 0, 0, 0, 0, 0, 0, 0, 0, 0, 0, 0, 0, 0, 0, 0, 0, 0, 0, 0, 0, 0, 0, 0, 0, 0, 0, 0, 0, 0, 0, 0, 0, 0, 0, 0, 0, 0, 0, 0, 0, 0, 0, 0, 0, 0, 0, 0, 0, 0, 0, 0, 0, 0, 0, 0, 0, 0, 0], sim_time_start=30340000, sim_time_end=30490000)
INFO cocotb:  30500.00ns INFO     cocotb.axi_dma.s_axis_write_data   TX frame: AxiStreamFrame(tdata=bytearray(b'\x00\x01\x02\x03\x04\x05\x06\x07\x08\t\n\x0b\x0c\r\x0e\x0f\x10\x11\x12\x13\x14\x15\x16\x17\x18\x19\x1a\x1b\x1c\x1d\x1e\x1f !"#$%&\'()*+,-./0123456789:;<=>?'), tkeep=None, tid=22, tdest=None, tuser=None, sim_time_start=30500000, sim_time_end=None)
INFO cocotb:  30520.00ns INFO     cocotb.axi_dma.m_axi               Write burst awid: 0x0 awaddr: 0x00008000 awlen: 15 awsize: 2 awprot: 2
INFO cocotb:  30660.00ns INFO     cocotb.axi_dma.m_axis_read_data    RX frame: AxiStreamFrame(tdata=bytearray(b'\x00\x01\x02\x03\x04\x05\x06\x07\x08\t\n\x0b\x0c\r\x0e\x0f\x10\x11\x12\x13\x14\x15\x16\x17\x18\x19\x1a\x1b\x1c\x1d\x1e\x1f !"#$%&\'()*+,-./0123456789:;<=>?'), tkeep=[1, 1, 1, 1, 1, 1, 1, 1, 1, 1, 1, 1, 1, 1, 1, 1, 1, 1, 1, 1, 1, 1, 1, 1, 1, 1, 1, 1, 1, 1, 1, 1, 1, 1, 1, 1, 1, 1, 1, 1, 1, 1, 1, 1, 1, 1, 1, 1, 1, 1, 1, 1, 1, 1, 1, 1, 1, 1, 1, 1, 1, 1, 1, 1], tid=[0, 0, 0, 0, 0, 0, 0, 0, 0, 0, 0, 0, 0, 0, 0, 0, 0, 0, 0, 0, 0, 0, 0, 0, 0, 0, 0, 0, 0, 0, 0, 0, 0, 0, 0, 0, 0, 0, 0, 0, 0, 0, 0, 0, 0, 0, 0, 0, 0, 0, 0, 0, 0, 0, 0, 0, 0, 0, 0, 0, 0, 0, 0, 0], tdest=[0, 0, 0, 0, 0, 0, 0, 0, 0, 0, 0, 0, 0, 0, 0, 0, 0, 0, 0, 0, 0, 0, 0, 0, 0, 0, 0, 0, 0, 0, 0, 0, 0, 0, 0, 0, 0, 0, 0, 0, 0, 0, 0, 0, 0, 0, 0, 0, 0, 0, 0, 0, 0, 0, 0, 0, 0, 0, 0, 0, 0, 0, 0, 0], tuser=[0, 0, 0, 0, 0, 0, 0, 0, 0, 0, 0, 0, 0, 0, 0, 0, 0, 0, 0, 0, 0, 0, 0, 0, 0, 0, 0, 0, 0, 0, 0, 0, 0, 0, 0, 0, 0, 0, 0, 0, 0, 0, 0, 0, 0, 0, 0, 0, 0, 0, 0, 0, 0, 0, 0, 0, 0, 0, 0, 0, 0, 0, 0, 0], sim_time_start=30510000, sim_time_end=30660000)
INFO cocotb:  30670.00ns INFO     cocotb.axi_dma.s_axis_write_data   TX frame: AxiStreamFrame(tdata=bytearray(b'\x00\x01\x02\x03\x04\x05\x06\x07\x08\t\n\x0b\x0c\r\x0e\x0f\x10\x11\x12\x13\x14\x15\x16\x17\x18\x19\x1a\x1b\x1c\x1d\x1e\x1f !"#$%&\'()*+,-./0123456789:;<=>?'), tkeep=None, tid=23, tdest=None, tuser=None, sim_time_start=30670000, sim_time_end=None)
INFO cocotb:  30700.00ns INFO     cocotb.axi_dma.m_axi               Write burst awid: 0x0 awaddr: 0x00009000 awlen: 15 awsize: 2 awprot: 2
INFO cocotb:  33710.00ns INFO     cocotb.axi_dma.m_axi               Read burst arid: 0x0 araddr: 0x00000000 arlen: 15 arsize: 2 arprot: 2
INFO cocotb:  33900.00ns INFO     cocotb.axi_dma.m_axis_read_data    RX frame: AxiStreamFrame(tdata=bytearray(b'\x00\x01\x02\x03\x04\x05\x06\x07\x08\t\n\x0b\x0c\r\x0e\x0f\x10\x11\x12\x13\x14\x15\x16\x17\x18\x19\x1a\x1b\x1c\x1d\x1e\x1f !"#$%&\'()*+,-./0123456789:;<=>?'), tkeep=[1, 1, 1, 1, 1, 1, 1, 1, 1, 1, 1, 1, 1, 1, 1, 1, 1, 1, 1, 1, 1, 1, 1, 1, 1, 1, 1, 1, 1, 1, 1, 1, 1, 1, 1, 1, 1, 1, 1, 1, 1, 1, 1, 1, 1, 1, 1, 1, 1, 1, 1, 1, 1, 1, 1, 1, 1, 1, 1, 1, 1, 1, 1, 1], tid=[0, 0, 0, 0, 0, 0, 0, 0, 0, 0, 0, 0, 0, 0, 0, 0, 0, 0, 0, 0, 0, 0, 0, 0, 0, 0, 0, 0, 0, 0, 0, 0, 0, 0, 0, 0, 0, 0, 0, 0, 0, 0, 0, 0, 0, 0, 0, 0, 0, 0, 0, 0, 0, 0, 0, 0, 0, 0, 0, 0, 0, 0, 0, 0], tdest=[0, 0, 0, 0, 0, 0, 0, 0, 0, 0, 0, 0, 0, 0, 0, 0, 0, 0, 0, 0, 0, 0, 0, 0, 0, 0, 0, 0, 0, 0, 0, 0, 0, 0, 0, 0, 0, 0, 0, 0, 0, 0, 0, 0, 0, 0, 0, 0, 0, 0, 0, 0, 0, 0, 0, 0, 0, 0, 0, 0, 0, 0, 0, 0], tuser=[0, 0, 0, 0, 0, 0, 0, 0, 0, 0, 0, 0, 0, 0, 0, 0, 0, 0, 0, 0, 0, 0, 0, 0, 0, 0, 0, 0, 0, 0, 0, 0, 0, 0, 0, 0, 0, 0, 0, 0, 0, 0, 0, 0, 0, 0, 0, 0, 0, 0, 0, 0, 0, 0, 0, 0, 0, 0, 0, 0, 0, 0, 0, 0], sim_time_start=33750000, sim_time_end=33900000)
INFO cocotb:  33910.00ns INFO     cocotb.axi_dma.s_axis_write_data   TX frame: AxiStreamFrame(tdata=bytearray(b'\x00\x01\x02\x03\x04\x05\x06\x07\x08\t\n\x0b\x0c\r\x0e\x0f\x10\x11\x12\x13\x14\x15\x16\x17\x18\x19\x1a\x1b\x1c\x1d\x1e\x1f !"#$%&\'()*+,-./0123456789:;<=>?'), tkeep=None, tid=24, tdest=None, tuser=None, sim_time_start=33910000, sim_time_end=None)
INFO cocotb:  33930.00ns INFO     cocotb.axi_dma.m_axi               Write burst awid: 0x0 awaddr: 0x00008000 awlen: 15 awsize: 2 awprot: 2
INFO cocotb:  34170.00ns INFO     cocotb.axi_dma.m_axi               Read burst arid: 0x0 araddr: 0x00000000 arlen: 15 arsize: 2 arprot: 2
INFO cocotb:  34310.00ns INFO     cocotb.axi_dma.m_axi               Read burst arid: 0x0 araddr: 0x00001000 arlen: 15 arsize: 2 arprot: 2
INFO cocotb:  34360.00ns INFO     cocotb.axi_dma.m_axis_read_data    RX frame: AxiStreamFrame(tdata=bytearray(b'\x00\x01\x02\x03\x04\x05\x06\x07\x08\t\n\x0b\x0c\r\x0e\x0f\x10\x11\x12\x13\x14\x15\x16\x17\x18\x19\x1a\x1b\x1c\x1d\x1e\x1f !"#$%&\'()*+,-./0123456789:;<=>?'), tkeep=[1, 1, 1, 1, 1, 1, 1, 1, 1, 1, 1, 1, 1, 1, 1, 1, 1, 1, 1, 1, 1, 1, 1, 1, 1, 1, 1, 1, 1, 1, 1, 1, 1, 1, 1, 1, 1, 1, 1, 1, 1, 1, 1, 1, 1, 1, 1, 1, 1, 1, 1, 1, 1, 1, 1, 1, 1, 1, 1, 1, 1, 1, 1, 1], tid=[0, 0, 0, 0, 0, 0, 0, 0, 0, 0, 0, 0, 0, 0, 0, 0, 0, 0, 0, 0, 0, 0, 0, 0, 0, 0, 0, 0, 0, 0, 0, 0, 0, 0, 0, 0, 0, 0, 0, 0, 0, 0, 0, 0, 0, 0, 0, 0, 0, 0, 0, 0, 0, 0, 0, 0, 0, 0, 0, 0, 0, 0, 0, 0], tdest=[0, 0, 0, 0, 0, 0, 0, 0, 0, 0, 0, 0, 0, 0, 0, 0, 0, 0, 0, 0, 0, 0, 0, 0, 0, 0, 0, 0, 0, 0, 0, 0, 0, 0, 0, 0, 0, 0, 0, 0, 0, 0, 0, 0, 0, 0, 0, 0, 0, 0, 0, 0, 0, 0, 0, 0, 0, 0, 0, 0, 0, 0, 0, 0], tuser=[0, 0, 0, 0, 0, 0, 0, 0, 0, 0, 0, 0, 0, 0, 0, 0, 0, 0, 0, 0, 0, 0, 0, 0, 0, 0, 0, 0, 0, 0, 0, 0, 0, 0, 0, 0, 0, 0, 0, 0, 0, 0, 0, 0, 0, 0, 0, 0, 0, 0, 0, 0, 0, 0, 0, 0, 0, 0, 0, 0, 0, 0, 0, 0], sim_time_start=34210000, sim_time_end=34360000)
INFO cocotb:  34370.00ns INFO     cocotb.axi_dma.s_axis_write_data   TX frame: AxiStreamFrame(tdata=bytearray(b'\x00\x01\x02\x03\x04\x05\x06\x07\x08\t\n\x0b\x0c\r\x0e\x0f\x10\x11\x12\x13\x14\x15\x16\x17\x18\x19\x1a\x1b\x1c\x1d\x1e\x1f !"#$%&\'()*+,-./0123456789:;<=>?'), tkeep=None, tid=25, tdest=None, tuser=None, sim_time_start=34370000, sim_time_end=None)
INFO cocotb:  34390.00ns INFO     cocotb.axi_dma.m_axi               Write burst awid: 0x0 awaddr: 0x00008000 awlen: 15 awsize: 2 awprot: 2
INFO cocotb:  34530.00ns INFO     cocotb.axi_dma.m_axis_read_data    RX frame: AxiStreamFrame(tdata=bytearray(b'\x00\x01\x02\x03\x04\x05\x06\x07\x08\t\n\x0b\x0c\r\x0e\x0f\x10\x11\x12\x13\x14\x15\x16\x17\x18\x19\x1a\x1b\x1c\x1d\x1e\x1f !"#$%&\'()*+,-./0123456789:;<=>?'), tkeep=[1, 1, 1, 1, 1, 1, 1, 1, 1, 1, 1, 1, 1, 1, 1, 1, 1, 1, 1, 1, 1, 1, 1, 1, 1, 1, 1, 1, 1, 1, 1, 1, 1, 1, 1, 1, 1, 1, 1, 1, 1, 1, 1, 1, 1, 1, 1, 1, 1, 1, 1, 1, 1, 1, 1, 1, 1, 1, 1, 1, 1, 1, 1, 1], tid=[0, 0, 0, 0, 0, 0, 0, 0, 0, 0, 0, 0, 0, 0, 0, 0, 0, 0, 0, 0, 0, 0, 0, 0, 0, 0, 0, 0, 0, 0, 0, 0, 0, 0, 0, 0, 0, 0, 0, 0, 0, 0, 0, 0, 0, 0, 0, 0, 0, 0, 0, 0, 0, 0, 0, 0, 0, 0, 0, 0, 0, 0, 0, 0], tdest=[0, 0, 0, 0, 0, 0, 0, 0, 0, 0, 0, 0, 0, 0, 0, 0, 0, 0, 0, 0, 0, 0, 0, 0, 0, 0, 0, 0, 0, 0, 0, 0, 0, 0, 0, 0, 0, 0, 0, 0, 0, 0, 0, 0, 0, 0, 0, 0, 0, 0, 0, 0, 0, 0, 0, 0, 0, 0, 0, 0, 0, 0, 0, 0], tuser=[0, 0, 0, 0, 0, 0, 0, 0, 0, 0, 0, 0, 0, 0, 0, 0, 0, 0, 0, 0, 0, 0, 0, 0, 0, 0, 0, 0, 0, 0, 0, 0, 0, 0, 0, 0, 0, 0, 0, 0, 0, 0, 0, 0, 0, 0, 0, 0, 0, 0, 0, 0, 0, 0, 0, 0, 0, 0, 0, 0, 0, 0, 0, 0], sim_time_start=34380000, sim_time_end=34530000)
INFO cocotb:  34540.00ns INFO     cocotb.axi_dma.s_axis_write_data   TX frame: AxiStreamFrame(tdata=bytearray(b'\x00\x01\x02\x03\x04\x05\x06\x07\x08\t\n\x0b\x0c\r\x0e\x0f\x10\x11\x12\x13\x14\x15\x16\x17\x18\x19\x1a\x1b\x1c\x1d\x1e\x1f !"#$%&\'()*+,-./0123456789:;<=>?'), tkeep=None, tid=26, tdest=None, tuser=None, sim_time_start=34540000, sim_time_end=None)
INFO cocotb:  34570.00ns INFO     cocotb.axi_dma.m_axi               Write burst awid: 0x0 awaddr: 0x00009000 awlen: 15 awsize: 2 awprot: 2
INFO cocotb:  40960.00ns INFO     cocotb.axi_dma.m_axi               Read burst arid: 0x0 araddr: 0x00000000 arlen: 15 arsize: 2 arprot: 2
INFO cocotb:  41100.00ns INFO     cocotb.axi_dma.m_axi               Read burst arid: 0x0 araddr: 0x00001000 arlen: 15 arsize: 2 arprot: 2
INFO cocotb:  41150.00ns INFO     cocotb.axi_dma.m_axis_read_data    RX frame: AxiStreamFrame(tdata=bytearray(b'\x00\x01\x02\x03\x04\x05\x06\x07\x08\t\n\x0b\x0c\r\x0e\x0f\x10\x11\x12\x13\x14\x15\x16\x17\x18\x19\x1a\x1b\x1c\x1d\x1e\x1f !"#$%&\'()*+,-./0123456789:;<=>?'), tkeep=[1, 1, 1, 1, 1, 1, 1, 1, 1, 1, 1, 1, 1, 1, 1, 1, 1, 1, 1, 1, 1, 1, 1, 1, 1, 1, 1, 1, 1, 1, 1, 1, 1, 1, 1, 1, 1, 1, 1, 1, 1, 1, 1, 1, 1, 1, 1, 1, 1, 1, 1, 1, 1, 1, 1, 1, 1, 1, 1, 1, 1, 1, 1, 1], tid=[0, 0, 0, 0, 0, 0, 0, 0, 0, 0, 0, 0, 0, 0, 0, 0, 0, 0, 0, 0, 0, 0, 0, 0, 0, 0, 0, 0, 0, 0, 0, 0, 0, 0, 0, 0, 0, 0, 0, 0, 0, 0, 0, 0, 0, 0, 0, 0, 0, 0, 0, 0, 0, 0, 0, 0, 0, 0, 0, 0, 0, 0, 0, 0], tdest=[0, 0, 0, 0, 0, 0, 0, 0, 0, 0, 0, 0, 0, 0, 0, 0, 0, 0, 0, 0, 0, 0, 0, 0, 0, 0, 0, 0, 0, 0, 0, 0, 0, 0, 0, 0, 0, 0, 0, 0, 0, 0, 0, 0, 0, 0, 0, 0, 0, 0, 0, 0, 0, 0, 0, 0, 0, 0, 0, 0, 0, 0, 0, 0], tuser=[0, 0, 0, 0, 0, 0, 0, 0, 0, 0, 0, 0, 0, 0, 0, 0, 0, 0, 0, 0, 0, 0, 0, 0, 0, 0, 0, 0, 0, 0, 0, 0, 0, 0, 0, 0, 0, 0, 0, 0, 0, 0, 0, 0, 0, 0, 0, 0, 0, 0, 0, 0, 0, 0, 0, 0, 0, 0, 0, 0, 0, 0, 0, 0], sim_time_start=41000000, sim_time_end=41150000)
INFO cocotb:  41160.00ns INFO     cocotb.axi_dma.s_axis_write_data   TX frame: AxiStreamFrame(tdata=bytearray(b'\x00\x01\x02\x03\x04\x05\x06\x07\x08\t\n\x0b\x0c\r\x0e\x0f\x10\x11\x12\x13\x14\x15\x16\x17\x18\x19\x1a\x1b\x1c\x1d\x1e\x1f !"#$%&\'()*+,-./0123456789:;<=>?'), tkeep=None, tid=27, tdest=None, tuser=None, sim_time_start=41160000, sim_time_end=None)
INFO cocotb:  41180.00ns INFO     cocotb.axi_dma.m_axi               Write burst awid: 0x0 awaddr: 0x00008000 awlen: 15 awsize: 2 awprot: 2
INFO cocotb:  41270.00ns INFO     cocotb.axi_dma.m_axi               Read burst arid: 0x0 araddr: 0x00002000 arlen: 15 arsize: 2 arprot: 2
INFO cocotb:  41320.00ns INFO     cocotb.axi_dma.m_axis_read_data    RX frame: AxiStreamFrame(tdata=bytearray(b'\x00\x01\x02\x03\x04\x05\x06\x07\x08\t\n\x0b\x0c\r\x0e\x0f\x10\x11\x12\x13\x14\x15\x16\x17\x18\x19\x1a\x1b\x1c\x1d\x1e\x1f !"#$%&\'()*+,-./0123456789:;<=>?'), tkeep=[1, 1, 1, 1, 1, 1, 1, 1, 1, 1, 1, 1, 1, 1, 1, 1, 1, 1, 1, 1, 1, 1, 1, 1, 1, 1, 1, 1, 1, 1, 1, 1, 1, 1, 1, 1, 1, 1, 1, 1, 1, 1, 1, 1, 1, 1, 1, 1, 1, 1, 1, 1, 1, 1, 1, 1, 1, 1, 1, 1, 1, 1, 1, 1], tid=[0, 0, 0, 0, 0, 0, 0, 0, 0, 0, 0, 0, 0, 0, 0, 0, 0, 0, 0, 0, 0, 0, 0, 0, 0, 0, 0, 0, 0, 0, 0, 0, 0, 0, 0, 0, 0, 0, 0, 0, 0, 0, 0, 0, 0, 0, 0, 0, 0, 0, 0, 0, 0, 0, 0, 0, 0, 0, 0, 0, 0, 0, 0, 0], tdest=[0, 0, 0, 0, 0, 0, 0, 0, 0, 0, 0, 0, 0, 0, 0, 0, 0, 0, 0, 0, 0, 0, 0, 0, 0, 0, 0, 0, 0, 0, 0, 0, 0, 0, 0, 0, 0, 0, 0, 0, 0, 0, 0, 0, 0, 0, 0, 0, 0, 0, 0, 0, 0, 0, 0, 0, 0, 0, 0, 0, 0, 0, 0, 0], tuser=[0, 0, 0, 0, 0, 0, 0, 0, 0, 0, 0, 0, 0, 0, 0, 0, 0, 0, 0, 0, 0, 0, 0, 0, 0, 0, 0, 0, 0, 0, 0, 0, 0, 0, 0, 0, 0, 0, 0, 0, 0, 0, 0, 0, 0, 0, 0, 0, 0, 0, 0, 0, 0, 0, 0, 0, 0, 0, 0, 0, 0, 0, 0, 0], sim_time_start=41170000, sim_time_end=41320000)
INFO cocotb:  41330.00ns INFO     cocotb.axi_dma.s_axis_write_data   TX frame: AxiStreamFrame(tdata=bytearray(b'\x00\x01\x02\x03\x04\x05\x06\x07\x08\t\n\x0b\x0c\r\x0e\x0f\x10\x11\x12\x13\x14\x15\x16\x17\x18\x19\x1a\x1b\x1c\x1d\x1e\x1f !"#$%&\'()*+,-./0123456789:;<=>?'), tkeep=None, tid=28, tdest=None, tuser=None, sim_time_start=41330000, sim_time_end=None)
INFO cocotb:  41360.00ns INFO     cocotb.axi_dma.m_axi               Write burst awid: 0x0 awaddr: 0x00009000 awlen: 15 awsize: 2 awprot: 2
INFO cocotb:  41440.00ns INFO     cocotb.axi_dma.m_axi               Read burst arid: 0x0 araddr: 0x00003000 arlen: 15 arsize: 2 arprot: 2
INFO cocotb:  41490.00ns INFO     cocotb.axi_dma.m_axis_read_data    RX frame: AxiStreamFrame(tdata=bytearray(b'\x00\x01\x02\x03\x04\x05\x06\x07\x08\t\n\x0b\x0c\r\x0e\x0f\x10\x11\x12\x13\x14\x15\x16\x17\x18\x19\x1a\x1b\x1c\x1d\x1e\x1f !"#$%&\'()*+,-./0123456789:;<=>?'), tkeep=[1, 1, 1, 1, 1, 1, 1, 1, 1, 1, 1, 1, 1, 1, 1, 1, 1, 1, 1, 1, 1, 1, 1, 1, 1, 1, 1, 1, 1, 1, 1, 1, 1, 1, 1, 1, 1, 1, 1, 1, 1, 1, 1, 1, 1, 1, 1, 1, 1, 1, 1, 1, 1, 1, 1, 1, 1, 1, 1, 1, 1, 1, 1, 1], tid=[0, 0, 0, 0, 0, 0, 0, 0, 0, 0, 0, 0, 0, 0, 0, 0, 0, 0, 0, 0, 0, 0, 0, 0, 0, 0, 0, 0, 0, 0, 0, 0, 0, 0, 0, 0, 0, 0, 0, 0, 0, 0, 0, 0, 0, 0, 0, 0, 0, 0, 0, 0, 0, 0, 0, 0, 0, 0, 0, 0, 0, 0, 0, 0], tdest=[0, 0, 0, 0, 0, 0, 0, 0, 0, 0, 0, 0, 0, 0, 0, 0, 0, 0, 0, 0, 0, 0, 0, 0, 0, 0, 0, 0, 0, 0, 0, 0, 0, 0, 0, 0, 0, 0, 0, 0, 0, 0, 0, 0, 0, 0, 0, 0, 0, 0, 0, 0, 0, 0, 0, 0, 0, 0, 0, 0, 0, 0, 0, 0], tuser=[0, 0, 0, 0, 0, 0, 0, 0, 0, 0, 0, 0, 0, 0, 0, 0, 0, 0, 0, 0, 0, 0, 0, 0, 0, 0, 0, 0, 0, 0, 0, 0, 0, 0, 0, 0, 0, 0, 0, 0, 0, 0, 0, 0, 0, 0, 0, 0, 0, 0, 0, 0, 0, 0, 0, 0, 0, 0, 0, 0, 0, 0, 0, 0], sim_time_start=41340000, sim_time_end=41490000)
INFO cocotb:  41510.00ns INFO     cocotb.axi_dma.s_axis_write_data   TX frame: AxiStreamFrame(tdata=bytearray(b'\x00\x01\x02\x03\x04\x05\x06\x07\x08\t\n\x0b\x0c\r\x0e\x0f\x10\x11\x12\x13\x14\x15\x16\x17\x18\x19\x1a\x1b\x1c\x1d\x1e\x1f !"#$%&\'()*+,-./0123456789:;<=>?'), tkeep=None, tid=29, tdest=None, tuser=None, sim_time_start=41510000, sim_time_end=None)
INFO cocotb:  41540.00ns INFO     cocotb.axi_dma.m_axi               Write burst awid: 0x0 awaddr: 0x0000a000 awlen: 15 awsize: 2 awprot: 2
INFO cocotb:  41610.00ns INFO     cocotb.axi_dma.m_axi               Read burst arid: 0x0 araddr: 0x00004000 arlen: 15 arsize: 2 arprot: 2
INFO cocotb:  41660.00ns INFO     cocotb.axi_dma.m_axis_read_data    RX frame: AxiStreamFrame(tdata=bytearray(b'\x00\x01\x02\x03\x04\x05\x06\x07\x08\t\n\x0b\x0c\r\x0e\x0f\x10\x11\x12\x13\x14\x15\x16\x17\x18\x19\x1a\x1b\x1c\x1d\x1e\x1f !"#$%&\'()*+,-./0123456789:;<=>?'), tkeep=[1, 1, 1, 1, 1, 1, 1, 1, 1, 1, 1, 1, 1, 1, 1, 1, 1, 1, 1, 1, 1, 1, 1, 1, 1, 1, 1, 1, 1, 1, 1, 1, 1, 1, 1, 1, 1, 1, 1, 1, 1, 1, 1, 1, 1, 1, 1, 1, 1, 1, 1, 1, 1, 1, 1, 1, 1, 1, 1, 1, 1, 1, 1, 1], tid=[0, 0, 0, 0, 0, 0, 0, 0, 0, 0, 0, 0, 0, 0, 0, 0, 0, 0, 0, 0, 0, 0, 0, 0, 0, 0, 0, 0, 0, 0, 0, 0, 0, 0, 0, 0, 0, 0, 0, 0, 0, 0, 0, 0, 0, 0, 0, 0, 0, 0, 0, 0, 0, 0, 0, 0, 0, 0, 0, 0, 0, 0, 0, 0], tdest=[0, 0, 0, 0, 0, 0, 0, 0, 0, 0, 0, 0, 0, 0, 0, 0, 0, 0, 0, 0, 0, 0, 0, 0, 0, 0, 0, 0, 0, 0, 0, 0, 0, 0, 0, 0, 0, 0, 0, 0, 0, 0, 0, 0, 0, 0, 0, 0, 0, 0, 0, 0, 0, 0, 0, 0, 0, 0, 0, 0, 0, 0, 0, 0], tuser=[0, 0, 0, 0, 0, 0, 0, 0, 0, 0, 0, 0, 0, 0, 0, 0, 0, 0, 0, 0, 0, 0, 0, 0, 0, 0, 0, 0, 0, 0, 0, 0, 0, 0, 0, 0, 0, 0, 0, 0, 0, 0, 0, 0, 0, 0, 0, 0, 0, 0, 0, 0, 0, 0, 0, 0, 0, 0, 0, 0, 0, 0, 0, 0], sim_time_start=41510000, sim_time_end=41660000)
INFO cocotb:  41690.00ns INFO     cocotb.axi_dma.s_axis_write_data   TX frame: AxiStreamFrame(tdata=bytearray(b'\x00\x01\x02\x03\x04\x05\x06\x07\x08\t\n\x0b\x0c\r\x0e\x0f\x10\x11\x12\x13\x14\x15\x16\x17\x18\x19\x1a\x1b\x1c\x1d\x1e\x1f !"#$%&\'()*+,-./0123456789:;<=>?'), tkeep=None, tid=30, tdest=None, tuser=None, sim_time_start=41690000, sim_time_end=None)
INFO cocotb:  41720.00ns INFO     cocotb.axi_dma.m_axi               Write burst awid: 0x0 awaddr: 0x0000b000 awlen: 15 awsize: 2 awprot: 2
INFO cocotb:  41780.00ns INFO     cocotb.axi_dma.m_axi               Read burst arid: 0x0 araddr: 0x00005000 arlen: 15 arsize: 2 arprot: 2
INFO cocotb:  41830.00ns INFO     cocotb.axi_dma.m_axis_read_data    RX frame: AxiStreamFrame(tdata=bytearray(b'\x00\x01\x02\x03\x04\x05\x06\x07\x08\t\n\x0b\x0c\r\x0e\x0f\x10\x11\x12\x13\x14\x15\x16\x17\x18\x19\x1a\x1b\x1c\x1d\x1e\x1f !"#$%&\'()*+,-./0123456789:;<=>?'), tkeep=[1, 1, 1, 1, 1, 1, 1, 1, 1, 1, 1, 1, 1, 1, 1, 1, 1, 1, 1, 1, 1, 1, 1, 1, 1, 1, 1, 1, 1, 1, 1, 1, 1, 1, 1, 1, 1, 1, 1, 1, 1, 1, 1, 1, 1, 1, 1, 1, 1, 1, 1, 1, 1, 1, 1, 1, 1, 1, 1, 1, 1, 1, 1, 1], tid=[0, 0, 0, 0, 0, 0, 0, 0, 0, 0, 0, 0, 0, 0, 0, 0, 0, 0, 0, 0, 0, 0, 0, 0, 0, 0, 0, 0, 0, 0, 0, 0, 0, 0, 0, 0, 0, 0, 0, 0, 0, 0, 0, 0, 0, 0, 0, 0, 0, 0, 0, 0, 0, 0, 0, 0, 0, 0, 0, 0, 0, 0, 0, 0], tdest=[0, 0, 0, 0, 0, 0, 0, 0, 0, 0, 0, 0, 0, 0, 0, 0, 0, 0, 0, 0, 0, 0, 0, 0, 0, 0, 0, 0, 0, 0, 0, 0, 0, 0, 0, 0, 0, 0, 0, 0, 0, 0, 0, 0, 0, 0, 0, 0, 0, 0, 0, 0, 0, 0, 0, 0, 0, 0, 0, 0, 0, 0, 0, 0], tuser=[0, 0, 0, 0, 0, 0, 0, 0, 0, 0, 0, 0, 0, 0, 0, 0, 0, 0, 0, 0, 0, 0, 0, 0, 0, 0, 0, 0, 0, 0, 0, 0, 0, 0, 0, 0, 0, 0, 0, 0, 0, 0, 0, 0, 0, 0, 0, 0, 0, 0, 0, 0, 0, 0, 0, 0, 0, 0, 0, 0, 0, 0, 0, 0], sim_time_start=41680000, sim_time_end=41830000)
INFO cocotb:  41870.00ns INFO     cocotb.axi_dma.s_axis_write_data   TX frame: AxiStreamFrame(tdata=bytearray(b'\x00\x01\x02\x03\x04\x05\x06\x07\x08\t\n\x0b\x0c\r\x0e\x0f\x10\x11\x12\x13\x14\x15\x16\x17\x18\x19\x1a\x1b\x1c\x1d\x1e\x1f !"#$%&\'()*+,-./0123456789:;<=>?'), tkeep=None, tid=31, tdest=None, tuser=None, sim_time_start=41870000, sim_time_end=None)
INFO cocotb:  41900.00ns INFO     cocotb.axi_dma.m_axi               Write burst awid: 0x0 awaddr: 0x0000c000 awlen: 15 awsize: 2 awprot: 2
INFO cocotb:  41950.00ns INFO     cocotb.axi_dma.m_axi               Read burst arid: 0x0 araddr: 0x00006000 arlen: 15 arsize: 2 arprot: 2
INFO cocotb:  42000.00ns INFO     cocotb.axi_dma.m_axis_read_data    RX frame: AxiStreamFrame(tdata=bytearray(b'\x00\x01\x02\x03\x04\x05\x06\x07\x08\t\n\x0b\x0c\r\x0e\x0f\x10\x11\x12\x13\x14\x15\x16\x17\x18\x19\x1a\x1b\x1c\x1d\x1e\x1f !"#$%&\'()*+,-./0123456789:;<=>?'), tkeep=[1, 1, 1, 1, 1, 1, 1, 1, 1, 1, 1, 1, 1, 1, 1, 1, 1, 1, 1, 1, 1, 1, 1, 1, 1, 1, 1, 1, 1, 1, 1, 1, 1, 1, 1, 1, 1, 1, 1, 1, 1, 1, 1, 1, 1, 1, 1, 1, 1, 1, 1, 1, 1, 1, 1, 1, 1, 1, 1, 1, 1, 1, 1, 1], tid=[0, 0, 0, 0, 0, 0, 0, 0, 0, 0, 0, 0, 0, 0, 0, 0, 0, 0, 0, 0, 0, 0, 0, 0, 0, 0, 0, 0, 0, 0, 0, 0, 0, 0, 0, 0, 0, 0, 0, 0, 0, 0, 0, 0, 0, 0, 0, 0, 0, 0, 0, 0, 0, 0, 0, 0, 0, 0, 0, 0, 0, 0, 0, 0], tdest=[0, 0, 0, 0, 0, 0, 0, 0, 0, 0, 0, 0, 0, 0, 0, 0, 0, 0, 0, 0, 0, 0, 0, 0, 0, 0, 0, 0, 0, 0, 0, 0, 0, 0, 0, 0, 0, 0, 0, 0, 0, 0, 0, 0, 0, 0, 0, 0, 0, 0, 0, 0, 0, 0, 0, 0, 0, 0, 0, 0, 0, 0, 0, 0], tuser=[0, 0, 0, 0, 0, 0, 0, 0, 0, 0, 0, 0, 0, 0, 0, 0, 0, 0, 0, 0, 0, 0, 0, 0, 0, 0, 0, 0, 0, 0, 0, 0, 0, 0, 0, 0, 0, 0, 0, 0, 0, 0, 0, 0, 0, 0, 0, 0, 0, 0, 0, 0, 0, 0, 0, 0, 0, 0, 0, 0, 0, 0, 0, 0], sim_time_start=41850000, sim_time_end=42000000)
INFO cocotb:  42050.00ns INFO     cocotb.axi_dma.s_axis_write_data   TX frame: AxiStreamFrame(tdata=bytearray(b'\x00\x01\x02\x03\x04\x05\x06\x07\x08\t\n\x0b\x0c\r\x0e\x0f\x10\x11\x12\x13\x14\x15\x16\x17\x18\x19\x1a\x1b\x1c\x1d\x1e\x1f !"#$%&\'()*+,-./0123456789:;<=>?'), tkeep=None, tid=32, tdest=None, tuser=None, sim_time_start=42050000, sim_time_end=None)
INFO cocotb:  42080.00ns INFO     cocotb.axi_dma.m_axi               Write burst awid: 0x0 awaddr: 0x0000d000 awlen: 15 awsize: 2 awprot: 2
INFO cocotb:  42120.00ns INFO     cocotb.axi_dma.m_axi               Read burst arid: 0x0 araddr: 0x00007000 arlen: 15 arsize: 2 arprot: 2
INFO cocotb:  42170.00ns INFO     cocotb.axi_dma.m_axis_read_data    RX frame: AxiStreamFrame(tdata=bytearray(b'\x00\x01\x02\x03\x04\x05\x06\x07\x08\t\n\x0b\x0c\r\x0e\x0f\x10\x11\x12\x13\x14\x15\x16\x17\x18\x19\x1a\x1b\x1c\x1d\x1e\x1f !"#$%&\'()*+,-./0123456789:;<=>?'), tkeep=[1, 1, 1, 1, 1, 1, 1, 1, 1, 1, 1, 1, 1, 1, 1, 1, 1, 1, 1, 1, 1, 1, 1, 1, 1, 1, 1, 1, 1, 1, 1, 1, 1, 1, 1, 1, 1, 1, 1, 1, 1, 1, 1, 1, 1, 1, 1, 1, 1, 1, 1, 1, 1, 1, 1, 1, 1, 1, 1, 1, 1, 1, 1, 1], tid=[0, 0, 0, 0, 0, 0, 0, 0, 0, 0, 0, 0, 0, 0, 0, 0, 0, 0, 0, 0, 0, 0, 0, 0, 0, 0, 0, 0, 0, 0, 0, 0, 0, 0, 0, 0, 0, 0, 0, 0, 0, 0, 0, 0, 0, 0, 0, 0, 0, 0, 0, 0, 0, 0, 0, 0, 0, 0, 0, 0, 0, 0, 0, 0], tdest=[0, 0, 0, 0, 0, 0, 0, 0, 0, 0, 0, 0, 0, 0, 0, 0, 0, 0, 0, 0, 0, 0, 0, 0, 0, 0, 0, 0, 0, 0, 0, 0, 0, 0, 0, 0, 0, 0, 0, 0, 0, 0, 0, 0, 0, 0, 0, 0, 0, 0, 0, 0, 0, 0, 0, 0, 0, 0, 0, 0, 0, 0, 0, 0], tuser=[0, 0, 0, 0, 0, 0, 0, 0, 0, 0, 0, 0, 0, 0, 0, 0, 0, 0, 0, 0, 0, 0, 0, 0, 0, 0, 0, 0, 0, 0, 0, 0, 0, 0, 0, 0, 0, 0, 0, 0, 0, 0, 0, 0, 0, 0, 0, 0, 0, 0, 0, 0, 0, 0, 0, 0, 0, 0, 0, 0, 0, 0, 0, 0], sim_time_start=42020000, sim_time_end=42170000)
INFO cocotb:  42230.00ns INFO     cocotb.axi_dma.s_axis_write_data   TX frame: AxiStreamFrame(tdata=bytearray(b'\x00\x01\x02\x03\x04\x05\x06\x07\x08\t\n\x0b\x0c\r\x0e\x0f\x10\x11\x12\x13\x14\x15\x16\x17\x18\x19\x1a\x1b\x1c\x1d\x1e\x1f !"#$%&\'()*+,-./0123456789:;<=>?'), tkeep=None, tid=33, tdest=None, tuser=None, sim_time_start=42230000, sim_time_end=None)
INFO cocotb:  42260.00ns INFO     cocotb.axi_dma.m_axi               Write burst awid: 0x0 awaddr: 0x0000e000 awlen: 15 awsize: 2 awprot: 2
INFO cocotb:  42340.00ns INFO     cocotb.axi_dma.m_axis_read_data    RX frame: AxiStreamFrame(tdata=bytearray(b'\x00\x01\x02\x03\x04\x05\x06\x07\x08\t\n\x0b\x0c\r\x0e\x0f\x10\x11\x12\x13\x14\x15\x16\x17\x18\x19\x1a\x1b\x1c\x1d\x1e\x1f !"#$%&\'()*+,-./0123456789:;<=>?'), tkeep=[1, 1, 1, 1, 1, 1, 1, 1, 1, 1, 1, 1, 1, 1, 1, 1, 1, 1, 1, 1, 1, 1, 1, 1, 1, 1, 1, 1, 1, 1, 1, 1, 1, 1, 1, 1, 1, 1, 1, 1, 1, 1, 1, 1, 1, 1, 1, 1, 1, 1, 1, 1, 1, 1, 1, 1, 1, 1, 1, 1, 1, 1, 1, 1], tid=[0, 0, 0, 0, 0, 0, 0, 0, 0, 0, 0, 0, 0, 0, 0, 0, 0, 0, 0, 0, 0, 0, 0, 0, 0, 0, 0, 0, 0, 0, 0, 0, 0, 0, 0, 0, 0, 0, 0, 0, 0, 0, 0, 0, 0, 0, 0, 0, 0, 0, 0, 0, 0, 0, 0, 0, 0, 0, 0, 0, 0, 0, 0, 0], tdest=[0, 0, 0, 0, 0, 0, 0, 0, 0, 0, 0, 0, 0, 0, 0, 0, 0, 0, 0, 0, 0, 0, 0, 0, 0, 0, 0, 0, 0, 0, 0, 0, 0, 0, 0, 0, 0, 0, 0, 0, 0, 0, 0, 0, 0, 0, 0, 0, 0, 0, 0, 0, 0, 0, 0, 0, 0, 0, 0, 0, 0, 0, 0, 0], tuser=[0, 0, 0, 0, 0, 0, 0, 0, 0, 0, 0, 0, 0, 0, 0, 0, 0, 0, 0, 0, 0, 0, 0, 0, 0, 0, 0, 0, 0, 0, 0, 0, 0, 0, 0, 0, 0, 0, 0, 0, 0, 0, 0, 0, 0, 0, 0, 0, 0, 0, 0, 0, 0, 0, 0, 0, 0, 0, 0, 0, 0, 0, 0, 0], sim_time_start=42190000, sim_time_end=42340000)
INFO cocotb:  42410.00ns INFO     cocotb.axi_dma.s_axis_write_data   TX frame: AxiStreamFrame(tdata=bytearray(b'\x00\x01\x02\x03\x04\x05\x06\x07\x08\t\n\x0b\x0c\r\x0e\x0f\x10\x11\x12\x13\x14\x15\x16\x17\x18\x19\x1a\x1b\x1c\x1d\x1e\x1f !"#$%&\'()*+,-./0123456789:;<=>?'), tkeep=None, tid=34, tdest=None, tuser=None, sim_time_start=42410000, sim_time_end=None)
INFO cocotb:  42440.00ns INFO     cocotb.axi_dma.m_axi               Write burst awid: 0x0 awaddr: 0x0000f000 awlen: 15 awsize: 2 awprot: 2
INFO cocotb:  42680.00ns INFO     cocotb.axi_dma.m_axi               Read burst arid: 0x0 araddr: 0x00000000 arlen: 15 arsize: 2 arprot: 2
INFO cocotb:  42820.00ns INFO     cocotb.axi_dma.m_axi               Read burst arid: 0x0 araddr: 0x00001000 arlen: 15 arsize: 2 arprot: 2
INFO cocotb:  42870.00ns INFO     cocotb.axi_dma.m_axis_read_data    RX frame: AxiStreamFrame(tdata=bytearray(b'\x00\x01\x02\x03\x04\x05\x06\x07\x08\t\n\x0b\x0c\r\x0e\x0f\x10\x11\x12\x13\x14\x15\x16\x17\x18\x19\x1a\x1b\x1c\x1d\x1e\x1f !"#$%&\'()*+,-./0123456789:;<=>?'), tkeep=[1, 1, 1, 1, 1, 1, 1, 1, 1, 1, 1, 1, 1, 1, 1, 1, 1, 1, 1, 1, 1, 1, 1, 1, 1, 1, 1, 1, 1, 1, 1, 1, 1, 1, 1, 1, 1, 1, 1, 1, 1, 1, 1, 1, 1, 1, 1, 1, 1, 1, 1, 1, 1, 1, 1, 1, 1, 1, 1, 1, 1, 1, 1, 1], tid=[0, 0, 0, 0, 0, 0, 0, 0, 0, 0, 0, 0, 0, 0, 0, 0, 0, 0, 0, 0, 0, 0, 0, 0, 0, 0, 0, 0, 0, 0, 0, 0, 0, 0, 0, 0, 0, 0, 0, 0, 0, 0, 0, 0, 0, 0, 0, 0, 0, 0, 0, 0, 0, 0, 0, 0, 0, 0, 0, 0, 0, 0, 0, 0], tdest=[0, 0, 0, 0, 0, 0, 0, 0, 0, 0, 0, 0, 0, 0, 0, 0, 0, 0, 0, 0, 0, 0, 0, 0, 0, 0, 0, 0, 0, 0, 0, 0, 0, 0, 0, 0, 0, 0, 0, 0, 0, 0, 0, 0, 0, 0, 0, 0, 0, 0, 0, 0, 0, 0, 0, 0, 0, 0, 0, 0, 0, 0, 0, 0], tuser=[0, 0, 0, 0, 0, 0, 0, 0, 0, 0, 0, 0, 0, 0, 0, 0, 0, 0, 0, 0, 0, 0, 0, 0, 0, 0, 0, 0, 0, 0, 0, 0, 0, 0, 0, 0, 0, 0, 0, 0, 0, 0, 0, 0, 0, 0, 0, 0, 0, 0, 0, 0, 0, 0, 0, 0, 0, 0, 0, 0, 0, 0, 0, 0], sim_time_start=42720000, sim_time_end=42870000)
INFO cocotb:  42880.00ns INFO     cocotb.axi_dma.s_axis_write_data   TX frame: AxiStreamFrame(tdata=bytearray(b'\x00\x01\x02\x03\x04\x05\x06\x07\x08\t\n\x0b\x0c\r\x0e\x0f\x10\x11\x12\x13\x14\x15\x16\x17\x18\x19\x1a\x1b\x1c\x1d\x1e\x1f !"#$%&\'()*+,-./0123456789:;<=>?'), tkeep=None, tid=35, tdest=None, tuser=None, sim_time_start=42880000, sim_time_end=None)
INFO cocotb:  42900.00ns INFO     cocotb.axi_dma.m_axi               Write burst awid: 0x0 awaddr: 0x00008000 awlen: 15 awsize: 2 awprot: 2
INFO cocotb:  42990.00ns INFO     cocotb.axi_dma.m_axi               Read burst arid: 0x0 araddr: 0x00002000 arlen: 15 arsize: 2 arprot: 2
INFO cocotb:  43040.00ns INFO     cocotb.axi_dma.m_axis_read_data    RX frame: AxiStreamFrame(tdata=bytearray(b'\x00\x01\x02\x03\x04\x05\x06\x07\x08\t\n\x0b\x0c\r\x0e\x0f\x10\x11\x12\x13\x14\x15\x16\x17\x18\x19\x1a\x1b\x1c\x1d\x1e\x1f !"#$%&\'()*+,-./0123456789:;<=>?'), tkeep=[1, 1, 1, 1, 1, 1, 1, 1, 1, 1, 1, 1, 1, 1, 1, 1, 1, 1, 1, 1, 1, 1, 1, 1, 1, 1, 1, 1, 1, 1, 1, 1, 1, 1, 1, 1, 1, 1, 1, 1, 1, 1, 1, 1, 1, 1, 1, 1, 1, 1, 1, 1, 1, 1, 1, 1, 1, 1, 1, 1, 1, 1, 1, 1], tid=[0, 0, 0, 0, 0, 0, 0, 0, 0, 0, 0, 0, 0, 0, 0, 0, 0, 0, 0, 0, 0, 0, 0, 0, 0, 0, 0, 0, 0, 0, 0, 0, 0, 0, 0, 0, 0, 0, 0, 0, 0, 0, 0, 0, 0, 0, 0, 0, 0, 0, 0, 0, 0, 0, 0, 0, 0, 0, 0, 0, 0, 0, 0, 0], tdest=[0, 0, 0, 0, 0, 0, 0, 0, 0, 0, 0, 0, 0, 0, 0, 0, 0, 0, 0, 0, 0, 0, 0, 0, 0, 0, 0, 0, 0, 0, 0, 0, 0, 0, 0, 0, 0, 0, 0, 0, 0, 0, 0, 0, 0, 0, 0, 0, 0, 0, 0, 0, 0, 0, 0, 0, 0, 0, 0, 0, 0, 0, 0, 0], tuser=[0, 0, 0, 0, 0, 0, 0, 0, 0, 0, 0, 0, 0, 0, 0, 0, 0, 0, 0, 0, 0, 0, 0, 0, 0, 0, 0, 0, 0, 0, 0, 0, 0, 0, 0, 0, 0, 0, 0, 0, 0, 0, 0, 0, 0, 0, 0, 0, 0, 0, 0, 0, 0, 0, 0, 0, 0, 0, 0, 0, 0, 0, 0, 0], sim_time_start=42890000, sim_time_end=43040000)
INFO cocotb:  43050.00ns INFO     cocotb.axi_dma.s_axis_write_data   TX frame: AxiStreamFrame(tdata=bytearray(b'\x00\x01\x02\x03\x04\x05\x06\x07\x08\t\n\x0b\x0c\r\x0e\x0f\x10\x11\x12\x13\x14\x15\x16\x17\x18\x19\x1a\x1b\x1c\x1d\x1e\x1f !"#$%&\'()*+,-./0123456789:;<=>?'), tkeep=None, tid=36, tdest=None, tuser=None, sim_time_start=43050000, sim_time_end=None)
INFO cocotb:  43080.00ns INFO     cocotb.axi_dma.m_axi               Write burst awid: 0x0 awaddr: 0x00009000 awlen: 15 awsize: 2 awprot: 2
INFO cocotb:  43160.00ns INFO     cocotb.axi_dma.m_axi               Read burst arid: 0x0 araddr: 0x00003000 arlen: 15 arsize: 2 arprot: 2
INFO cocotb:  43210.00ns INFO     cocotb.axi_dma.m_axis_read_data    RX frame: AxiStreamFrame(tdata=bytearray(b'\x00\x01\x02\x03\x04\x05\x06\x07\x08\t\n\x0b\x0c\r\x0e\x0f\x10\x11\x12\x13\x14\x15\x16\x17\x18\x19\x1a\x1b\x1c\x1d\x1e\x1f !"#$%&\'()*+,-./0123456789:;<=>?'), tkeep=[1, 1, 1, 1, 1, 1, 1, 1, 1, 1, 1, 1, 1, 1, 1, 1, 1, 1, 1, 1, 1, 1, 1, 1, 1, 1, 1, 1, 1, 1, 1, 1, 1, 1, 1, 1, 1, 1, 1, 1, 1, 1, 1, 1, 1, 1, 1, 1, 1, 1, 1, 1, 1, 1, 1, 1, 1, 1, 1, 1, 1, 1, 1, 1], tid=[0, 0, 0, 0, 0, 0, 0, 0, 0, 0, 0, 0, 0, 0, 0, 0, 0, 0, 0, 0, 0, 0, 0, 0, 0, 0, 0, 0, 0, 0, 0, 0, 0, 0, 0, 0, 0, 0, 0, 0, 0, 0, 0, 0, 0, 0, 0, 0, 0, 0, 0, 0, 0, 0, 0, 0, 0, 0, 0, 0, 0, 0, 0, 0], tdest=[0, 0, 0, 0, 0, 0, 0, 0, 0, 0, 0, 0, 0, 0, 0, 0, 0, 0, 0, 0, 0, 0, 0, 0, 0, 0, 0, 0, 0, 0, 0, 0, 0, 0, 0, 0, 0, 0, 0, 0, 0, 0, 0, 0, 0, 0, 0, 0, 0, 0, 0, 0, 0, 0, 0, 0, 0, 0, 0, 0, 0, 0, 0, 0], tuser=[0, 0, 0, 0, 0, 0, 0, 0, 0, 0, 0, 0, 0, 0, 0, 0, 0, 0, 0, 0, 0, 0, 0, 0, 0, 0, 0, 0, 0, 0, 0, 0, 0, 0, 0, 0, 0, 0, 0, 0, 0, 0, 0, 0, 0, 0, 0, 0, 0, 0, 0, 0, 0, 0, 0, 0, 0, 0, 0, 0, 0, 0, 0, 0], sim_time_start=43060000, sim_time_end=43210000)
INFO cocotb:  43230.00ns INFO     cocotb.axi_dma.s_axis_write_data   TX frame: AxiStreamFrame(tdata=bytearray(b'\x00\x01\x02\x03\x04\x05\x06\x07\x08\t\n\x0b\x0c\r\x0e\x0f\x10\x11\x12\x13\x14\x15\x16\x17\x18\x19\x1a\x1b\x1c\x1d\x1e\x1f !"#$%&\'()*+,-./0123456789:;<=>?'), tkeep=None, tid=37, tdest=None, tuser=None, sim_time_start=43230000, sim_time_end=None)
INFO cocotb:  43260.00ns INFO     cocotb.axi_dma.m_axi               Write burst awid: 0x0 awaddr: 0x0000a000 awlen: 15 awsize: 2 awprot: 2
INFO cocotb:  43330.00ns INFO     cocotb.axi_dma.m_axi               Read burst arid: 0x0 araddr: 0x00004000 arlen: 15 arsize: 2 arprot: 2
INFO cocotb:  43380.00ns INFO     cocotb.axi_dma.m_axis_read_data    RX frame: AxiStreamFrame(tdata=bytearray(b'\x00\x01\x02\x03\x04\x05\x06\x07\x08\t\n\x0b\x0c\r\x0e\x0f\x10\x11\x12\x13\x14\x15\x16\x17\x18\x19\x1a\x1b\x1c\x1d\x1e\x1f !"#$%&\'()*+,-./0123456789:;<=>?'), tkeep=[1, 1, 1, 1, 1, 1, 1, 1, 1, 1, 1, 1, 1, 1, 1, 1, 1, 1, 1, 1, 1, 1, 1, 1, 1, 1, 1, 1, 1, 1, 1, 1, 1, 1, 1, 1, 1, 1, 1, 1, 1, 1, 1, 1, 1, 1, 1, 1, 1, 1, 1, 1, 1, 1, 1, 1, 1, 1, 1, 1, 1, 1, 1, 1], tid=[0, 0, 0, 0, 0, 0, 0, 0, 0, 0, 0, 0, 0, 0, 0, 0, 0, 0, 0, 0, 0, 0, 0, 0, 0, 0, 0, 0, 0, 0, 0, 0, 0, 0, 0, 0, 0, 0, 0, 0, 0, 0, 0, 0, 0, 0, 0, 0, 0, 0, 0, 0, 0, 0, 0, 0, 0, 0, 0, 0, 0, 0, 0, 0], tdest=[0, 0, 0, 0, 0, 0, 0, 0, 0, 0, 0, 0, 0, 0, 0, 0, 0, 0, 0, 0, 0, 0, 0, 0, 0, 0, 0, 0, 0, 0, 0, 0, 0, 0, 0, 0, 0, 0, 0, 0, 0, 0, 0, 0, 0, 0, 0, 0, 0, 0, 0, 0, 0, 0, 0, 0, 0, 0, 0, 0, 0, 0, 0, 0], tuser=[0, 0, 0, 0, 0, 0, 0, 0, 0, 0, 0, 0, 0, 0, 0, 0, 0, 0, 0, 0, 0, 0, 0, 0, 0, 0, 0, 0, 0, 0, 0, 0, 0, 0, 0, 0, 0, 0, 0, 0, 0, 0, 0, 0, 0, 0, 0, 0, 0, 0, 0, 0, 0, 0, 0, 0, 0, 0, 0, 0, 0, 0, 0, 0], sim_time_start=43230000, sim_time_end=43380000)
INFO cocotb:  43410.00ns INFO     cocotb.axi_dma.s_axis_write_data   TX frame: AxiStreamFrame(tdata=bytearray(b'\x00\x01\x02\x03\x04\x05\x06\x07\x08\t\n\x0b\x0c\r\x0e\x0f\x10\x11\x12\x13\x14\x15\x16\x17\x18\x19\x1a\x1b\x1c\x1d\x1e\x1f !"#$%&\'()*+,-./0123456789:;<=>?'), tkeep=None, tid=38, tdest=None, tuser=None, sim_time_start=43410000, sim_time_end=None)
INFO cocotb:  43440.00ns INFO     cocotb.axi_dma.m_axi               Write burst awid: 0x0 awaddr: 0x0000b000 awlen: 15 awsize: 2 awprot: 2
INFO cocotb:  43500.00ns INFO     cocotb.axi_dma.m_axi               Read burst arid: 0x0 araddr: 0x00005000 arlen: 15 arsize: 2 arprot: 2
INFO cocotb:  43550.00ns INFO     cocotb.axi_dma.m_axis_read_data    RX frame: AxiStreamFrame(tdata=bytearray(b'\x00\x01\x02\x03\x04\x05\x06\x07\x08\t\n\x0b\x0c\r\x0e\x0f\x10\x11\x12\x13\x14\x15\x16\x17\x18\x19\x1a\x1b\x1c\x1d\x1e\x1f !"#$%&\'()*+,-./0123456789:;<=>?'), tkeep=[1, 1, 1, 1, 1, 1, 1, 1, 1, 1, 1, 1, 1, 1, 1, 1, 1, 1, 1, 1, 1, 1, 1, 1, 1, 1, 1, 1, 1, 1, 1, 1, 1, 1, 1, 1, 1, 1, 1, 1, 1, 1, 1, 1, 1, 1, 1, 1, 1, 1, 1, 1, 1, 1, 1, 1, 1, 1, 1, 1, 1, 1, 1, 1], tid=[0, 0, 0, 0, 0, 0, 0, 0, 0, 0, 0, 0, 0, 0, 0, 0, 0, 0, 0, 0, 0, 0, 0, 0, 0, 0, 0, 0, 0, 0, 0, 0, 0, 0, 0, 0, 0, 0, 0, 0, 0, 0, 0, 0, 0, 0, 0, 0, 0, 0, 0, 0, 0, 0, 0, 0, 0, 0, 0, 0, 0, 0, 0, 0], tdest=[0, 0, 0, 0, 0, 0, 0, 0, 0, 0, 0, 0, 0, 0, 0, 0, 0, 0, 0, 0, 0, 0, 0, 0, 0, 0, 0, 0, 0, 0, 0, 0, 0, 0, 0, 0, 0, 0, 0, 0, 0, 0, 0, 0, 0, 0, 0, 0, 0, 0, 0, 0, 0, 0, 0, 0, 0, 0, 0, 0, 0, 0, 0, 0], tuser=[0, 0, 0, 0, 0, 0, 0, 0, 0, 0, 0, 0, 0, 0, 0, 0, 0, 0, 0, 0, 0, 0, 0, 0, 0, 0, 0, 0, 0, 0, 0, 0, 0, 0, 0, 0, 0, 0, 0, 0, 0, 0, 0, 0, 0, 0, 0, 0, 0, 0, 0, 0, 0, 0, 0, 0, 0, 0, 0, 0, 0, 0, 0, 0], sim_time_start=43400000, sim_time_end=43550000)
INFO cocotb:  43590.00ns INFO     cocotb.axi_dma.s_axis_write_data   TX frame: AxiStreamFrame(tdata=bytearray(b'\x00\x01\x02\x03\x04\x05\x06\x07\x08\t\n\x0b\x0c\r\x0e\x0f\x10\x11\x12\x13\x14\x15\x16\x17\x18\x19\x1a\x1b\x1c\x1d\x1e\x1f !"#$%&\'()*+,-./0123456789:;<=>?'), tkeep=None, tid=39, tdest=None, tuser=None, sim_time_start=43590000, sim_time_end=None)
INFO cocotb:  43620.00ns INFO     cocotb.axi_dma.m_axi               Write burst awid: 0x0 awaddr: 0x0000c000 awlen: 15 awsize: 2 awprot: 2
INFO cocotb:  43670.00ns INFO     cocotb.axi_dma.m_axi               Read burst arid: 0x0 araddr: 0x00006000 arlen: 15 arsize: 2 arprot: 2
INFO cocotb:  43720.00ns INFO     cocotb.axi_dma.m_axis_read_data    RX frame: AxiStreamFrame(tdata=bytearray(b'\x00\x01\x02\x03\x04\x05\x06\x07\x08\t\n\x0b\x0c\r\x0e\x0f\x10\x11\x12\x13\x14\x15\x16\x17\x18\x19\x1a\x1b\x1c\x1d\x1e\x1f !"#$%&\'()*+,-./0123456789:;<=>?'), tkeep=[1, 1, 1, 1, 1, 1, 1, 1, 1, 1, 1, 1, 1, 1, 1, 1, 1, 1, 1, 1, 1, 1, 1, 1, 1, 1, 1, 1, 1, 1, 1, 1, 1, 1, 1, 1, 1, 1, 1, 1, 1, 1, 1, 1, 1, 1, 1, 1, 1, 1, 1, 1, 1, 1, 1, 1, 1, 1, 1, 1, 1, 1, 1, 1], tid=[0, 0, 0, 0, 0, 0, 0, 0, 0, 0, 0, 0, 0, 0, 0, 0, 0, 0, 0, 0, 0, 0, 0, 0, 0, 0, 0, 0, 0, 0, 0, 0, 0, 0, 0, 0, 0, 0, 0, 0, 0, 0, 0, 0, 0, 0, 0, 0, 0, 0, 0, 0, 0, 0, 0, 0, 0, 0, 0, 0, 0, 0, 0, 0], tdest=[0, 0, 0, 0, 0, 0, 0, 0, 0, 0, 0, 0, 0, 0, 0, 0, 0, 0, 0, 0, 0, 0, 0, 0, 0, 0, 0, 0, 0, 0, 0, 0, 0, 0, 0, 0, 0, 0, 0, 0, 0, 0, 0, 0, 0, 0, 0, 0, 0, 0, 0, 0, 0, 0, 0, 0, 0, 0, 0, 0, 0, 0, 0, 0], tuser=[0, 0, 0, 0, 0, 0, 0, 0, 0, 0, 0, 0, 0, 0, 0, 0, 0, 0, 0, 0, 0, 0, 0, 0, 0, 0, 0, 0, 0, 0, 0, 0, 0, 0, 0, 0, 0, 0, 0, 0, 0, 0, 0, 0, 0, 0, 0, 0, 0, 0, 0, 0, 0, 0, 0, 0, 0, 0, 0, 0, 0, 0, 0, 0], sim_time_start=43570000, sim_time_end=43720000)
INFO cocotb:  43770.00ns INFO     cocotb.axi_dma.s_axis_write_data   TX frame: AxiStreamFrame(tdata=bytearray(b'\x00\x01\x02\x03\x04\x05\x06\x07\x08\t\n\x0b\x0c\r\x0e\x0f\x10\x11\x12\x13\x14\x15\x16\x17\x18\x19\x1a\x1b\x1c\x1d\x1e\x1f !"#$%&\'()*+,-./0123456789:;<=>?'), tkeep=None, tid=40, tdest=None, tuser=None, sim_time_start=43770000, sim_time_end=None)
INFO cocotb:  43800.00ns INFO     cocotb.axi_dma.m_axi               Write burst awid: 0x0 awaddr: 0x0000d000 awlen: 15 awsize: 2 awprot: 2
INFO cocotb:  43890.00ns INFO     cocotb.axi_dma.m_axis_read_data    RX frame: AxiStreamFrame(tdata=bytearray(b'\x00\x01\x02\x03\x04\x05\x06\x07\x08\t\n\x0b\x0c\r\x0e\x0f\x10\x11\x12\x13\x14\x15\x16\x17\x18\x19\x1a\x1b\x1c\x1d\x1e\x1f !"#$%&\'()*+,-./0123456789:;<=>?'), tkeep=[1, 1, 1, 1, 1, 1, 1, 1, 1, 1, 1, 1, 1, 1, 1, 1, 1, 1, 1, 1, 1, 1, 1, 1, 1, 1, 1, 1, 1, 1, 1, 1, 1, 1, 1, 1, 1, 1, 1, 1, 1, 1, 1, 1, 1, 1, 1, 1, 1, 1, 1, 1, 1, 1, 1, 1, 1, 1, 1, 1, 1, 1, 1, 1], tid=[0, 0, 0, 0, 0, 0, 0, 0, 0, 0, 0, 0, 0, 0, 0, 0, 0, 0, 0, 0, 0, 0, 0, 0, 0, 0, 0, 0, 0, 0, 0, 0, 0, 0, 0, 0, 0, 0, 0, 0, 0, 0, 0, 0, 0, 0, 0, 0, 0, 0, 0, 0, 0, 0, 0, 0, 0, 0, 0, 0, 0, 0, 0, 0], tdest=[0, 0, 0, 0, 0, 0, 0, 0, 0, 0, 0, 0, 0, 0, 0, 0, 0, 0, 0, 0, 0, 0, 0, 0, 0, 0, 0, 0, 0, 0, 0, 0, 0, 0, 0, 0, 0, 0, 0, 0, 0, 0, 0, 0, 0, 0, 0, 0, 0, 0, 0, 0, 0, 0, 0, 0, 0, 0, 0, 0, 0, 0, 0, 0], tuser=[0, 0, 0, 0, 0, 0, 0, 0, 0, 0, 0, 0, 0, 0, 0, 0, 0, 0, 0, 0, 0, 0, 0, 0, 0, 0, 0, 0, 0, 0, 0, 0, 0, 0, 0, 0, 0, 0, 0, 0, 0, 0, 0, 0, 0, 0, 0, 0, 0, 0, 0, 0, 0, 0, 0, 0, 0, 0, 0, 0, 0, 0, 0, 0], sim_time_start=43740000, sim_time_end=43890000)
INFO cocotb:  43950.00ns INFO     cocotb.axi_dma.s_axis_write_data   TX frame: AxiStreamFrame(tdata=bytearray(b'\x00\x01\x02\x03\x04\x05\x06\x07\x08\t\n\x0b\x0c\r\x0e\x0f\x10\x11\x12\x13\x14\x15\x16\x17\x18\x19\x1a\x1b\x1c\x1d\x1e\x1f !"#$%&\'()*+,-./0123456789:;<=>?'), tkeep=None, tid=41, tdest=None, tuser=None, sim_time_start=43950000, sim_time_end=None)
INFO cocotb:  43980.00ns INFO     cocotb.axi_dma.m_axi               Write burst awid: 0x0 awaddr: 0x0000e000 awlen: 15 awsize: 2 awprot: 2
INFO cocotb:  63250.00ns INFO     cocotb.axi_dma.m_axi               Read burst arid: 0x0 araddr: 0x00000000 arlen: 15 arsize: 2 arprot: 2
INFO cocotb:  63440.00ns INFO     cocotb.axi_dma.m_axis_read_data    RX frame: AxiStreamFrame(tdata=bytearray(b'\x00\x01\x02\x03\x04\x05\x06\x07\x08\t\n\x0b\x0c\r\x0e\x0f\x10\x11\x12\x13\x14\x15\x16\x17\x18\x19\x1a\x1b\x1c\x1d\x1e\x1f !"#$%&\'()*+,-./0123456789:;<=>?'), tkeep=[1, 1, 1, 1, 1, 1, 1, 1, 1, 1, 1, 1, 1, 1, 1, 1, 1, 1, 1, 1, 1, 1, 1, 1, 1, 1, 1, 1, 1, 1, 1, 1, 1, 1, 1, 1, 1, 1, 1, 1, 1, 1, 1, 1, 1, 1, 1, 1, 1, 1, 1, 1, 1, 1, 1, 1, 1, 1, 1, 1, 1, 1, 1, 1], tid=[0, 0, 0, 0, 0, 0, 0, 0, 0, 0, 0, 0, 0, 0, 0, 0, 0, 0, 0, 0, 0, 0, 0, 0, 0, 0, 0, 0, 0, 0, 0, 0, 0, 0, 0, 0, 0, 0, 0, 0, 0, 0, 0, 0, 0, 0, 0, 0, 0, 0, 0, 0, 0, 0, 0, 0, 0, 0, 0, 0, 0, 0, 0, 0], tdest=[0, 0, 0, 0, 0, 0, 0, 0, 0, 0, 0, 0, 0, 0, 0, 0, 0, 0, 0, 0, 0, 0, 0, 0, 0, 0, 0, 0, 0, 0, 0, 0, 0, 0, 0, 0, 0, 0, 0, 0, 0, 0, 0, 0, 0, 0, 0, 0, 0, 0, 0, 0, 0, 0, 0, 0, 0, 0, 0, 0, 0, 0, 0, 0], tuser=[0, 0, 0, 0, 0, 0, 0, 0, 0, 0, 0, 0, 0, 0, 0, 0, 0, 0, 0, 0, 0, 0, 0, 0, 0, 0, 0, 0, 0, 0, 0, 0, 0, 0, 0, 0, 0, 0, 0, 0, 0, 0, 0, 0, 0, 0, 0, 0, 0, 0, 0, 0, 0, 0, 0, 0, 0, 0, 0, 0, 0, 0, 0, 0], sim_time_start=63290000, sim_time_end=63440000)
INFO cocotb:  63450.00ns INFO     cocotb.axi_dma.s_axis_write_data   TX frame: AxiStreamFrame(tdata=bytearray(b'\x00\x01\x02\x03\x04\x05\x06\x07\x08\t\n\x0b\x0c\r\x0e\x0f\x10\x11\x12\x13\x14\x15\x16\x17\x18\x19\x1a\x1b\x1c\x1d\x1e\x1f !"#$%&\'()*+,-./0123456789:;<=>?'), tkeep=None, tid=42, tdest=None, tuser=None, sim_time_start=63450000, sim_time_end=None)
INFO cocotb:  63470.00ns INFO     cocotb.axi_dma.m_axi               Write burst awid: 0x0 awaddr: 0x00008000 awlen: 15 awsize: 2 awprot: 2
INFO cocotb:  63710.00ns INFO     cocotb.axi_dma.m_axi               Read burst arid: 0x0 araddr: 0x00000000 arlen: 15 arsize: 2 arprot: 2
INFO cocotb:  63850.00ns INFO     cocotb.axi_dma.m_axi               Read burst arid: 0x0 araddr: 0x00001000 arlen: 15 arsize: 2 arprot: 2
INFO cocotb:  63900.00ns INFO     cocotb.axi_dma.m_axis_read_data    RX frame: AxiStreamFrame(tdata=bytearray(b'\x00\x01\x02\x03\x04\x05\x06\x07\x08\t\n\x0b\x0c\r\x0e\x0f\x10\x11\x12\x13\x14\x15\x16\x17\x18\x19\x1a\x1b\x1c\x1d\x1e\x1f !"#$%&\'()*+,-./0123456789:;<=>?'), tkeep=[1, 1, 1, 1, 1, 1, 1, 1, 1, 1, 1, 1, 1, 1, 1, 1, 1, 1, 1, 1, 1, 1, 1, 1, 1, 1, 1, 1, 1, 1, 1, 1, 1, 1, 1, 1, 1, 1, 1, 1, 1, 1, 1, 1, 1, 1, 1, 1, 1, 1, 1, 1, 1, 1, 1, 1, 1, 1, 1, 1, 1, 1, 1, 1], tid=[0, 0, 0, 0, 0, 0, 0, 0, 0, 0, 0, 0, 0, 0, 0, 0, 0, 0, 0, 0, 0, 0, 0, 0, 0, 0, 0, 0, 0, 0, 0, 0, 0, 0, 0, 0, 0, 0, 0, 0, 0, 0, 0, 0, 0, 0, 0, 0, 0, 0, 0, 0, 0, 0, 0, 0, 0, 0, 0, 0, 0, 0, 0, 0], tdest=[0, 0, 0, 0, 0, 0, 0, 0, 0, 0, 0, 0, 0, 0, 0, 0, 0, 0, 0, 0, 0, 0, 0, 0, 0, 0, 0, 0, 0, 0, 0, 0, 0, 0, 0, 0, 0, 0, 0, 0, 0, 0, 0, 0, 0, 0, 0, 0, 0, 0, 0, 0, 0, 0, 0, 0, 0, 0, 0, 0, 0, 0, 0, 0], tuser=[0, 0, 0, 0, 0, 0, 0, 0, 0, 0, 0, 0, 0, 0, 0, 0, 0, 0, 0, 0, 0, 0, 0, 0, 0, 0, 0, 0, 0, 0, 0, 0, 0, 0, 0, 0, 0, 0, 0, 0, 0, 0, 0, 0, 0, 0, 0, 0, 0, 0, 0, 0, 0, 0, 0, 0, 0, 0, 0, 0, 0, 0, 0, 0], sim_time_start=63750000, sim_time_end=63900000)
INFO cocotb:  63910.00ns INFO     cocotb.axi_dma.s_axis_write_data   TX frame: AxiStreamFrame(tdata=bytearray(b'\x00\x01\x02\x03\x04\x05\x06\x07\x08\t\n\x0b\x0c\r\x0e\x0f\x10\x11\x12\x13\x14\x15\x16\x17\x18\x19\x1a\x1b\x1c\x1d\x1e\x1f !"#$%&\'()*+,-./0123456789:;<=>?'), tkeep=None, tid=43, tdest=None, tuser=None, sim_time_start=63910000, sim_time_end=None)
INFO cocotb:  63930.00ns INFO     cocotb.axi_dma.m_axi               Write burst awid: 0x0 awaddr: 0x00008000 awlen: 15 awsize: 2 awprot: 2
INFO cocotb:  64020.00ns INFO     cocotb.axi_dma.m_axi               Read burst arid: 0x0 araddr: 0x00002000 arlen: 15 arsize: 2 arprot: 2
INFO cocotb:  64070.00ns INFO     cocotb.axi_dma.m_axis_read_data    RX frame: AxiStreamFrame(tdata=bytearray(b'\x00\x01\x02\x03\x04\x05\x06\x07\x08\t\n\x0b\x0c\r\x0e\x0f\x10\x11\x12\x13\x14\x15\x16\x17\x18\x19\x1a\x1b\x1c\x1d\x1e\x1f !"#$%&\'()*+,-./0123456789:;<=>?'), tkeep=[1, 1, 1, 1, 1, 1, 1, 1, 1, 1, 1, 1, 1, 1, 1, 1, 1, 1, 1, 1, 1, 1, 1, 1, 1, 1, 1, 1, 1, 1, 1, 1, 1, 1, 1, 1, 1, 1, 1, 1, 1, 1, 1, 1, 1, 1, 1, 1, 1, 1, 1, 1, 1, 1, 1, 1, 1, 1, 1, 1, 1, 1, 1, 1], tid=[0, 0, 0, 0, 0, 0, 0, 0, 0, 0, 0, 0, 0, 0, 0, 0, 0, 0, 0, 0, 0, 0, 0, 0, 0, 0, 0, 0, 0, 0, 0, 0, 0, 0, 0, 0, 0, 0, 0, 0, 0, 0, 0, 0, 0, 0, 0, 0, 0, 0, 0, 0, 0, 0, 0, 0, 0, 0, 0, 0, 0, 0, 0, 0], tdest=[0, 0, 0, 0, 0, 0, 0, 0, 0, 0, 0, 0, 0, 0, 0, 0, 0, 0, 0, 0, 0, 0, 0, 0, 0, 0, 0, 0, 0, 0, 0, 0, 0, 0, 0, 0, 0, 0, 0, 0, 0, 0, 0, 0, 0, 0, 0, 0, 0, 0, 0, 0, 0, 0, 0, 0, 0, 0, 0, 0, 0, 0, 0, 0], tuser=[0, 0, 0, 0, 0, 0, 0, 0, 0, 0, 0, 0, 0, 0, 0, 0, 0, 0, 0, 0, 0, 0, 0, 0, 0, 0, 0, 0, 0, 0, 0, 0, 0, 0, 0, 0, 0, 0, 0, 0, 0, 0, 0, 0, 0, 0, 0, 0, 0, 0, 0, 0, 0, 0, 0, 0, 0, 0, 0, 0, 0, 0, 0, 0], sim_time_start=63920000, sim_time_end=64070000)
INFO cocotb:  64080.00ns INFO     cocotb.axi_dma.s_axis_write_data   TX frame: AxiStreamFrame(tdata=bytearray(b'\x00\x01\x02\x03\x04\x05\x06\x07\x08\t\n\x0b\x0c\r\x0e\x0f\x10\x11\x12\x13\x14\x15\x16\x17\x18\x19\x1a\x1b\x1c\x1d\x1e\x1f !"#$%&\'()*+,-./0123456789:;<=>?'), tkeep=None, tid=44, tdest=None, tuser=None, sim_time_start=64080000, sim_time_end=None)
INFO cocotb:  64110.00ns INFO     cocotb.axi_dma.m_axi               Write burst awid: 0x0 awaddr: 0x00009000 awlen: 15 awsize: 2 awprot: 2
INFO cocotb:  64190.00ns INFO     cocotb.axi_dma.m_axi               Read burst arid: 0x0 araddr: 0x00003000 arlen: 15 arsize: 2 arprot: 2
INFO cocotb:  64240.00ns INFO     cocotb.axi_dma.m_axis_read_data    RX frame: AxiStreamFrame(tdata=bytearray(b'\x00\x01\x02\x03\x04\x05\x06\x07\x08\t\n\x0b\x0c\r\x0e\x0f\x10\x11\x12\x13\x14\x15\x16\x17\x18\x19\x1a\x1b\x1c\x1d\x1e\x1f !"#$%&\'()*+,-./0123456789:;<=>?'), tkeep=[1, 1, 1, 1, 1, 1, 1, 1, 1, 1, 1, 1, 1, 1, 1, 1, 1, 1, 1, 1, 1, 1, 1, 1, 1, 1, 1, 1, 1, 1, 1, 1, 1, 1, 1, 1, 1, 1, 1, 1, 1, 1, 1, 1, 1, 1, 1, 1, 1, 1, 1, 1, 1, 1, 1, 1, 1, 1, 1, 1, 1, 1, 1, 1], tid=[0, 0, 0, 0, 0, 0, 0, 0, 0, 0, 0, 0, 0, 0, 0, 0, 0, 0, 0, 0, 0, 0, 0, 0, 0, 0, 0, 0, 0, 0, 0, 0, 0, 0, 0, 0, 0, 0, 0, 0, 0, 0, 0, 0, 0, 0, 0, 0, 0, 0, 0, 0, 0, 0, 0, 0, 0, 0, 0, 0, 0, 0, 0, 0], tdest=[0, 0, 0, 0, 0, 0, 0, 0, 0, 0, 0, 0, 0, 0, 0, 0, 0, 0, 0, 0, 0, 0, 0, 0, 0, 0, 0, 0, 0, 0, 0, 0, 0, 0, 0, 0, 0, 0, 0, 0, 0, 0, 0, 0, 0, 0, 0, 0, 0, 0, 0, 0, 0, 0, 0, 0, 0, 0, 0, 0, 0, 0, 0, 0], tuser=[0, 0, 0, 0, 0, 0, 0, 0, 0, 0, 0, 0, 0, 0, 0, 0, 0, 0, 0, 0, 0, 0, 0, 0, 0, 0, 0, 0, 0, 0, 0, 0, 0, 0, 0, 0, 0, 0, 0, 0, 0, 0, 0, 0, 0, 0, 0, 0, 0, 0, 0, 0, 0, 0, 0, 0, 0, 0, 0, 0, 0, 0, 0, 0], sim_time_start=64090000, sim_time_end=64240000)
INFO cocotb:  64260.00ns INFO     cocotb.axi_dma.s_axis_write_data   TX frame: AxiStreamFrame(tdata=bytearray(b'\x00\x01\x02\x03\x04\x05\x06\x07\x08\t\n\x0b\x0c\r\x0e\x0f\x10\x11\x12\x13\x14\x15\x16\x17\x18\x19\x1a\x1b\x1c\x1d\x1e\x1f !"#$%&\'()*+,-./0123456789:;<=>?'), tkeep=None, tid=45, tdest=None, tuser=None, sim_time_start=64260000, sim_time_end=None)
INFO cocotb:  64290.00ns INFO     cocotb.axi_dma.m_axi               Write burst awid: 0x0 awaddr: 0x0000a000 awlen: 15 awsize: 2 awprot: 2
INFO cocotb:  64360.00ns INFO     cocotb.axi_dma.m_axi               Read burst arid: 0x0 araddr: 0x00004000 arlen: 15 arsize: 2 arprot: 2
INFO cocotb:  64410.00ns INFO     cocotb.axi_dma.m_axis_read_data    RX frame: AxiStreamFrame(tdata=bytearray(b'\x00\x01\x02\x03\x04\x05\x06\x07\x08\t\n\x0b\x0c\r\x0e\x0f\x10\x11\x12\x13\x14\x15\x16\x17\x18\x19\x1a\x1b\x1c\x1d\x1e\x1f !"#$%&\'()*+,-./0123456789:;<=>?'), tkeep=[1, 1, 1, 1, 1, 1, 1, 1, 1, 1, 1, 1, 1, 1, 1, 1, 1, 1, 1, 1, 1, 1, 1, 1, 1, 1, 1, 1, 1, 1, 1, 1, 1, 1, 1, 1, 1, 1, 1, 1, 1, 1, 1, 1, 1, 1, 1, 1, 1, 1, 1, 1, 1, 1, 1, 1, 1, 1, 1, 1, 1, 1, 1, 1], tid=[0, 0, 0, 0, 0, 0, 0, 0, 0, 0, 0, 0, 0, 0, 0, 0, 0, 0, 0, 0, 0, 0, 0, 0, 0, 0, 0, 0, 0, 0, 0, 0, 0, 0, 0, 0, 0, 0, 0, 0, 0, 0, 0, 0, 0, 0, 0, 0, 0, 0, 0, 0, 0, 0, 0, 0, 0, 0, 0, 0, 0, 0, 0, 0], tdest=[0, 0, 0, 0, 0, 0, 0, 0, 0, 0, 0, 0, 0, 0, 0, 0, 0, 0, 0, 0, 0, 0, 0, 0, 0, 0, 0, 0, 0, 0, 0, 0, 0, 0, 0, 0, 0, 0, 0, 0, 0, 0, 0, 0, 0, 0, 0, 0, 0, 0, 0, 0, 0, 0, 0, 0, 0, 0, 0, 0, 0, 0, 0, 0], tuser=[0, 0, 0, 0, 0, 0, 0, 0, 0, 0, 0, 0, 0, 0, 0, 0, 0, 0, 0, 0, 0, 0, 0, 0, 0, 0, 0, 0, 0, 0, 0, 0, 0, 0, 0, 0, 0, 0, 0, 0, 0, 0, 0, 0, 0, 0, 0, 0, 0, 0, 0, 0, 0, 0, 0, 0, 0, 0, 0, 0, 0, 0, 0, 0], sim_time_start=64260000, sim_time_end=64410000)
INFO cocotb:  64440.00ns INFO     cocotb.axi_dma.s_axis_write_data   TX frame: AxiStreamFrame(tdata=bytearray(b'\x00\x01\x02\x03\x04\x05\x06\x07\x08\t\n\x0b\x0c\r\x0e\x0f\x10\x11\x12\x13\x14\x15\x16\x17\x18\x19\x1a\x1b\x1c\x1d\x1e\x1f !"#$%&\'()*+,-./0123456789:;<=>?'), tkeep=None, tid=46, tdest=None, tuser=None, sim_time_start=64440000, sim_time_end=None)
INFO cocotb:  64470.00ns INFO     cocotb.axi_dma.m_axi               Write burst awid: 0x0 awaddr: 0x0000b000 awlen: 15 awsize: 2 awprot: 2
INFO cocotb:  64530.00ns INFO     cocotb.axi_dma.m_axi               Read burst arid: 0x0 araddr: 0x00005000 arlen: 15 arsize: 2 arprot: 2
INFO cocotb:  64580.00ns INFO     cocotb.axi_dma.m_axis_read_data    RX frame: AxiStreamFrame(tdata=bytearray(b'\x00\x01\x02\x03\x04\x05\x06\x07\x08\t\n\x0b\x0c\r\x0e\x0f\x10\x11\x12\x13\x14\x15\x16\x17\x18\x19\x1a\x1b\x1c\x1d\x1e\x1f !"#$%&\'()*+,-./0123456789:;<=>?'), tkeep=[1, 1, 1, 1, 1, 1, 1, 1, 1, 1, 1, 1, 1, 1, 1, 1, 1, 1, 1, 1, 1, 1, 1, 1, 1, 1, 1, 1, 1, 1, 1, 1, 1, 1, 1, 1, 1, 1, 1, 1, 1, 1, 1, 1, 1, 1, 1, 1, 1, 1, 1, 1, 1, 1, 1, 1, 1, 1, 1, 1, 1, 1, 1, 1], tid=[0, 0, 0, 0, 0, 0, 0, 0, 0, 0, 0, 0, 0, 0, 0, 0, 0, 0, 0, 0, 0, 0, 0, 0, 0, 0, 0, 0, 0, 0, 0, 0, 0, 0, 0, 0, 0, 0, 0, 0, 0, 0, 0, 0, 0, 0, 0, 0, 0, 0, 0, 0, 0, 0, 0, 0, 0, 0, 0, 0, 0, 0, 0, 0], tdest=[0, 0, 0, 0, 0, 0, 0, 0, 0, 0, 0, 0, 0, 0, 0, 0, 0, 0, 0, 0, 0, 0, 0, 0, 0, 0, 0, 0, 0, 0, 0, 0, 0, 0, 0, 0, 0, 0, 0, 0, 0, 0, 0, 0, 0, 0, 0, 0, 0, 0, 0, 0, 0, 0, 0, 0, 0, 0, 0, 0, 0, 0, 0, 0], tuser=[0, 0, 0, 0, 0, 0, 0, 0, 0, 0, 0, 0, 0, 0, 0, 0, 0, 0, 0, 0, 0, 0, 0, 0, 0, 0, 0, 0, 0, 0, 0, 0, 0, 0, 0, 0, 0, 0, 0, 0, 0, 0, 0, 0, 0, 0, 0, 0, 0, 0, 0, 0, 0, 0, 0, 0, 0, 0, 0, 0, 0, 0, 0, 0], sim_time_start=64430000, sim_time_end=64580000)
INFO cocotb:  64620.00ns INFO     cocotb.axi_dma.s_axis_write_data   TX frame: AxiStreamFrame(tdata=bytearray(b'\x00\x01\x02\x03\x04\x05\x06\x07\x08\t\n\x0b\x0c\r\x0e\x0f\x10\x11\x12\x13\x14\x15\x16\x17\x18\x19\x1a\x1b\x1c\x1d\x1e\x1f !"#$%&\'()*+,-./0123456789:;<=>?'), tkeep=None, tid=47, tdest=None, tuser=None, sim_time_start=64620000, sim_time_end=None)
INFO cocotb:  64650.00ns INFO     cocotb.axi_dma.m_axi               Write burst awid: 0x0 awaddr: 0x0000c000 awlen: 15 awsize: 2 awprot: 2
INFO cocotb:  64700.00ns INFO     cocotb.axi_dma.m_axi               Read burst arid: 0x0 araddr: 0x00006000 arlen: 15 arsize: 2 arprot: 2
INFO cocotb:  64750.00ns INFO     cocotb.axi_dma.m_axis_read_data    RX frame: AxiStreamFrame(tdata=bytearray(b'\x00\x01\x02\x03\x04\x05\x06\x07\x08\t\n\x0b\x0c\r\x0e\x0f\x10\x11\x12\x13\x14\x15\x16\x17\x18\x19\x1a\x1b\x1c\x1d\x1e\x1f !"#$%&\'()*+,-./0123456789:;<=>?'), tkeep=[1, 1, 1, 1, 1, 1, 1, 1, 1, 1, 1, 1, 1, 1, 1, 1, 1, 1, 1, 1, 1, 1, 1, 1, 1, 1, 1, 1, 1, 1, 1, 1, 1, 1, 1, 1, 1, 1, 1, 1, 1, 1, 1, 1, 1, 1, 1, 1, 1, 1, 1, 1, 1, 1, 1, 1, 1, 1, 1, 1, 1, 1, 1, 1], tid=[0, 0, 0, 0, 0, 0, 0, 0, 0, 0, 0, 0, 0, 0, 0, 0, 0, 0, 0, 0, 0, 0, 0, 0, 0, 0, 0, 0, 0, 0, 0, 0, 0, 0, 0, 0, 0, 0, 0, 0, 0, 0, 0, 0, 0, 0, 0, 0, 0, 0, 0, 0, 0, 0, 0, 0, 0, 0, 0, 0, 0, 0, 0, 0], tdest=[0, 0, 0, 0, 0, 0, 0, 0, 0, 0, 0, 0, 0, 0, 0, 0, 0, 0, 0, 0, 0, 0, 0, 0, 0, 0, 0, 0, 0, 0, 0, 0, 0, 0, 0, 0, 0, 0, 0, 0, 0, 0, 0, 0, 0, 0, 0, 0, 0, 0, 0, 0, 0, 0, 0, 0, 0, 0, 0, 0, 0, 0, 0, 0], tuser=[0, 0, 0, 0, 0, 0, 0, 0, 0, 0, 0, 0, 0, 0, 0, 0, 0, 0, 0, 0, 0, 0, 0, 0, 0, 0, 0, 0, 0, 0, 0, 0, 0, 0, 0, 0, 0, 0, 0, 0, 0, 0, 0, 0, 0, 0, 0, 0, 0, 0, 0, 0, 0, 0, 0, 0, 0, 0, 0, 0, 0, 0, 0, 0], sim_time_start=64600000, sim_time_end=64750000)
INFO cocotb:  64800.00ns INFO     cocotb.axi_dma.s_axis_write_data   TX frame: AxiStreamFrame(tdata=bytearray(b'\x00\x01\x02\x03\x04\x05\x06\x07\x08\t\n\x0b\x0c\r\x0e\x0f\x10\x11\x12\x13\x14\x15\x16\x17\x18\x19\x1a\x1b\x1c\x1d\x1e\x1f !"#$%&\'()*+,-./0123456789:;<=>?'), tkeep=None, tid=48, tdest=None, tuser=None, sim_time_start=64800000, sim_time_end=None)
INFO cocotb:  64830.00ns INFO     cocotb.axi_dma.m_axi               Write burst awid: 0x0 awaddr: 0x0000d000 awlen: 15 awsize: 2 awprot: 2
INFO cocotb:  64870.00ns INFO     cocotb.axi_dma.m_axi               Read burst arid: 0x0 araddr: 0x00007000 arlen: 15 arsize: 2 arprot: 2
INFO cocotb:  64920.00ns INFO     cocotb.axi_dma.m_axis_read_data    RX frame: AxiStreamFrame(tdata=bytearray(b'\x00\x01\x02\x03\x04\x05\x06\x07\x08\t\n\x0b\x0c\r\x0e\x0f\x10\x11\x12\x13\x14\x15\x16\x17\x18\x19\x1a\x1b\x1c\x1d\x1e\x1f !"#$%&\'()*+,-./0123456789:;<=>?'), tkeep=[1, 1, 1, 1, 1, 1, 1, 1, 1, 1, 1, 1, 1, 1, 1, 1, 1, 1, 1, 1, 1, 1, 1, 1, 1, 1, 1, 1, 1, 1, 1, 1, 1, 1, 1, 1, 1, 1, 1, 1, 1, 1, 1, 1, 1, 1, 1, 1, 1, 1, 1, 1, 1, 1, 1, 1, 1, 1, 1, 1, 1, 1, 1, 1], tid=[0, 0, 0, 0, 0, 0, 0, 0, 0, 0, 0, 0, 0, 0, 0, 0, 0, 0, 0, 0, 0, 0, 0, 0, 0, 0, 0, 0, 0, 0, 0, 0, 0, 0, 0, 0, 0, 0, 0, 0, 0, 0, 0, 0, 0, 0, 0, 0, 0, 0, 0, 0, 0, 0, 0, 0, 0, 0, 0, 0, 0, 0, 0, 0], tdest=[0, 0, 0, 0, 0, 0, 0, 0, 0, 0, 0, 0, 0, 0, 0, 0, 0, 0, 0, 0, 0, 0, 0, 0, 0, 0, 0, 0, 0, 0, 0, 0, 0, 0, 0, 0, 0, 0, 0, 0, 0, 0, 0, 0, 0, 0, 0, 0, 0, 0, 0, 0, 0, 0, 0, 0, 0, 0, 0, 0, 0, 0, 0, 0], tuser=[0, 0, 0, 0, 0, 0, 0, 0, 0, 0, 0, 0, 0, 0, 0, 0, 0, 0, 0, 0, 0, 0, 0, 0, 0, 0, 0, 0, 0, 0, 0, 0, 0, 0, 0, 0, 0, 0, 0, 0, 0, 0, 0, 0, 0, 0, 0, 0, 0, 0, 0, 0, 0, 0, 0, 0, 0, 0, 0, 0, 0, 0, 0, 0], sim_time_start=64770000, sim_time_end=64920000)
INFO cocotb:  64980.00ns INFO     cocotb.axi_dma.s_axis_write_data   TX frame: AxiStreamFrame(tdata=bytearray(b'\x00\x01\x02\x03\x04\x05\x06\x07\x08\t\n\x0b\x0c\r\x0e\x0f\x10\x11\x12\x13\x14\x15\x16\x17\x18\x19\x1a\x1b\x1c\x1d\x1e\x1f !"#$%&\'()*+,-./0123456789:;<=>?'), tkeep=None, tid=49, tdest=None, tuser=None, sim_time_start=64980000, sim_time_end=None)
INFO cocotb:  65010.00ns INFO     cocotb.axi_dma.m_axi               Write burst awid: 0x0 awaddr: 0x0000e000 awlen: 15 awsize: 2 awprot: 2
INFO cocotb:  65090.00ns INFO     cocotb.axi_dma.m_axis_read_data    RX frame: AxiStreamFrame(tdata=bytearray(b'\x00\x01\x02\x03\x04\x05\x06\x07\x08\t\n\x0b\x0c\r\x0e\x0f\x10\x11\x12\x13\x14\x15\x16\x17\x18\x19\x1a\x1b\x1c\x1d\x1e\x1f !"#$%&\'()*+,-./0123456789:;<=>?'), tkeep=[1, 1, 1, 1, 1, 1, 1, 1, 1, 1, 1, 1, 1, 1, 1, 1, 1, 1, 1, 1, 1, 1, 1, 1, 1, 1, 1, 1, 1, 1, 1, 1, 1, 1, 1, 1, 1, 1, 1, 1, 1, 1, 1, 1, 1, 1, 1, 1, 1, 1, 1, 1, 1, 1, 1, 1, 1, 1, 1, 1, 1, 1, 1, 1], tid=[0, 0, 0, 0, 0, 0, 0, 0, 0, 0, 0, 0, 0, 0, 0, 0, 0, 0, 0, 0, 0, 0, 0, 0, 0, 0, 0, 0, 0, 0, 0, 0, 0, 0, 0, 0, 0, 0, 0, 0, 0, 0, 0, 0, 0, 0, 0, 0, 0, 0, 0, 0, 0, 0, 0, 0, 0, 0, 0, 0, 0, 0, 0, 0], tdest=[0, 0, 0, 0, 0, 0, 0, 0, 0, 0, 0, 0, 0, 0, 0, 0, 0, 0, 0, 0, 0, 0, 0, 0, 0, 0, 0, 0, 0, 0, 0, 0, 0, 0, 0, 0, 0, 0, 0, 0, 0, 0, 0, 0, 0, 0, 0, 0, 0, 0, 0, 0, 0, 0, 0, 0, 0, 0, 0, 0, 0, 0, 0, 0], tuser=[0, 0, 0, 0, 0, 0, 0, 0, 0, 0, 0, 0, 0, 0, 0, 0, 0, 0, 0, 0, 0, 0, 0, 0, 0, 0, 0, 0, 0, 0, 0, 0, 0, 0, 0, 0, 0, 0, 0, 0, 0, 0, 0, 0, 0, 0, 0, 0, 0, 0, 0, 0, 0, 0, 0, 0, 0, 0, 0, 0, 0, 0, 0, 0], sim_time_start=64940000, sim_time_end=65090000)
INFO cocotb:  65160.00ns INFO     cocotb.axi_dma.s_axis_write_data   TX frame: AxiStreamFrame(tdata=bytearray(b'\x00\x01\x02\x03\x04\x05\x06\x07\x08\t\n\x0b\x0c\r\x0e\x0f\x10\x11\x12\x13\x14\x15\x16\x17\x18\x19\x1a\x1b\x1c\x1d\x1e\x1f !"#$%&\'()*+,-./0123456789:;<=>?'), tkeep=None, tid=50, tdest=None, tuser=None, sim_time_start=65160000, sim_time_end=None)
INFO cocotb:  65190.00ns INFO     cocotb.axi_dma.m_axi               Write burst awid: 0x0 awaddr: 0x0000f000 awlen: 15 awsize: 2 awprot: 2
INFO cocotb:  65430.00ns INFO     cocotb.axi_dma.m_axi               Read burst arid: 0x0 araddr: 0x00000000 arlen: 15 arsize: 2 arprot: 2
INFO cocotb:  65570.00ns INFO     cocotb.axi_dma.m_axi               Read burst arid: 0x0 araddr: 0x00001000 arlen: 15 arsize: 2 arprot: 2
INFO cocotb:  65620.00ns INFO     cocotb.axi_dma.m_axis_read_data    RX frame: AxiStreamFrame(tdata=bytearray(b'\x00\x01\x02\x03\x04\x05\x06\x07\x08\t\n\x0b\x0c\r\x0e\x0f\x10\x11\x12\x13\x14\x15\x16\x17\x18\x19\x1a\x1b\x1c\x1d\x1e\x1f !"#$%&\'()*+,-./0123456789:;<=>?'), tkeep=[1, 1, 1, 1, 1, 1, 1, 1, 1, 1, 1, 1, 1, 1, 1, 1, 1, 1, 1, 1, 1, 1, 1, 1, 1, 1, 1, 1, 1, 1, 1, 1, 1, 1, 1, 1, 1, 1, 1, 1, 1, 1, 1, 1, 1, 1, 1, 1, 1, 1, 1, 1, 1, 1, 1, 1, 1, 1, 1, 1, 1, 1, 1, 1], tid=[0, 0, 0, 0, 0, 0, 0, 0, 0, 0, 0, 0, 0, 0, 0, 0, 0, 0, 0, 0, 0, 0, 0, 0, 0, 0, 0, 0, 0, 0, 0, 0, 0, 0, 0, 0, 0, 0, 0, 0, 0, 0, 0, 0, 0, 0, 0, 0, 0, 0, 0, 0, 0, 0, 0, 0, 0, 0, 0, 0, 0, 0, 0, 0], tdest=[0, 0, 0, 0, 0, 0, 0, 0, 0, 0, 0, 0, 0, 0, 0, 0, 0, 0, 0, 0, 0, 0, 0, 0, 0, 0, 0, 0, 0, 0, 0, 0, 0, 0, 0, 0, 0, 0, 0, 0, 0, 0, 0, 0, 0, 0, 0, 0, 0, 0, 0, 0, 0, 0, 0, 0, 0, 0, 0, 0, 0, 0, 0, 0], tuser=[0, 0, 0, 0, 0, 0, 0, 0, 0, 0, 0, 0, 0, 0, 0, 0, 0, 0, 0, 0, 0, 0, 0, 0, 0, 0, 0, 0, 0, 0, 0, 0, 0, 0, 0, 0, 0, 0, 0, 0, 0, 0, 0, 0, 0, 0, 0, 0, 0, 0, 0, 0, 0, 0, 0, 0, 0, 0, 0, 0, 0, 0, 0, 0], sim_time_start=65470000, sim_time_end=65620000)
INFO cocotb:  65630.00ns INFO     cocotb.axi_dma.s_axis_write_data   TX frame: AxiStreamFrame(tdata=bytearray(b'\x00\x01\x02\x03\x04\x05\x06\x07\x08\t\n\x0b\x0c\r\x0e\x0f\x10\x11\x12\x13\x14\x15\x16\x17\x18\x19\x1a\x1b\x1c\x1d\x1e\x1f !"#$%&\'()*+,-./0123456789:;<=>?'), tkeep=None, tid=51, tdest=None, tuser=None, sim_time_start=65630000, sim_time_end=None)
INFO cocotb:  65650.00ns INFO     cocotb.axi_dma.m_axi               Write burst awid: 0x0 awaddr: 0x00008000 awlen: 15 awsize: 2 awprot: 2
INFO cocotb:  65740.00ns INFO     cocotb.axi_dma.m_axi               Read burst arid: 0x0 araddr: 0x00002000 arlen: 15 arsize: 2 arprot: 2
INFO cocotb:  65790.00ns INFO     cocotb.axi_dma.m_axis_read_data    RX frame: AxiStreamFrame(tdata=bytearray(b'\x00\x01\x02\x03\x04\x05\x06\x07\x08\t\n\x0b\x0c\r\x0e\x0f\x10\x11\x12\x13\x14\x15\x16\x17\x18\x19\x1a\x1b\x1c\x1d\x1e\x1f !"#$%&\'()*+,-./0123456789:;<=>?'), tkeep=[1, 1, 1, 1, 1, 1, 1, 1, 1, 1, 1, 1, 1, 1, 1, 1, 1, 1, 1, 1, 1, 1, 1, 1, 1, 1, 1, 1, 1, 1, 1, 1, 1, 1, 1, 1, 1, 1, 1, 1, 1, 1, 1, 1, 1, 1, 1, 1, 1, 1, 1, 1, 1, 1, 1, 1, 1, 1, 1, 1, 1, 1, 1, 1], tid=[0, 0, 0, 0, 0, 0, 0, 0, 0, 0, 0, 0, 0, 0, 0, 0, 0, 0, 0, 0, 0, 0, 0, 0, 0, 0, 0, 0, 0, 0, 0, 0, 0, 0, 0, 0, 0, 0, 0, 0, 0, 0, 0, 0, 0, 0, 0, 0, 0, 0, 0, 0, 0, 0, 0, 0, 0, 0, 0, 0, 0, 0, 0, 0], tdest=[0, 0, 0, 0, 0, 0, 0, 0, 0, 0, 0, 0, 0, 0, 0, 0, 0, 0, 0, 0, 0, 0, 0, 0, 0, 0, 0, 0, 0, 0, 0, 0, 0, 0, 0, 0, 0, 0, 0, 0, 0, 0, 0, 0, 0, 0, 0, 0, 0, 0, 0, 0, 0, 0, 0, 0, 0, 0, 0, 0, 0, 0, 0, 0], tuser=[0, 0, 0, 0, 0, 0, 0, 0, 0, 0, 0, 0, 0, 0, 0, 0, 0, 0, 0, 0, 0, 0, 0, 0, 0, 0, 0, 0, 0, 0, 0, 0, 0, 0, 0, 0, 0, 0, 0, 0, 0, 0, 0, 0, 0, 0, 0, 0, 0, 0, 0, 0, 0, 0, 0, 0, 0, 0, 0, 0, 0, 0, 0, 0], sim_time_start=65640000, sim_time_end=65790000)
INFO cocotb:  65800.00ns INFO     cocotb.axi_dma.s_axis_write_data   TX frame: AxiStreamFrame(tdata=bytearray(b'\x00\x01\x02\x03\x04\x05\x06\x07\x08\t\n\x0b\x0c\r\x0e\x0f\x10\x11\x12\x13\x14\x15\x16\x17\x18\x19\x1a\x1b\x1c\x1d\x1e\x1f !"#$%&\'()*+,-./0123456789:;<=>?'), tkeep=None, tid=52, tdest=None, tuser=None, sim_time_start=65800000, sim_time_end=None)
INFO cocotb:  65830.00ns INFO     cocotb.axi_dma.m_axi               Write burst awid: 0x0 awaddr: 0x00009000 awlen: 15 awsize: 2 awprot: 2
INFO cocotb:  65910.00ns INFO     cocotb.axi_dma.m_axi               Read burst arid: 0x0 araddr: 0x00003000 arlen: 15 arsize: 2 arprot: 2
INFO cocotb:  65960.00ns INFO     cocotb.axi_dma.m_axis_read_data    RX frame: AxiStreamFrame(tdata=bytearray(b'\x00\x01\x02\x03\x04\x05\x06\x07\x08\t\n\x0b\x0c\r\x0e\x0f\x10\x11\x12\x13\x14\x15\x16\x17\x18\x19\x1a\x1b\x1c\x1d\x1e\x1f !"#$%&\'()*+,-./0123456789:;<=>?'), tkeep=[1, 1, 1, 1, 1, 1, 1, 1, 1, 1, 1, 1, 1, 1, 1, 1, 1, 1, 1, 1, 1, 1, 1, 1, 1, 1, 1, 1, 1, 1, 1, 1, 1, 1, 1, 1, 1, 1, 1, 1, 1, 1, 1, 1, 1, 1, 1, 1, 1, 1, 1, 1, 1, 1, 1, 1, 1, 1, 1, 1, 1, 1, 1, 1], tid=[0, 0, 0, 0, 0, 0, 0, 0, 0, 0, 0, 0, 0, 0, 0, 0, 0, 0, 0, 0, 0, 0, 0, 0, 0, 0, 0, 0, 0, 0, 0, 0, 0, 0, 0, 0, 0, 0, 0, 0, 0, 0, 0, 0, 0, 0, 0, 0, 0, 0, 0, 0, 0, 0, 0, 0, 0, 0, 0, 0, 0, 0, 0, 0], tdest=[0, 0, 0, 0, 0, 0, 0, 0, 0, 0, 0, 0, 0, 0, 0, 0, 0, 0, 0, 0, 0, 0, 0, 0, 0, 0, 0, 0, 0, 0, 0, 0, 0, 0, 0, 0, 0, 0, 0, 0, 0, 0, 0, 0, 0, 0, 0, 0, 0, 0, 0, 0, 0, 0, 0, 0, 0, 0, 0, 0, 0, 0, 0, 0], tuser=[0, 0, 0, 0, 0, 0, 0, 0, 0, 0, 0, 0, 0, 0, 0, 0, 0, 0, 0, 0, 0, 0, 0, 0, 0, 0, 0, 0, 0, 0, 0, 0, 0, 0, 0, 0, 0, 0, 0, 0, 0, 0, 0, 0, 0, 0, 0, 0, 0, 0, 0, 0, 0, 0, 0, 0, 0, 0, 0, 0, 0, 0, 0, 0], sim_time_start=65810000, sim_time_end=65960000)
INFO cocotb:  65980.00ns INFO     cocotb.axi_dma.s_axis_write_data   TX frame: AxiStreamFrame(tdata=bytearray(b'\x00\x01\x02\x03\x04\x05\x06\x07\x08\t\n\x0b\x0c\r\x0e\x0f\x10\x11\x12\x13\x14\x15\x16\x17\x18\x19\x1a\x1b\x1c\x1d\x1e\x1f !"#$%&\'()*+,-./0123456789:;<=>?'), tkeep=None, tid=53, tdest=None, tuser=None, sim_time_start=65980000, sim_time_end=None)
INFO cocotb:  66010.00ns INFO     cocotb.axi_dma.m_axi               Write burst awid: 0x0 awaddr: 0x0000a000 awlen: 15 awsize: 2 awprot: 2
INFO cocotb:  66130.00ns INFO     cocotb.axi_dma.m_axis_read_data    RX frame: AxiStreamFrame(tdata=bytearray(b'\x00\x01\x02\x03\x04\x05\x06\x07\x08\t\n\x0b\x0c\r\x0e\x0f\x10\x11\x12\x13\x14\x15\x16\x17\x18\x19\x1a\x1b\x1c\x1d\x1e\x1f !"#$%&\'()*+,-./0123456789:;<=>?'), tkeep=[1, 1, 1, 1, 1, 1, 1, 1, 1, 1, 1, 1, 1, 1, 1, 1, 1, 1, 1, 1, 1, 1, 1, 1, 1, 1, 1, 1, 1, 1, 1, 1, 1, 1, 1, 1, 1, 1, 1, 1, 1, 1, 1, 1, 1, 1, 1, 1, 1, 1, 1, 1, 1, 1, 1, 1, 1, 1, 1, 1, 1, 1, 1, 1], tid=[0, 0, 0, 0, 0, 0, 0, 0, 0, 0, 0, 0, 0, 0, 0, 0, 0, 0, 0, 0, 0, 0, 0, 0, 0, 0, 0, 0, 0, 0, 0, 0, 0, 0, 0, 0, 0, 0, 0, 0, 0, 0, 0, 0, 0, 0, 0, 0, 0, 0, 0, 0, 0, 0, 0, 0, 0, 0, 0, 0, 0, 0, 0, 0], tdest=[0, 0, 0, 0, 0, 0, 0, 0, 0, 0, 0, 0, 0, 0, 0, 0, 0, 0, 0, 0, 0, 0, 0, 0, 0, 0, 0, 0, 0, 0, 0, 0, 0, 0, 0, 0, 0, 0, 0, 0, 0, 0, 0, 0, 0, 0, 0, 0, 0, 0, 0, 0, 0, 0, 0, 0, 0, 0, 0, 0, 0, 0, 0, 0], tuser=[0, 0, 0, 0, 0, 0, 0, 0, 0, 0, 0, 0, 0, 0, 0, 0, 0, 0, 0, 0, 0, 0, 0, 0, 0, 0, 0, 0, 0, 0, 0, 0, 0, 0, 0, 0, 0, 0, 0, 0, 0, 0, 0, 0, 0, 0, 0, 0, 0, 0, 0, 0, 0, 0, 0, 0, 0, 0, 0, 0, 0, 0, 0, 0], sim_time_start=65980000, sim_time_end=66130000)
INFO cocotb:  66160.00ns INFO     cocotb.axi_dma.s_axis_write_data   TX frame: AxiStreamFrame(tdata=bytearray(b'\x00\x01\x02\x03\x04\x05\x06\x07\x08\t\n\x0b\x0c\r\x0e\x0f\x10\x11\x12\x13\x14\x15\x16\x17\x18\x19\x1a\x1b\x1c\x1d\x1e\x1f !"#$%&\'()*+,-./0123456789:;<=>?'), tkeep=None, tid=54, tdest=None, tuser=None, sim_time_start=66160000, sim_time_end=None)
INFO cocotb:  66190.00ns INFO     cocotb.axi_dma.m_axi               Write burst awid: 0x0 awaddr: 0x0000b000 awlen: 15 awsize: 2 awprot: 2
INFO cocotb:  66430.00ns INFO     cocotb.axi_dma.m_axi               Read burst arid: 0x0 araddr: 0x00000000 arlen: 15 arsize: 2 arprot: 2
INFO cocotb:  66570.00ns INFO     cocotb.axi_dma.m_axi               Read burst arid: 0x0 araddr: 0x00001000 arlen: 15 arsize: 2 arprot: 2
INFO cocotb:  66620.00ns INFO     cocotb.axi_dma.m_axis_read_data    RX frame: AxiStreamFrame(tdata=bytearray(b'\x00\x01\x02\x03\x04\x05\x06\x07\x08\t\n\x0b\x0c\r\x0e\x0f\x10\x11\x12\x13\x14\x15\x16\x17\x18\x19\x1a\x1b\x1c\x1d\x1e\x1f !"#$%&\'()*+,-./0123456789:;<=>?'), tkeep=[1, 1, 1, 1, 1, 1, 1, 1, 1, 1, 1, 1, 1, 1, 1, 1, 1, 1, 1, 1, 1, 1, 1, 1, 1, 1, 1, 1, 1, 1, 1, 1, 1, 1, 1, 1, 1, 1, 1, 1, 1, 1, 1, 1, 1, 1, 1, 1, 1, 1, 1, 1, 1, 1, 1, 1, 1, 1, 1, 1, 1, 1, 1, 1], tid=[0, 0, 0, 0, 0, 0, 0, 0, 0, 0, 0, 0, 0, 0, 0, 0, 0, 0, 0, 0, 0, 0, 0, 0, 0, 0, 0, 0, 0, 0, 0, 0, 0, 0, 0, 0, 0, 0, 0, 0, 0, 0, 0, 0, 0, 0, 0, 0, 0, 0, 0, 0, 0, 0, 0, 0, 0, 0, 0, 0, 0, 0, 0, 0], tdest=[0, 0, 0, 0, 0, 0, 0, 0, 0, 0, 0, 0, 0, 0, 0, 0, 0, 0, 0, 0, 0, 0, 0, 0, 0, 0, 0, 0, 0, 0, 0, 0, 0, 0, 0, 0, 0, 0, 0, 0, 0, 0, 0, 0, 0, 0, 0, 0, 0, 0, 0, 0, 0, 0, 0, 0, 0, 0, 0, 0, 0, 0, 0, 0], tuser=[0, 0, 0, 0, 0, 0, 0, 0, 0, 0, 0, 0, 0, 0, 0, 0, 0, 0, 0, 0, 0, 0, 0, 0, 0, 0, 0, 0, 0, 0, 0, 0, 0, 0, 0, 0, 0, 0, 0, 0, 0, 0, 0, 0, 0, 0, 0, 0, 0, 0, 0, 0, 0, 0, 0, 0, 0, 0, 0, 0, 0, 0, 0, 0], sim_time_start=66470000, sim_time_end=66620000)
INFO cocotb:  66630.00ns INFO     cocotb.axi_dma.s_axis_write_data   TX frame: AxiStreamFrame(tdata=bytearray(b'\x00\x01\x02\x03\x04\x05\x06\x07\x08\t\n\x0b\x0c\r\x0e\x0f\x10\x11\x12\x13\x14\x15\x16\x17\x18\x19\x1a\x1b\x1c\x1d\x1e\x1f !"#$%&\'()*+,-./0123456789:;<=>?'), tkeep=None, tid=55, tdest=None, tuser=None, sim_time_start=66630000, sim_time_end=None)
INFO cocotb:  66650.00ns INFO     cocotb.axi_dma.m_axi               Write burst awid: 0x0 awaddr: 0x00008000 awlen: 15 awsize: 2 awprot: 2
INFO cocotb:  66740.00ns INFO     cocotb.axi_dma.m_axi               Read burst arid: 0x0 araddr: 0x00002000 arlen: 15 arsize: 2 arprot: 2
INFO cocotb:  66790.00ns INFO     cocotb.axi_dma.m_axis_read_data    RX frame: AxiStreamFrame(tdata=bytearray(b'\x00\x01\x02\x03\x04\x05\x06\x07\x08\t\n\x0b\x0c\r\x0e\x0f\x10\x11\x12\x13\x14\x15\x16\x17\x18\x19\x1a\x1b\x1c\x1d\x1e\x1f !"#$%&\'()*+,-./0123456789:;<=>?'), tkeep=[1, 1, 1, 1, 1, 1, 1, 1, 1, 1, 1, 1, 1, 1, 1, 1, 1, 1, 1, 1, 1, 1, 1, 1, 1, 1, 1, 1, 1, 1, 1, 1, 1, 1, 1, 1, 1, 1, 1, 1, 1, 1, 1, 1, 1, 1, 1, 1, 1, 1, 1, 1, 1, 1, 1, 1, 1, 1, 1, 1, 1, 1, 1, 1], tid=[0, 0, 0, 0, 0, 0, 0, 0, 0, 0, 0, 0, 0, 0, 0, 0, 0, 0, 0, 0, 0, 0, 0, 0, 0, 0, 0, 0, 0, 0, 0, 0, 0, 0, 0, 0, 0, 0, 0, 0, 0, 0, 0, 0, 0, 0, 0, 0, 0, 0, 0, 0, 0, 0, 0, 0, 0, 0, 0, 0, 0, 0, 0, 0], tdest=[0, 0, 0, 0, 0, 0, 0, 0, 0, 0, 0, 0, 0, 0, 0, 0, 0, 0, 0, 0, 0, 0, 0, 0, 0, 0, 0, 0, 0, 0, 0, 0, 0, 0, 0, 0, 0, 0, 0, 0, 0, 0, 0, 0, 0, 0, 0, 0, 0, 0, 0, 0, 0, 0, 0, 0, 0, 0, 0, 0, 0, 0, 0, 0], tuser=[0, 0, 0, 0, 0, 0, 0, 0, 0, 0, 0, 0, 0, 0, 0, 0, 0, 0, 0, 0, 0, 0, 0, 0, 0, 0, 0, 0, 0, 0, 0, 0, 0, 0, 0, 0, 0, 0, 0, 0, 0, 0, 0, 0, 0, 0, 0, 0, 0, 0, 0, 0, 0, 0, 0, 0, 0, 0, 0, 0, 0, 0, 0, 0], sim_time_start=66640000, sim_time_end=66790000)
INFO cocotb:  66800.00ns INFO     cocotb.axi_dma.s_axis_write_data   TX frame: AxiStreamFrame(tdata=bytearray(b'\x00\x01\x02\x03\x04\x05\x06\x07\x08\t\n\x0b\x0c\r\x0e\x0f\x10\x11\x12\x13\x14\x15\x16\x17\x18\x19\x1a\x1b\x1c\x1d\x1e\x1f !"#$%&\'()*+,-./0123456789:;<=>?'), tkeep=None, tid=56, tdest=None, tuser=None, sim_time_start=66800000, sim_time_end=None)
INFO cocotb:  66830.00ns INFO     cocotb.axi_dma.m_axi               Write burst awid: 0x0 awaddr: 0x00009000 awlen: 15 awsize: 2 awprot: 2
INFO cocotb:  66910.00ns INFO     cocotb.axi_dma.m_axi               Read burst arid: 0x0 araddr: 0x00003000 arlen: 15 arsize: 2 arprot: 2
INFO cocotb:  66960.00ns INFO     cocotb.axi_dma.m_axis_read_data    RX frame: AxiStreamFrame(tdata=bytearray(b'\x00\x01\x02\x03\x04\x05\x06\x07\x08\t\n\x0b\x0c\r\x0e\x0f\x10\x11\x12\x13\x14\x15\x16\x17\x18\x19\x1a\x1b\x1c\x1d\x1e\x1f !"#$%&\'()*+,-./0123456789:;<=>?'), tkeep=[1, 1, 1, 1, 1, 1, 1, 1, 1, 1, 1, 1, 1, 1, 1, 1, 1, 1, 1, 1, 1, 1, 1, 1, 1, 1, 1, 1, 1, 1, 1, 1, 1, 1, 1, 1, 1, 1, 1, 1, 1, 1, 1, 1, 1, 1, 1, 1, 1, 1, 1, 1, 1, 1, 1, 1, 1, 1, 1, 1, 1, 1, 1, 1], tid=[0, 0, 0, 0, 0, 0, 0, 0, 0, 0, 0, 0, 0, 0, 0, 0, 0, 0, 0, 0, 0, 0, 0, 0, 0, 0, 0, 0, 0, 0, 0, 0, 0, 0, 0, 0, 0, 0, 0, 0, 0, 0, 0, 0, 0, 0, 0, 0, 0, 0, 0, 0, 0, 0, 0, 0, 0, 0, 0, 0, 0, 0, 0, 0], tdest=[0, 0, 0, 0, 0, 0, 0, 0, 0, 0, 0, 0, 0, 0, 0, 0, 0, 0, 0, 0, 0, 0, 0, 0, 0, 0, 0, 0, 0, 0, 0, 0, 0, 0, 0, 0, 0, 0, 0, 0, 0, 0, 0, 0, 0, 0, 0, 0, 0, 0, 0, 0, 0, 0, 0, 0, 0, 0, 0, 0, 0, 0, 0, 0], tuser=[0, 0, 0, 0, 0, 0, 0, 0, 0, 0, 0, 0, 0, 0, 0, 0, 0, 0, 0, 0, 0, 0, 0, 0, 0, 0, 0, 0, 0, 0, 0, 0, 0, 0, 0, 0, 0, 0, 0, 0, 0, 0, 0, 0, 0, 0, 0, 0, 0, 0, 0, 0, 0, 0, 0, 0, 0, 0, 0, 0, 0, 0, 0, 0], sim_time_start=66810000, sim_time_end=66960000)
INFO cocotb:  66980.00ns INFO     cocotb.axi_dma.s_axis_write_data   TX frame: AxiStreamFrame(tdata=bytearray(b'\x00\x01\x02\x03\x04\x05\x06\x07\x08\t\n\x0b\x0c\r\x0e\x0f\x10\x11\x12\x13\x14\x15\x16\x17\x18\x19\x1a\x1b\x1c\x1d\x1e\x1f !"#$%&\'()*+,-./0123456789:;<=>?'), tkeep=None, tid=57, tdest=None, tuser=None, sim_time_start=66980000, sim_time_end=None)
INFO cocotb:  67010.00ns INFO     cocotb.axi_dma.m_axi               Write burst awid: 0x0 awaddr: 0x0000a000 awlen: 15 awsize: 2 awprot: 2
INFO cocotb:  67080.00ns INFO     cocotb.axi_dma.m_axi               Read burst arid: 0x0 araddr: 0x00004000 arlen: 15 arsize: 2 arprot: 2
INFO cocotb:  67130.00ns INFO     cocotb.axi_dma.m_axis_read_data    RX frame: AxiStreamFrame(tdata=bytearray(b'\x00\x01\x02\x03\x04\x05\x06\x07\x08\t\n\x0b\x0c\r\x0e\x0f\x10\x11\x12\x13\x14\x15\x16\x17\x18\x19\x1a\x1b\x1c\x1d\x1e\x1f !"#$%&\'()*+,-./0123456789:;<=>?'), tkeep=[1, 1, 1, 1, 1, 1, 1, 1, 1, 1, 1, 1, 1, 1, 1, 1, 1, 1, 1, 1, 1, 1, 1, 1, 1, 1, 1, 1, 1, 1, 1, 1, 1, 1, 1, 1, 1, 1, 1, 1, 1, 1, 1, 1, 1, 1, 1, 1, 1, 1, 1, 1, 1, 1, 1, 1, 1, 1, 1, 1, 1, 1, 1, 1], tid=[0, 0, 0, 0, 0, 0, 0, 0, 0, 0, 0, 0, 0, 0, 0, 0, 0, 0, 0, 0, 0, 0, 0, 0, 0, 0, 0, 0, 0, 0, 0, 0, 0, 0, 0, 0, 0, 0, 0, 0, 0, 0, 0, 0, 0, 0, 0, 0, 0, 0, 0, 0, 0, 0, 0, 0, 0, 0, 0, 0, 0, 0, 0, 0], tdest=[0, 0, 0, 0, 0, 0, 0, 0, 0, 0, 0, 0, 0, 0, 0, 0, 0, 0, 0, 0, 0, 0, 0, 0, 0, 0, 0, 0, 0, 0, 0, 0, 0, 0, 0, 0, 0, 0, 0, 0, 0, 0, 0, 0, 0, 0, 0, 0, 0, 0, 0, 0, 0, 0, 0, 0, 0, 0, 0, 0, 0, 0, 0, 0], tuser=[0, 0, 0, 0, 0, 0, 0, 0, 0, 0, 0, 0, 0, 0, 0, 0, 0, 0, 0, 0, 0, 0, 0, 0, 0, 0, 0, 0, 0, 0, 0, 0, 0, 0, 0, 0, 0, 0, 0, 0, 0, 0, 0, 0, 0, 0, 0, 0, 0, 0, 0, 0, 0, 0, 0, 0, 0, 0, 0, 0, 0, 0, 0, 0], sim_time_start=66980000, sim_time_end=67130000)
INFO cocotb:  67160.00ns INFO     cocotb.axi_dma.s_axis_write_data   TX frame: AxiStreamFrame(tdata=bytearray(b'\x00\x01\x02\x03\x04\x05\x06\x07\x08\t\n\x0b\x0c\r\x0e\x0f\x10\x11\x12\x13\x14\x15\x16\x17\x18\x19\x1a\x1b\x1c\x1d\x1e\x1f !"#$%&\'()*+,-./0123456789:;<=>?'), tkeep=None, tid=58, tdest=None, tuser=None, sim_time_start=67160000, sim_time_end=None)
INFO cocotb:  67190.00ns INFO     cocotb.axi_dma.m_axi               Write burst awid: 0x0 awaddr: 0x0000b000 awlen: 15 awsize: 2 awprot: 2
INFO cocotb:  67250.00ns INFO     cocotb.axi_dma.m_axi               Read burst arid: 0x0 araddr: 0x00005000 arlen: 15 arsize: 2 arprot: 2
INFO cocotb:  67300.00ns INFO     cocotb.axi_dma.m_axis_read_data    RX frame: AxiStreamFrame(tdata=bytearray(b'\x00\x01\x02\x03\x04\x05\x06\x07\x08\t\n\x0b\x0c\r\x0e\x0f\x10\x11\x12\x13\x14\x15\x16\x17\x18\x19\x1a\x1b\x1c\x1d\x1e\x1f !"#$%&\'()*+,-./0123456789:;<=>?'), tkeep=[1, 1, 1, 1, 1, 1, 1, 1, 1, 1, 1, 1, 1, 1, 1, 1, 1, 1, 1, 1, 1, 1, 1, 1, 1, 1, 1, 1, 1, 1, 1, 1, 1, 1, 1, 1, 1, 1, 1, 1, 1, 1, 1, 1, 1, 1, 1, 1, 1, 1, 1, 1, 1, 1, 1, 1, 1, 1, 1, 1, 1, 1, 1, 1], tid=[0, 0, 0, 0, 0, 0, 0, 0, 0, 0, 0, 0, 0, 0, 0, 0, 0, 0, 0, 0, 0, 0, 0, 0, 0, 0, 0, 0, 0, 0, 0, 0, 0, 0, 0, 0, 0, 0, 0, 0, 0, 0, 0, 0, 0, 0, 0, 0, 0, 0, 0, 0, 0, 0, 0, 0, 0, 0, 0, 0, 0, 0, 0, 0], tdest=[0, 0, 0, 0, 0, 0, 0, 0, 0, 0, 0, 0, 0, 0, 0, 0, 0, 0, 0, 0, 0, 0, 0, 0, 0, 0, 0, 0, 0, 0, 0, 0, 0, 0, 0, 0, 0, 0, 0, 0, 0, 0, 0, 0, 0, 0, 0, 0, 0, 0, 0, 0, 0, 0, 0, 0, 0, 0, 0, 0, 0, 0, 0, 0], tuser=[0, 0, 0, 0, 0, 0, 0, 0, 0, 0, 0, 0, 0, 0, 0, 0, 0, 0, 0, 0, 0, 0, 0, 0, 0, 0, 0, 0, 0, 0, 0, 0, 0, 0, 0, 0, 0, 0, 0, 0, 0, 0, 0, 0, 0, 0, 0, 0, 0, 0, 0, 0, 0, 0, 0, 0, 0, 0, 0, 0, 0, 0, 0, 0], sim_time_start=67150000, sim_time_end=67300000)
INFO cocotb:  67340.00ns INFO     cocotb.axi_dma.s_axis_write_data   TX frame: AxiStreamFrame(tdata=bytearray(b'\x00\x01\x02\x03\x04\x05\x06\x07\x08\t\n\x0b\x0c\r\x0e\x0f\x10\x11\x12\x13\x14\x15\x16\x17\x18\x19\x1a\x1b\x1c\x1d\x1e\x1f !"#$%&\'()*+,-./0123456789:;<=>?'), tkeep=None, tid=59, tdest=None, tuser=None, sim_time_start=67340000, sim_time_end=None)
INFO cocotb:  67370.00ns INFO     cocotb.axi_dma.m_axi               Write burst awid: 0x0 awaddr: 0x0000c000 awlen: 15 awsize: 2 awprot: 2
INFO cocotb:  67420.00ns INFO     cocotb.axi_dma.m_axi               Read burst arid: 0x0 araddr: 0x00006000 arlen: 15 arsize: 2 arprot: 2
INFO cocotb:  67470.00ns INFO     cocotb.axi_dma.m_axis_read_data    RX frame: AxiStreamFrame(tdata=bytearray(b'\x00\x01\x02\x03\x04\x05\x06\x07\x08\t\n\x0b\x0c\r\x0e\x0f\x10\x11\x12\x13\x14\x15\x16\x17\x18\x19\x1a\x1b\x1c\x1d\x1e\x1f !"#$%&\'()*+,-./0123456789:;<=>?'), tkeep=[1, 1, 1, 1, 1, 1, 1, 1, 1, 1, 1, 1, 1, 1, 1, 1, 1, 1, 1, 1, 1, 1, 1, 1, 1, 1, 1, 1, 1, 1, 1, 1, 1, 1, 1, 1, 1, 1, 1, 1, 1, 1, 1, 1, 1, 1, 1, 1, 1, 1, 1, 1, 1, 1, 1, 1, 1, 1, 1, 1, 1, 1, 1, 1], tid=[0, 0, 0, 0, 0, 0, 0, 0, 0, 0, 0, 0, 0, 0, 0, 0, 0, 0, 0, 0, 0, 0, 0, 0, 0, 0, 0, 0, 0, 0, 0, 0, 0, 0, 0, 0, 0, 0, 0, 0, 0, 0, 0, 0, 0, 0, 0, 0, 0, 0, 0, 0, 0, 0, 0, 0, 0, 0, 0, 0, 0, 0, 0, 0], tdest=[0, 0, 0, 0, 0, 0, 0, 0, 0, 0, 0, 0, 0, 0, 0, 0, 0, 0, 0, 0, 0, 0, 0, 0, 0, 0, 0, 0, 0, 0, 0, 0, 0, 0, 0, 0, 0, 0, 0, 0, 0, 0, 0, 0, 0, 0, 0, 0, 0, 0, 0, 0, 0, 0, 0, 0, 0, 0, 0, 0, 0, 0, 0, 0], tuser=[0, 0, 0, 0, 0, 0, 0, 0, 0, 0, 0, 0, 0, 0, 0, 0, 0, 0, 0, 0, 0, 0, 0, 0, 0, 0, 0, 0, 0, 0, 0, 0, 0, 0, 0, 0, 0, 0, 0, 0, 0, 0, 0, 0, 0, 0, 0, 0, 0, 0, 0, 0, 0, 0, 0, 0, 0, 0, 0, 0, 0, 0, 0, 0], sim_time_start=67320000, sim_time_end=67470000)
INFO cocotb:  67520.00ns INFO     cocotb.axi_dma.s_axis_write_data   TX frame: AxiStreamFrame(tdata=bytearray(b'\x00\x01\x02\x03\x04\x05\x06\x07\x08\t\n\x0b\x0c\r\x0e\x0f\x10\x11\x12\x13\x14\x15\x16\x17\x18\x19\x1a\x1b\x1c\x1d\x1e\x1f !"#$%&\'()*+,-./0123456789:;<=>?'), tkeep=None, tid=60, tdest=None, tuser=None, sim_time_start=67520000, sim_time_end=None)
INFO cocotb:  67550.00ns INFO     cocotb.axi_dma.m_axi               Write burst awid: 0x0 awaddr: 0x0000d000 awlen: 15 awsize: 2 awprot: 2
INFO cocotb:  67590.00ns INFO     cocotb.axi_dma.m_axi               Read burst arid: 0x0 araddr: 0x00007000 arlen: 15 arsize: 2 arprot: 2
INFO cocotb:  67640.00ns INFO     cocotb.axi_dma.m_axis_read_data    RX frame: AxiStreamFrame(tdata=bytearray(b'\x00\x01\x02\x03\x04\x05\x06\x07\x08\t\n\x0b\x0c\r\x0e\x0f\x10\x11\x12\x13\x14\x15\x16\x17\x18\x19\x1a\x1b\x1c\x1d\x1e\x1f !"#$%&\'()*+,-./0123456789:;<=>?'), tkeep=[1, 1, 1, 1, 1, 1, 1, 1, 1, 1, 1, 1, 1, 1, 1, 1, 1, 1, 1, 1, 1, 1, 1, 1, 1, 1, 1, 1, 1, 1, 1, 1, 1, 1, 1, 1, 1, 1, 1, 1, 1, 1, 1, 1, 1, 1, 1, 1, 1, 1, 1, 1, 1, 1, 1, 1, 1, 1, 1, 1, 1, 1, 1, 1], tid=[0, 0, 0, 0, 0, 0, 0, 0, 0, 0, 0, 0, 0, 0, 0, 0, 0, 0, 0, 0, 0, 0, 0, 0, 0, 0, 0, 0, 0, 0, 0, 0, 0, 0, 0, 0, 0, 0, 0, 0, 0, 0, 0, 0, 0, 0, 0, 0, 0, 0, 0, 0, 0, 0, 0, 0, 0, 0, 0, 0, 0, 0, 0, 0], tdest=[0, 0, 0, 0, 0, 0, 0, 0, 0, 0, 0, 0, 0, 0, 0, 0, 0, 0, 0, 0, 0, 0, 0, 0, 0, 0, 0, 0, 0, 0, 0, 0, 0, 0, 0, 0, 0, 0, 0, 0, 0, 0, 0, 0, 0, 0, 0, 0, 0, 0, 0, 0, 0, 0, 0, 0, 0, 0, 0, 0, 0, 0, 0, 0], tuser=[0, 0, 0, 0, 0, 0, 0, 0, 0, 0, 0, 0, 0, 0, 0, 0, 0, 0, 0, 0, 0, 0, 0, 0, 0, 0, 0, 0, 0, 0, 0, 0, 0, 0, 0, 0, 0, 0, 0, 0, 0, 0, 0, 0, 0, 0, 0, 0, 0, 0, 0, 0, 0, 0, 0, 0, 0, 0, 0, 0, 0, 0, 0, 0], sim_time_start=67490000, sim_time_end=67640000)
INFO cocotb:  67700.00ns INFO     cocotb.axi_dma.s_axis_write_data   TX frame: AxiStreamFrame(tdata=bytearray(b'\x00\x01\x02\x03\x04\x05\x06\x07\x08\t\n\x0b\x0c\r\x0e\x0f\x10\x11\x12\x13\x14\x15\x16\x17\x18\x19\x1a\x1b\x1c\x1d\x1e\x1f !"#$%&\'()*+,-./0123456789:;<=>?'), tkeep=None, tid=61, tdest=None, tuser=None, sim_time_start=67700000, sim_time_end=None)
INFO cocotb:  67730.00ns INFO     cocotb.axi_dma.m_axi               Write burst awid: 0x0 awaddr: 0x0000e000 awlen: 15 awsize: 2 awprot: 2
INFO cocotb:  67810.00ns INFO     cocotb.axi_dma.m_axis_read_data    RX frame: AxiStreamFrame(tdata=bytearray(b'\x00\x01\x02\x03\x04\x05\x06\x07\x08\t\n\x0b\x0c\r\x0e\x0f\x10\x11\x12\x13\x14\x15\x16\x17\x18\x19\x1a\x1b\x1c\x1d\x1e\x1f !"#$%&\'()*+,-./0123456789:;<=>?'), tkeep=[1, 1, 1, 1, 1, 1, 1, 1, 1, 1, 1, 1, 1, 1, 1, 1, 1, 1, 1, 1, 1, 1, 1, 1, 1, 1, 1, 1, 1, 1, 1, 1, 1, 1, 1, 1, 1, 1, 1, 1, 1, 1, 1, 1, 1, 1, 1, 1, 1, 1, 1, 1, 1, 1, 1, 1, 1, 1, 1, 1, 1, 1, 1, 1], tid=[0, 0, 0, 0, 0, 0, 0, 0, 0, 0, 0, 0, 0, 0, 0, 0, 0, 0, 0, 0, 0, 0, 0, 0, 0, 0, 0, 0, 0, 0, 0, 0, 0, 0, 0, 0, 0, 0, 0, 0, 0, 0, 0, 0, 0, 0, 0, 0, 0, 0, 0, 0, 0, 0, 0, 0, 0, 0, 0, 0, 0, 0, 0, 0], tdest=[0, 0, 0, 0, 0, 0, 0, 0, 0, 0, 0, 0, 0, 0, 0, 0, 0, 0, 0, 0, 0, 0, 0, 0, 0, 0, 0, 0, 0, 0, 0, 0, 0, 0, 0, 0, 0, 0, 0, 0, 0, 0, 0, 0, 0, 0, 0, 0, 0, 0, 0, 0, 0, 0, 0, 0, 0, 0, 0, 0, 0, 0, 0, 0], tuser=[0, 0, 0, 0, 0, 0, 0, 0, 0, 0, 0, 0, 0, 0, 0, 0, 0, 0, 0, 0, 0, 0, 0, 0, 0, 0, 0, 0, 0, 0, 0, 0, 0, 0, 0, 0, 0, 0, 0, 0, 0, 0, 0, 0, 0, 0, 0, 0, 0, 0, 0, 0, 0, 0, 0, 0, 0, 0, 0, 0, 0, 0, 0, 0], sim_time_start=67660000, sim_time_end=67810000)
INFO cocotb:  67880.00ns INFO     cocotb.axi_dma.s_axis_write_data   TX frame: AxiStreamFrame(tdata=bytearray(b'\x00\x01\x02\x03\x04\x05\x06\x07\x08\t\n\x0b\x0c\r\x0e\x0f\x10\x11\x12\x13\x14\x15\x16\x17\x18\x19\x1a\x1b\x1c\x1d\x1e\x1f !"#$%&\'()*+,-./0123456789:;<=>?'), tkeep=None, tid=62, tdest=None, tuser=None, sim_time_start=67880000, sim_time_end=None)
INFO cocotb:  67910.00ns INFO     cocotb.axi_dma.m_axi               Write burst awid: 0x0 awaddr: 0x0000f000 awlen: 15 awsize: 2 awprot: 2
INFO cocotb:  68150.00ns INFO     cocotb.axi_dma.m_axi               Read burst arid: 0x0 araddr: 0x00000000 arlen: 15 arsize: 2 arprot: 2
INFO cocotb:  68290.00ns INFO     cocotb.axi_dma.m_axi               Read burst arid: 0x0 araddr: 0x00001000 arlen: 15 arsize: 2 arprot: 2
INFO cocotb:  68340.00ns INFO     cocotb.axi_dma.m_axis_read_data    RX frame: AxiStreamFrame(tdata=bytearray(b'\x00\x01\x02\x03\x04\x05\x06\x07\x08\t\n\x0b\x0c\r\x0e\x0f\x10\x11\x12\x13\x14\x15\x16\x17\x18\x19\x1a\x1b\x1c\x1d\x1e\x1f !"#$%&\'()*+,-./0123456789:;<=>?'), tkeep=[1, 1, 1, 1, 1, 1, 1, 1, 1, 1, 1, 1, 1, 1, 1, 1, 1, 1, 1, 1, 1, 1, 1, 1, 1, 1, 1, 1, 1, 1, 1, 1, 1, 1, 1, 1, 1, 1, 1, 1, 1, 1, 1, 1, 1, 1, 1, 1, 1, 1, 1, 1, 1, 1, 1, 1, 1, 1, 1, 1, 1, 1, 1, 1], tid=[0, 0, 0, 0, 0, 0, 0, 0, 0, 0, 0, 0, 0, 0, 0, 0, 0, 0, 0, 0, 0, 0, 0, 0, 0, 0, 0, 0, 0, 0, 0, 0, 0, 0, 0, 0, 0, 0, 0, 0, 0, 0, 0, 0, 0, 0, 0, 0, 0, 0, 0, 0, 0, 0, 0, 0, 0, 0, 0, 0, 0, 0, 0, 0], tdest=[0, 0, 0, 0, 0, 0, 0, 0, 0, 0, 0, 0, 0, 0, 0, 0, 0, 0, 0, 0, 0, 0, 0, 0, 0, 0, 0, 0, 0, 0, 0, 0, 0, 0, 0, 0, 0, 0, 0, 0, 0, 0, 0, 0, 0, 0, 0, 0, 0, 0, 0, 0, 0, 0, 0, 0, 0, 0, 0, 0, 0, 0, 0, 0], tuser=[0, 0, 0, 0, 0, 0, 0, 0, 0, 0, 0, 0, 0, 0, 0, 0, 0, 0, 0, 0, 0, 0, 0, 0, 0, 0, 0, 0, 0, 0, 0, 0, 0, 0, 0, 0, 0, 0, 0, 0, 0, 0, 0, 0, 0, 0, 0, 0, 0, 0, 0, 0, 0, 0, 0, 0, 0, 0, 0, 0, 0, 0, 0, 0], sim_time_start=68190000, sim_time_end=68340000)
INFO cocotb:  68350.00ns INFO     cocotb.axi_dma.s_axis_write_data   TX frame: AxiStreamFrame(tdata=bytearray(b'\x00\x01\x02\x03\x04\x05\x06\x07\x08\t\n\x0b\x0c\r\x0e\x0f\x10\x11\x12\x13\x14\x15\x16\x17\x18\x19\x1a\x1b\x1c\x1d\x1e\x1f !"#$%&\'()*+,-./0123456789:;<=>?'), tkeep=None, tid=63, tdest=None, tuser=None, sim_time_start=68350000, sim_time_end=None)
INFO cocotb:  68370.00ns INFO     cocotb.axi_dma.m_axi               Write burst awid: 0x0 awaddr: 0x00008000 awlen: 15 awsize: 2 awprot: 2
INFO cocotb:  68510.00ns INFO     cocotb.axi_dma.m_axis_read_data    RX frame: AxiStreamFrame(tdata=bytearray(b'\x00\x01\x02\x03\x04\x05\x06\x07\x08\t\n\x0b\x0c\r\x0e\x0f\x10\x11\x12\x13\x14\x15\x16\x17\x18\x19\x1a\x1b\x1c\x1d\x1e\x1f !"#$%&\'()*+,-./0123456789:;<=>?'), tkeep=[1, 1, 1, 1, 1, 1, 1, 1, 1, 1, 1, 1, 1, 1, 1, 1, 1, 1, 1, 1, 1, 1, 1, 1, 1, 1, 1, 1, 1, 1, 1, 1, 1, 1, 1, 1, 1, 1, 1, 1, 1, 1, 1, 1, 1, 1, 1, 1, 1, 1, 1, 1, 1, 1, 1, 1, 1, 1, 1, 1, 1, 1, 1, 1], tid=[0, 0, 0, 0, 0, 0, 0, 0, 0, 0, 0, 0, 0, 0, 0, 0, 0, 0, 0, 0, 0, 0, 0, 0, 0, 0, 0, 0, 0, 0, 0, 0, 0, 0, 0, 0, 0, 0, 0, 0, 0, 0, 0, 0, 0, 0, 0, 0, 0, 0, 0, 0, 0, 0, 0, 0, 0, 0, 0, 0, 0, 0, 0, 0], tdest=[0, 0, 0, 0, 0, 0, 0, 0, 0, 0, 0, 0, 0, 0, 0, 0, 0, 0, 0, 0, 0, 0, 0, 0, 0, 0, 0, 0, 0, 0, 0, 0, 0, 0, 0, 0, 0, 0, 0, 0, 0, 0, 0, 0, 0, 0, 0, 0, 0, 0, 0, 0, 0, 0, 0, 0, 0, 0, 0, 0, 0, 0, 0, 0], tuser=[0, 0, 0, 0, 0, 0, 0, 0, 0, 0, 0, 0, 0, 0, 0, 0, 0, 0, 0, 0, 0, 0, 0, 0, 0, 0, 0, 0, 0, 0, 0, 0, 0, 0, 0, 0, 0, 0, 0, 0, 0, 0, 0, 0, 0, 0, 0, 0, 0, 0, 0, 0, 0, 0, 0, 0, 0, 0, 0, 0, 0, 0, 0, 0], sim_time_start=68360000, sim_time_end=68510000)
INFO cocotb:  68520.00ns INFO     cocotb.axi_dma.s_axis_write_data   TX frame: AxiStreamFrame(tdata=bytearray(b'\x00\x01\x02\x03\x04\x05\x06\x07\x08\t\n\x0b\x0c\r\x0e\x0f\x10\x11\x12\x13\x14\x15\x16\x17\x18\x19\x1a\x1b\x1c\x1d\x1e\x1f !"#$%&\'()*+,-./0123456789:;<=>?'), tkeep=None, tid=64, tdest=None, tuser=None, sim_time_start=68520000, sim_time_end=None)
INFO cocotb:  68550.00ns INFO     cocotb.axi_dma.m_axi               Write burst awid: 0x0 awaddr: 0x00009000 awlen: 15 awsize: 2 awprot: 2
ERROR cocotb: /home/aman/agcws/third_party/harnesses/axi_dma_pipelined_tb.py:110: FutureWarning: Calling this method will cause a CancelledError to be thrown in the Task sometime in the future.
ERROR cocotb:   watcher.cancel()
INFO cocotb: 120005.00ns INFO     cocotb.axi_dma                     AGCWS_AXI_DMA_PIPELINED_OK transfers=64 max_inflight=4
INFO cocotb: 120005.00ns INFO     cocotb.regression                  run_workload passed
INFO cocotb: 120005.00ns INFO     cocotb.regression                  *******************************************************************************************
INFO cocotb:                                                         ** TEST                               STATUS  SIM TIME (ns)  REAL TIME (s)  RATIO (ns/s) **
INFO cocotb:                                                         *******************************************************************************************
INFO cocotb:                                                         ** axi_dma_pipelined_tb.run_workload   PASS      120005.00          10.02      11980.63  **
INFO cocotb:                                                         *******************************************************************************************
INFO cocotb:                                                         ** TESTS=1 PASS=1 FAIL=0 SKIP=0                  120005.00          13.86       8657.23  **
INFO cocotb:                                                         *******************************************************************************************
INFO cocotb: 
INFO cocotb: FST info: dumpfile axi_dma.fst opened for output.
INFO cocotb: Results file: /home/aman/agcws/out/window-power-v1/references/dma/random_300/gls/sim_build/ov_00n85_results.xml
